depth,network,site_id,n,exact_acc,class_err,kappa
Shallow,USCRN,1005,4847,0.4021043944708067,0.9170621002682071,0.4326949670321192
Shallow,USCRN,1027,4692,0.39279624893435633,0.9190110826939472,0.46786598346647157
Shallow,USCRN,1035,2534,0.3898973954222573,1.000789265982636,0.40999364265507143
Shallow,USCRN,1125,2017,0.3802677243430838,0.9365394149727317,0.516337495462149
Shallow,USCRN,1139,2937,0.3289070480081716,1.1235955056179776,0.28695479102817084
Shallow,USCRN,1142,4234,0.3656117146905999,0.9681152574397732,0.45820702333790514
Shallow,USCRN,1235,2701,0.34542761940022215,1.086264346538319,0.3642471208647432
Shallow,USCRN,1611,2754,0.40885984023238925,0.8779956427015251,0.4766200111909649
Shallow,USCRN,1612,2833,0.3600423579244617,1.0141193081539004,0.3577534687579154
Shallow,UMRB Mesonet,AIDN8,0,NA,NA,NA
Shallow,UMRB Mesonet,BFMS2,0,NA,NA,NA
Shallow,UMRB Mesonet,BLWM8,0,NA,NA,NA
Shallow,UMRB Mesonet,CURN8,0,NA,NA,NA
Shallow,UMRB Mesonet,DKSN8,0,NA,NA,NA
Shallow,UMRB Mesonet,EDGN8,0,NA,NA,NA
Shallow,UMRB Mesonet,MATN8,0,NA,NA,NA
Shallow,SCAN,SCAN:2006,7979,0.3027948364456699,1.2238375736307807,0.28138919605769236
Shallow,SCAN,SCAN:2012,7276,0.26937877954920286,1.5542880703683342,0.23007919712438546
Shallow,SCAN,SCAN:2038,7289,0.35903416106461794,1.0471944025243518,0.44401853972304467
Shallow,SCAN,SCAN:2064,6127,0.3065121592949241,1.3853435612861107,0.223515227728649
Shallow,SCAN,SCAN:2091,6609,0.3177485247389923,1.2289302466333787,0.3296800474026359
Shallow,SCAN,SCAN:2092,6095,0.2679245283018868,1.4930270713699754,0.18382909712750373
Shallow,SCAN,SCAN:2094,6058,0.2561901617695609,1.4839881148894025,0.1958011392439265
Shallow,SCAN,SCAN:2125,4133,0.36293249455601256,1.1700943624485847,0.3046395209022996
Shallow,SCAN,SCAN:2126,3879,0.2552204176334107,1.5241041505542665,0.10150389614164042
Shallow,SCAN,SCAN:2128,4588,0.3594158674803836,1.049694856146469,0.3680370323405923
Shallow,SCAN,SCAN:2147,4032,0.3010912698412698,1.2504960317460319,0.34125729904746094
Shallow,SCAN,SCAN:2149,4288,0.33465485074626866,1.2527985074626866,0.25087344719367083
Shallow,SCAN,SCAN:2152,3735,0.33842034805890225,1.1269076305220884,0.2645474045412371
Shallow,SCAN,SCAN:2169,4391,0.37075836939193807,1.0462309268959236,0.43077723057402556
Shallow,SCAN,SCAN:2173,3591,0.302979671400724,1.4182678919521026,0.22598729118517694
Shallow,SCAN,SCAN:2185,3070,0.2970684039087948,1.26742671009772,0.221516353488741
Shallow,SCAN,SCAN:2189,3366,0.36660724896019015,1.1087344028520498,0.38350018198843283
Shallow,SCAN,SCAN:2197,2207,0.3262347077480743,1.095151789759855,0.3085114717631835
Shallow,SCAN,SCAN:2217,2909,0.2760398762461327,1.4733585424544517,0.25694494420132336
Shallow,SNTL,SNTL:1053,4797,0.3708567854909318,1.1069418386491556,0.2657245355811418
Shallow,SNTL,SNTL:1066,3887,0.3879598662207358,0.9264214046822743,0.3167914533438601
Shallow,SNTL,SNTL:1137,2426,0.36150041220115414,1.1306677658697444,0.24699235263572755
Shallow,SNTL,SNTL:1145,1727,0.37695425593514764,0.9745222929936306,0.4557867507184437
Shallow,SNTL,SNTL:1149,2409,0.30967206309672063,1.2623495226234953,0.30785168774610483
Shallow,SNTL,SNTL:1212,3484,0.39724454649827784,0.9072904707233066,0.45711805434013947
Shallow,SNTL,SNTL:1216,1669,0.3127621330137807,1.206710605152786,0.30249911998878865
Shallow,SNTL,SNTL:1228,1344,0.38913690476190477,0.9873511904761905,0.4067925958809484
Shallow,SNTL,SNTL:1269,1260,0.30793650793650795,1.3222222222222222,0.24382834045629148
Shallow,SNTL,SNTL:1278,135,0.21481481481481482,1.4222222222222223,0.21106949010014456
Shallow,SNTL,SNTL:308,2779,0.2216624685138539,1.7567470313062252,-0.014368177199771374
Shallow,SNTL,SNTL:332,3925,0.3921019108280255,1.0326114649681528,0.3274317909781687
Shallow,SNTL,SNTL:342,2995,0.3095158597662771,1.313856427378965,0.32111552960579254
Shallow,SNTL,SNTL:424,2472,0.3470873786407767,1.213187702265372,0.30199879272365115
Shallow,SNTL,SNTL:481,2525,0.3073267326732673,1.232079207920792,0.3462983874570865
Shallow,SNTL,SNTL:505,1266,0.25908372827804105,1.8830963665086888,-0.010955611538934328
Shallow,SNTL,SNTL:540,3643,0.39445511940708206,0.9626681306615427,0.29502469877818877
Shallow,SNTL,SNTL:582,3733,0.331904634342352,1.2368068577551568,0.2845322330243222
Shallow,SNTL,SNTL:612,3233,0.299721620785648,1.3188988555521188,0.238591544459342
Shallow,SNTL,SNTL:626,3238,0.3554663372452131,1.0861642989499691,0.3485535512446641
Shallow,SNTL,SNTL:643,3695,0.25142083897158324,1.548849797023004,0.0757640743299046
Shallow,SNTL,SNTL:679,0,NA,NA,NA
Shallow,SNTL,SNTL:697,3907,0.25006398771435884,1.510621960583568,0.14558907619474426
Shallow,SNTL,SNTL:714,3023,0.3526298379093616,1.0896460469732054,0.28602368804969697
Shallow,SNTL,SNTL:724,4610,0.29761388286334056,1.4509761388286333,0.020246280916846864
Shallow,SNTL,SNTL:735,2460,0.2556910569105691,1.7073170731707317,0.06949558505772471
Shallow,SNTL,SNTL:746,3464,0.273094688221709,1.3672055427251733,0.2191066544101087
Shallow,SNTL,SNTL:762,2426,0.29348722176422093,1.3800494641384995,0.1861263515155509
Shallow,SNTL,SNTL:803,0,NA,NA,NA
Shallow,SNTL,SNTL:837,0,NA,NA,NA
Shallow,SNTL,SNTL:839,3017,0.3493536625787206,1.1193238316208154,0.28872082137672694
Shallow,SNTL,SNTL:921,2008,0.3431274900398406,1.1339641434262948,0.3502698724703195
Shallow,SNTL,SNTL:922,1115,0.3273542600896861,1.2224215246636772,0.32361419808441005
Shallow,SNTL,SNTL:979,0,NA,NA,NA
Shallow,SNTL,SNTL:985,5219,0.3477677716037555,1.2395094845755892,0.26797512688694397
Shallow,UMRB Mesonet,TTNM8,0,NA,NA,NA
Shallow,UMRB Mesonet,WLLN8,0,NA,NA,NA
Shallow,UMRB Mesonet,WRIS2,0,NA,NA,NA
Shallow,UMRB Mesonet,ZELN8,0,NA,NA,NA
Shallow,USCRN,1013,4725,0.3646560846560847,1.0795767195767196,0.3540137245089493
Shallow,USCRN,1018,3687,0.4147002983455384,0.881475454298888,0.421160888405861
Shallow,USCRN,1024,3705,0.28663967611336033,1.3902834008097167,0.19684125559188717
Shallow,USCRN,1025,2568,0.39330218068535827,0.9396417445482866,0.4775497065383892
Shallow,USCRN,1028,4676,0.36377245508982037,1.083404619332763,0.3436679139699944
Shallow,USCRN,1033,4584,0.4339005235602094,0.8664921465968587,0.4880767287576237
Shallow,USCRN,1068,4134,0.40638606676342526,0.8841315916787615,0.4754602145018707
Shallow,USCRN,1108,3036,0.37681159420289856,1.0279973649538867,0.3023128324899445
Shallow,USCRN,1110,3983,0.3165955310067788,1.2360030128044188,0.3205172865998512
Shallow,USCRN,1111,4807,0.4173080923653006,0.8857915539837736,0.4828016212217166
Shallow,USCRN,1113,3474,0.30569948186528495,1.3278641335636154,0.20433176899888345
Shallow,USCRN,1140,2923,0.37529934998289427,1.0650017105713308,0.3502040657423878
Shallow,USCRN,1447,2622,0.3718535469107552,0.977116704805492,0.4387400770927283
Shallow,USCRN,1468,2553,0.36584410497453973,1.1167254210732471,0.3492801256597372
Shallow,USCRN,1613,4410,0.4170068027210884,0.8965986394557823,0.46201771881159304
Shallow,USCRN,1797,1484,0.3908355795148248,0.933288409703504,0.41015338242639193
Shallow,UMRB Mesonet,BKMS2,0,NA,NA,NA
Shallow,UMRB Mesonet,COOM8,0,NA,NA,NA
Shallow,UMRB Mesonet,HTGN8,0,NA,NA,NA
Shallow,UMRB Mesonet,IGMM8,0,NA,NA,NA
Shallow,UMRB Mesonet,MCIM8,0,NA,NA,NA
Shallow,UMRB Mesonet,MCYM8,0,NA,NA,NA
Shallow,UMRB Mesonet,OILM8,0,NA,NA,NA
Shallow,SCAN,SCAN:2013,7736,0.34772492244053776,1.078335056876939,0.4353302955631773
Shallow,SCAN,SCAN:2016,8467,0.27329632691626315,1.5575764733671902,0.16630341310991695
Shallow,SCAN,SCAN:2032,8143,0.28736337958983177,1.4139751934176594,0.22910356915782448
Shallow,SCAN,SCAN:2047,6556,0.3131482611348383,1.2652532031726662,0.32226109418403637
Shallow,SCAN,SCAN:2048,6318,0.2896486229819563,1.342830009496676,0.21993150122767027
Shallow,SCAN,SCAN:2053,6892,0.3705745792222867,1.0339524085896692,0.3935934909971054
Shallow,SCAN,SCAN:2079,6723,0.3586196638405474,1.0887996430165106,0.31051563907470114
Shallow,SCAN,SCAN:2110,6118,0.2525335076822491,1.5586793069630598,0.1914296206248677
Shallow,SCAN,SCAN:2111,2875,0.26921739130434785,1.5130434782608695,0.10710739562449272
Shallow,SCAN,SCAN:2119,4144,0.3347007722007722,1.1872586872586872,0.2768224401471454
Shallow,SCAN,SCAN:2127,4486,0.29224253232278197,1.3566651805617476,0.24368853497194443
Shallow,SCAN,SCAN:2136,4101,0.31626432577420144,1.1843452816386246,0.2462686266170293
Shallow,SCAN,SCAN:2144,4016,0.37201195219123506,1.0204183266932272,0.33924536283344875
Shallow,SCAN,SCAN:2155,3027,0.31747604889329367,1.176412289395441,0.29376788585178226
Shallow,SCAN,SCAN:2159,4341,0.3347155033402442,1.156185210780926,0.2099580482648014
Shallow,SCAN,SCAN:2160,3239,0.3445507872800247,1.069465884532263,0.37751169982818883
Shallow,SCAN,SCAN:2182,2458,0.3169243287225387,1.1590724165988608,0.32396759909073614
Shallow,SCAN,SCAN:2214,79,0.10126582278481013,1.8860759493670887,0.06639797800396294
Shallow,UMRB Mesonet,SFSS2,0,NA,NA,NA
Shallow,SNTL,SNTL:1099,2360,0.3550847457627119,1.0720338983050848,0.3350359356504545
Shallow,SNTL,SNTL:1214,1936,0.368801652892562,1.1172520661157024,0.21404140805836963
Shallow,SNTL,SNTL:1251,1106,0.22513562386980107,1.7513562386980108,0.05002380191096745
Shallow,SNTL,SNTL:310,4558,0.33062746818780164,1.1965774462483545,0.2137277725182995
Shallow,SNTL,SNTL:337,3164,0.3599873577749684,1.0417193426042983,0.35068824543776184
Shallow,SNTL,SNTL:369,2607,0.20253164556962025,1.8097429996164174,-0.05552861472463933
Shallow,SNTL,SNTL:378,3614,0.35666851134477034,1.1970116214720532,0.28414397931862545
Shallow,SNTL,SNTL:463,4203,0.2157982393528432,2.036164644301689,0.009064381933907864
Shallow,SNTL,SNTL:503,4287,0.33566596687660366,1.2069045952880801,0.3007315953706578
Shallow,SNTL,SNTL:532,1680,0.20654761904761904,1.8672619047619048,0.08544428047277991
Shallow,SNTL,SNTL:541,3241,0.31163221228016047,1.3307621104597347,0.06026875489291462
Shallow,SNTL,SNTL:557,3522,0.3523566155593413,1.1490630323679727,0.27334678376891786
Shallow,SNTL,SNTL:566,1127,0.3220940550133097,1.147293700088731,0.47245553318841366
Shallow,SNTL,SNTL:592,3703,0.387523629489603,0.9970294355927626,0.359749561715058
Shallow,SNTL,SNTL:633,3403,0.335292389068469,1.17660887452248,0.2436412254901079
Shallow,SNTL,SNTL:644,0,NA,NA,NA
Shallow,SNTL,SNTL:682,1474,0.29850746268656714,1.2957937584803256,0.32402222077480863
Shallow,SNTL,SNTL:691,3765,0.3043824701195219,1.2650730411686586,0.24854650925452265
Shallow,SNTL,SNTL:694,3171,0.33427940712708926,1.142226426994639,0.29360738033439265
Shallow,SNTL,SNTL:708,1957,0.32447623914154317,1.519161982626469,0.10510413015999102
Shallow,SNTL,SNTL:723,2582,0.38690937257939584,1.036018590240124,0.367448495219658
Shallow,SNTL,SNTL:732,234,0.2863247863247863,1.3888888888888888,0.5295807007466977
Shallow,SNTL,SNTL:770,2858,0.37788663400979705,1.1301609517144857,0.36925641505665174
Shallow,SNTL,SNTL:771,4198,0.29442591710338256,1.287279656979514,0.2386142803362986
Shallow,SNTL,SNTL:792,677,0.23042836041358936,1.466765140324963,0.35595757125751365
Shallow,SNTL,SNTL:816,1115,0.44035874439461886,0.8995515695067264,0.30566388964298974
Shallow,SNTL,SNTL:831,483,0.3002070393374741,1.2629399585921326,0.3772632501015121
Shallow,SNTL,SNTL:895,2779,0.34148974451241454,1.180280676502339,0.31466979948987905
Shallow,UMRB Mesonet,STRN8,0,NA,NA,NA
Shallow,UMRB Mesonet,UNIS2,0,NA,NA,NA
Shallow,UMRB Mesonet,VGAS2,0,NA,NA,NA
Shallow,USCRN,1001,2457,0.3549043549043549,1.0582010582010581,0.390813994993408
Shallow,USCRN,1021,2579,0.40907328421868944,0.9387359441644048,0.31728376922624296
Shallow,USCRN,1042,3667,0.2885192255249523,1.337060267248432,0.2969632366721068
Shallow,USCRN,1066,3853,0.43784064365429537,0.8956657150272515,0.40831086900035446
Shallow,USCRN,1067,4253,0.3411709381612979,1.1022807430049377,0.35226291601865584
Shallow,USCRN,1114,3382,0.35068007096392667,1.1120638675340035,0.37103319737830576
Shallow,USCRN,1117,3269,0.4340776996023249,0.8115631691648822,0.5361089097360009
Shallow,USCRN,1118,3217,0.41467205470935653,0.9104755983835872,0.45536118310906987
Shallow,USCRN,1119,4921,0.38731965047754524,0.9461491566754725,0.4271506193485255
Shallow,USCRN,1487,2487,0.4234016887816647,0.8661037394451147,0.4516491997906707
Shallow,USCRN,1507,2971,0.3157186132615281,1.2009424436216762,0.3339629852084487
Shallow,USCRN,1508,3798,0.3233280674038968,1.2738283307003686,0.34545003550908193
Shallow,USCRN,1531,4079,0.36528560921794556,1.0693797499387105,0.33040050383636704
Shallow,UMRB Mesonet,CRGN8,0,NA,NA,NA
Shallow,UMRB Mesonet,CSRN8,0,NA,NA,NA
Shallow,UMRB Mesonet,FTUN8,0,NA,NA,NA
Shallow,UMRB Mesonet,HNTM8,0,NA,NA,NA
Shallow,UMRB Mesonet,KEEM8,0,NA,NA,NA
Shallow,UMRB Mesonet,LLAS2,0,NA,NA,NA
Shallow,UMRB Mesonet,MVMS2,0,NA,NA,NA
Shallow,SCAN,SCAN:2002,5388,0.294543429844098,1.3413140311804008,0.29237136372264905
Shallow,SCAN,SCAN:2014,6371,0.35928425678857323,1.0641971433056034,0.3332451010064423
Shallow,SCAN,SCAN:2021,8058,0.2736411020104244,1.4278977413750311,0.1508959991440826
Shallow,SCAN,SCAN:2026,5997,0.4113723528430882,0.9371352342838085,0.44087986230532644
Shallow,SCAN,SCAN:2030,6577,0.4131062794587198,0.8706097004713396,0.4425369317812611
Shallow,SCAN,SCAN:2033,7326,0.28241878241878243,1.4036309036309036,0.2314888495961853
Shallow,SCAN,SCAN:2069,6154,0.28778030549236266,1.5022749431264217,0.2151433189528723
Shallow,SCAN,SCAN:2070,6185,0.3202910266774454,1.288763136620857,0.2524431608339963
Shallow,SCAN,SCAN:2072,4262,0.3235570154856875,1.1888784608165182,0.3270498932489351
Shallow,SCAN,SCAN:2083,6113,0.3968591526255521,0.9520693603795191,0.39384241106269985
Shallow,SCAN,SCAN:2093,5905,0.3850973751058425,0.9932260795935648,0.3639778204057352
Shallow,SCAN,SCAN:2115,5583,0.25308973670069856,1.4468923517821959,0.28954558577406425
Shallow,SCAN,SCAN:2129,4439,0.2671772921829241,1.4537057895922505,0.23990840380097886
Shallow,SCAN,SCAN:2132,4187,0.34105564843563413,1.158347265345116,0.29297920179962683
Shallow,SCAN,SCAN:2145,3457,0.3743129881400058,1.1614116285796934,0.25868329317878525
Shallow,SCAN,SCAN:2146,4989,0.32972539587091604,1.199438765283624,0.2947238427700394
Shallow,SCAN,SCAN:2154,3257,0.30181148295977894,1.2213693583051888,0.3313334846806963
Shallow,SCAN,SCAN:2198,1996,0.3026052104208417,1.377755511022044,0.16044564175007617
Shallow,SCAN,SCAN:2223,0,NA,NA,NA
Shallow,UMRB Mesonet,SHSS2,0,NA,NA,NA
Shallow,UMRB Mesonet,SIYM8,0,NA,NA,NA
Shallow,SNTL,SNTL:1016,5822,0.26897973205084164,1.5084163517691516,0.19663802602111882
Shallow,SNTL,SNTL:1045,5264,0.2395516717325228,1.5606003039513678,0.17768992736495404
Shallow,SNTL,SNTL:1046,2646,0.25056689342403626,1.4588057445200302,0.22547247296550377
Shallow,SNTL,SNTL:1050,3615,0.16791147994467495,1.974273858921162,-0.015995039023826107
Shallow,SNTL,SNTL:1098,2244,0.3502673796791444,1.1011586452762923,0.3761951470609814
Shallow,SNTL,SNTL:1111,3048,0.37860892388451445,1.0551181102362204,0.3673499245417583
Shallow,SNTL,SNTL:1112,2911,0.3294400549639299,1.105118515973892,0.36095844317180165
Shallow,SNTL,SNTL:1139,2279,0.42255375164545855,0.855199648968846,0.3815912168523882
Shallow,SNTL,SNTL:1170,3218,0.300497203231821,1.389372280919826,0.22146194275469128
Shallow,SNTL,SNTL:1173,576,0.3003472222222222,1.1597222222222223,0.4103031487651774
Shallow,SNTL,SNTL:1196,2605,0.28637236084452977,1.4740882917466411,0.18688098519937846
Shallow,SNTL,SNTL:1197,1827,0.3760262725779967,0.9989053092501369,0.4597314137034379
Shallow,SNTL,SNTL:1272,0,NA,NA,NA
Shallow,SNTL,SNTL:312,2037,0.4428080510554737,0.9366715758468336,0.3977944167532455
Shallow,SNTL,SNTL:364,2768,0.39125722543352603,1.0242052023121386,0.20680661512730497
Shallow,SNTL,SNTL:367,0,NA,NA,NA
Shallow,SNTL,SNTL:373,3430,0.42303206997084547,0.9020408163265307,0.39565319363490714
Shallow,SNTL,SNTL:387,2421,0.2982238744320529,1.3201156546881454,0.271872627914035
Shallow,SNTL,SNTL:498,2377,0.2839713925115692,1.2490534286916282,0.29058709009178874
Shallow,SNTL,SNTL:508,6579,0.18331053351573187,2.2690378476972186,0.02352899190321438
Shallow,SNTL,SNTL:518,1437,0.2665274878218511,1.8274182324286707,-0.06636559006593169
Shallow,SNTL,SNTL:524,1975,0.380253164556962,1.0217721518987342,0.3876015211001191
Shallow,SNTL,SNTL:554,1310,0.38778625954198476,0.9374045801526718,0.30717871309531114
Shallow,SNTL,SNTL:572,5648,0.3480878186968839,1.1648371104815864,0.2839836454942825
Shallow,SNTL,SNTL:631,3536,0.3506787330316742,1.2395361990950227,0.16162058818945718
Shallow,SNTL,SNTL:640,2429,0.4083985179086044,0.9007822149032524,0.4657473947047239
Shallow,SNTL,SNTL:706,0,NA,NA,NA
Shallow,SNTL,SNTL:736,0,NA,NA,NA
Shallow,SNTL,SNTL:764,1895,0.44696569920844326,0.9366754617414248,0.26678112999012454
Shallow,SNTL,SNTL:828,3235,0.30324574961360123,1.2497681607418856,0.2938705725264924
Shallow,SNTL,SNTL:942,0,NA,NA,NA
Shallow,SNTL,SNTL:969,5695,0.37963125548726956,1.1136084284460053,0.3491486072214228
Shallow,USCRN,1011,4637,0.35626482639637697,1.0821651930127238,0.3676162578660524
Shallow,USCRN,1019,4653,0.28734150010745757,1.3116269073715883,0.27629229507689845
Shallow,USCRN,1023,3653,0.35860936216808104,1.0328497125650151,0.3847651971757352
Shallow,USCRN,1030,4927,0.35254718895879844,0.9985792571544551,0.45328525144154747
Shallow,USCRN,1034,2876,0.3271905424200278,1.189847009735744,0.34409333138237685
Shallow,USCRN,1038,3267,0.4251606978879706,0.9081726354453628,0.4866078039272685
Shallow,USCRN,1124,4523,0.3935441078929914,0.9493698872429803,0.3646614597403358
Shallow,USCRN,1144,2793,0.37128535624776227,1.0404582885785894,0.4075871989061606
Shallow,USCRN,1145,3962,0.3531044926804644,1.104997476022211,0.3252795631843124
Shallow,USCRN,1590,4259,0.2920873444470533,1.3500821789152384,0.20183287669233474
Shallow,USCRN,1772,4108,0.38023369036027266,1.0528237585199611,0.38650193151972556
Shallow,UMRB Mesonet,HAZN8,0,NA,NA,NA
Shallow,UMRB Mesonet,HIHS2,0,NA,NA,NA
Shallow,UMRB Mesonet,HMLS2,0,NA,NA,NA
Shallow,UMRB Mesonet,KEEN8,0,NA,NA,NA
Shallow,UMRB Mesonet,MLVM8,0,NA,NA,NA
Shallow,UMRB Mesonet,MMDN8,0,NA,NA,NA
Shallow,SCAN,SCAN:2005,8116,0.2859783144406111,1.4307540660423854,0.2656631246468313
Shallow,SCAN,SCAN:2017,6419,0.3111076491665368,1.2606324972737186,0.2715356085109435
Shallow,SCAN,SCAN:2042,4968,0.2713365539452496,1.569243156199678,0.15900896438117074
Shallow,SCAN,SCAN:2060,6212,0.3300064391500322,1.242594977462975,0.320494500859161
Shallow,SCAN,SCAN:2061,6221,0.37823501044848096,1.0279697797781706,0.4127554759880872
Shallow,SCAN,SCAN:2090,5550,0.358018018018018,1.0686486486486486,0.36225244230107423
Shallow,SCAN,SCAN:2134,3681,0.30019016571583806,1.3037218147242597,0.24176091341624326
Shallow,SCAN,SCAN:2157,2904,0.3522727272727273,1.1463498622589532,0.2877413385982889
Shallow,SCAN,SCAN:2166,3262,0.30502759043531574,1.3663396689147762,0.23341958937920987
Shallow,SCAN,SCAN:2172,3598,0.31017231795441913,1.254307948860478,0.26913202947643816
Shallow,SCAN,SCAN:2175,3865,0.24010349288486416,1.5736093143596377,0.1682907748576685
Shallow,SCAN,SCAN:2193,1348,0.30489614243323443,1.1765578635014837,0.40024051709615804
Shallow,SCAN,SCAN:2195,2495,0.43366733466933866,0.820440881763527,0.4768397602707448
Shallow,SCAN,SCAN:2201,2717,0.242914979757085,1.3422892896577108,0.3039858172309451
Shallow,SCAN,SCAN:2206,0,NA,NA,NA
Shallow,SNTL,SNTL:1047,2200,0.18545454545454546,1.9359090909090908,-0.09108580061413771
Shallow,SNTL,SNTL:1059,1770,0.3056497175141243,1.352542372881356,0.14070499070956644
Shallow,SNTL,SNTL:1083,2525,0.2625742574257426,1.5885148514851486,0.16476137752663764
Shallow,SNTL,SNTL:1110,3250,0.32369230769230767,1.121846153846154,0.34285563544973835
Shallow,SNTL,SNTL:1114,1980,0.37323232323232325,1.0484848484848486,0.3461321520450151
Shallow,SNTL,SNTL:1118,2672,0.29565868263473055,1.281437125748503,0.27724802493547585
Shallow,SNTL,SNTL:1140,2228,0.2998204667863555,1.2885996409335727,0.33105580851561367
Shallow,SNTL,SNTL:1142,2914,0.36101578586135896,1.0452985586822237,0.3168287912360042
Shallow,SNTL,SNTL:1146,2426,0.18260511129431162,1.8322341302555647,0.010779889104981228
Shallow,SNTL,SNTL:1162,1992,0.39407630522088355,0.9613453815261044,0.3308967309885878
Shallow,SNTL,SNTL:1194,1927,0.38090295796574986,1.2153606642449404,0.20330892399938852
Shallow,SNTL,SNTL:1195,2618,0.2532467532467532,1.5381970970206265,0.1669058925461954
Shallow,SNTL,SNTL:1215,2092,0.28632887189292544,1.4082217973231357,0.185669592668199
Shallow,SNTL,SNTL:1221,1569,0.33205863607393243,1.2288081580624601,0.39935604864138485
Shallow,SNTL,SNTL:1222,1377,0.28467683369644153,1.3616557734204793,0.35973949010508083
Shallow,SNTL,SNTL:1224,1615,0.21052631578947367,1.5839009287925696,0.27711451978212814
Shallow,SNTL,SNTL:1249,939,0.4142705005324814,0.8892438764643238,0.5081986192843694
Shallow,SNTL,SNTL:2170,2812,0.3705547652916074,1.0533428165007113,0.325845928134578
Shallow,SNTL,SNTL:306,2669,0.27575871112776323,1.463844136380667,0.032354957683750574
Shallow,SNTL,SNTL:329,4033,0.2653111827423754,1.5405405405405406,0.13570587243634616
Shallow,SNTL,SNTL:335,2576,0.28532608695652173,1.3532608695652173,0.1905793648060272
Shallow,SNTL,SNTL:356,4340,0.1815668202764977,2.677188940092166,0.04771149318785699
Shallow,SNTL,SNTL:383,5310,0.3446327683615819,1.2365348399246705,0.3132257622235753
Shallow,SNTL,SNTL:415,1318,0.3315629742033384,1.5235204855842186,0.11841784562888524
Shallow,SNTL,SNTL:475,3282,0.3452163315051798,1.1934795856185252,0.3037559877747528
Shallow,SNTL,SNTL:491,1945,0.37480719794344475,1.095115681233933,0.4236318426206414
Shallow,SNTL,SNTL:522,2923,0.31577146767020187,1.233321929524461,0.3317287317133278
Shallow,SNTL,SNTL:529,0,NA,NA,NA
Shallow,SNTL,SNTL:533,3348,0.3784348864994026,1.1045400238948626,0.3491421137034933
Shallow,SNTL,SNTL:543,3160,0.389873417721519,0.9411392405063291,0.4507663713092768
Shallow,SNTL,SNTL:569,3993,0.35762584522915103,1.2121212121212122,0.1951846253314672
Shallow,SNTL,SNTL:573,3888,0.34516460905349794,1.142232510288066,0.27683407529585674
Shallow,SNTL,SNTL:610,2357,0.39541790411540095,0.9843020789138736,0.3704952190602473
Shallow,SNTL,SNTL:715,4114,0.2394263490520175,1.6672338356830336,0.03824216820117893
Shallow,SNTL,SNTL:749,2568,0.3150311526479751,1.2297507788161994,0.24069551776118542
Shallow,SNTL,SNTL:752,1313,0.4150799695354151,0.9565879664889566,0.3091627136576699
Shallow,SNTL,SNTL:756,0,NA,NA,NA
Shallow,SNTL,SNTL:823,2285,0.33260393873085337,1.2446389496717725,0.27047450300742976
Shallow,SNTL,SNTL:834,3711,0.26461870115871733,1.3546213958501752,0.2202581626773779
Shallow,SNTL,SNTL:861,4683,0.2571001494768311,1.6724322015801836,0.03536217463337771
Shallow,SNTL,SNTL:865,3313,0.3769996981587685,1.1002112888620585,0.2815411887967889
Shallow,SNTL,SNTL:972,5097,0.35275652344516384,1.1214439866588188,0.363033693755656
Shallow,USCRN,1004,3725,0.3814765100671141,0.988993288590604,0.4268875981968788
Shallow,USCRN,1026,4214,0.37944945420028475,1.0768865685809208,0.38561370733320366
Shallow,USCRN,1036,4753,0.398905954134231,0.9654954765411319,0.4304375837168209
Shallow,USCRN,1129,4367,0.32905885046942984,1.0615983512708953,0.38706001341576773
Shallow,USCRN,1130,4518,0.42828685258964144,0.8253652058432935,0.4442379980692491
Shallow,USCRN,1141,4194,0.30639008106819265,1.2484501669051025,0.29990223470455524
Shallow,USCRN,1407,4720,0.36398305084745763,1.0540254237288136,0.3815516255564466
Shallow,USCRN,1530,3082,0.33419857235561323,1.1680726800778716,0.2841417240380015
Shallow,UMRB Mesonet,FLNS2,0,NA,NA,NA
Shallow,UMRB Mesonet,LCMS2,0,NA,NA,NA
Shallow,UMRB Mesonet,ROBN8,0,NA,NA,NA
Shallow,UMRB Mesonet,ROUM8,0,NA,NA,NA
Shallow,SCAN,SCAN:2001,6817,0.30746662754877513,1.2461493325509756,0.2836461918618215
Shallow,SCAN,SCAN:2028,7045,0.3325762952448545,1.2637331440738113,0.24983688186135333
Shallow,SCAN,SCAN:2036,2321,0.33261525204653164,1.1856958207669108,0.3134131164928732
Shallow,SCAN,SCAN:2039,7709,0.39265793228693735,0.92281748605526,0.4730489146954644
Shallow,SCAN,SCAN:2049,6086,0.39188301018731514,0.9479132435096944,0.36468775353748156
Shallow,SCAN,SCAN:2056,6574,0.3544265287496197,1.1245816854274415,0.32889085395859075
Shallow,SCAN,SCAN:2068,4858,0.33367641004528614,1.1926718814326884,0.31096126740713453
Shallow,SCAN,SCAN:2076,6452,0.37864228146311224,1.0353378797272164,0.3958782277057899
Shallow,SCAN,SCAN:2085,6362,0.3324426281043697,1.1757309022320026,0.3379371941189213
Shallow,SCAN,SCAN:2087,6262,0.2630150111785372,1.5758543596295114,0.21656301566203282
Shallow,SCAN,SCAN:2113,5452,0.3673881144534116,0.9757887013939839,0.446259077952906
Shallow,SCAN,SCAN:2117,3489,0.3184293493837776,1.231871596445973,0.22900706182688657
Shallow,SCAN,SCAN:2118,3585,0.35564853556485354,1.105439330543933,0.3324597713828097
Shallow,SCAN,SCAN:2138,4022,0.33192441571357534,1.2155643958229736,0.30877903673841584
Shallow,SCAN,SCAN:2148,3671,0.2260964314900572,1.5497139743938981,0.13454982996581816
Shallow,SCAN,SCAN:2150,2749,0.3335758457620953,1.130592942888323,0.38737683618893504
Shallow,SCAN,SCAN:2164,3233,0.299721620785648,1.3696257346118157,0.20191941408625486
Shallow,SCAN,SCAN:2165,2976,0.27788978494623656,1.5608198924731183,0.1575508218094984
Shallow,SCAN,SCAN:2171,3332,0.3640456182472989,1.043217286914766,0.39016981195070566
Shallow,SCAN,SCAN:2174,3778,0.2837480148226575,1.4158284806776071,0.1911645663128705
Shallow,SCAN,SCAN:2178,3770,0.2819628647214854,1.3718832891246684,0.27980902565983173
Shallow,SCAN,SCAN:2205,1474,0.3948439620081411,0.907055630936228,0.3441643961716834
Shallow,SCAN,SCAN:2216,0,NA,NA,NA
Shallow,SCAN,SCAN:2218,2173,0.2213529682466636,1.7294063506672803,0.12105589070193827
Shallow,SCAN,SCAN:2220,2217,0.3261163734776725,1.126296797474064,0.34641201334576033
Shallow,SNTL,SNTL:1013,5234,0.3601452044325564,1.2158960641956438,0.20680081102392928
Shallow,SNTL,SNTL:1015,3349,0.348760824126605,1.1621379516273513,0.2922035443223299
Shallow,SNTL,SNTL:1017,2231,0.4020618556701031,0.9215598386373823,0.41045859782016486
Shallow,SNTL,SNTL:1049,3597,0.2913539060328051,1.4017236586043926,0.20699663693681852
Shallow,SNTL,SNTL:1052,2986,0.27595445411922304,1.332886805090422,0.26896186940580497
Shallow,SNTL,SNTL:1056,2467,0.3408998783948115,1.1783542764491286,0.23937242498995845
Shallow,SNTL,SNTL:1065,5074,0.31296807252660624,1.2359085534095389,0.2920322395660915
Shallow,SNTL,SNTL:1067,2907,0.29686962504299963,1.3237014103887168,0.24107127357187666
Shallow,SNTL,SNTL:1084,0,NA,NA,NA
Shallow,SNTL,SNTL:1116,2427,0.2941903584672435,1.450350226617223,0.11585843589641097
Shallow,SNTL,SNTL:1125,3270,0.31345565749235477,1.1403669724770642,0.4096839597698021
Shallow,SNTL,SNTL:1138,3128,0.391304347826087,0.9558823529411765,0.3627444138076729
Shallow,SNTL,SNTL:1154,1785,0.4196078431372549,0.9193277310924369,0.45906304068518705
Shallow,SNTL,SNTL:1192,1771,0.31281761716544326,1.2755505364201016,0.43648012225291927
Shallow,SNTL,SNTL:1217,1825,0.3495890410958904,1.1123287671232878,0.3377356258810954
Shallow,SNTL,SNTL:1244,1713,0.19731465265615877,2.0023350846468184,-0.05548231778858766
Shallow,SNTL,SNTL:1254,1498,0.22162883845126835,1.8397863818424567,0.1218364844829957
Shallow,SNTL,SNTL:2029,4697,0.3246753246753247,1.2033212688950394,0.2751542717864641
Shallow,SNTL,SNTL:443,4223,0.31328439497987215,1.2450864314468388,0.30600711747062465
Shallow,SNTL,SNTL:450,0,NA,NA,NA
Shallow,SNTL,SNTL:476,3024,0.35119047619047616,1.2999338624338623,0.20840263390254865
Shallow,SNTL,SNTL:497,1296,0.3680555555555556,1.0925925925925926,0.4143422658923139
Shallow,SNTL,SNTL:537,2163,0.3564493758668516,1.0970873786407767,0.193373149340047
Shallow,SNTL,SNTL:621,3210,0.27819314641744547,1.2850467289719627,0.30727977946938506
Shallow,SNTL,SNTL:720,3132,0.36430395913154534,1.126117496807152,0.3732644695142293
Shallow,SNTL,SNTL:747,3103,0.3954237834353851,0.970995810505962,0.34007629325507294
Shallow,SNTL,SNTL:763,3297,0.1910828025477707,1.7992114043069458,0.11752900042139301
Shallow,SNTL,SNTL:802,2908,0.22592847317744155,2.0130674002751032,0.1052221708960653
Shallow,SNTL,SNTL:805,1781,0.32734418865805726,1.1005053340819764,0.3512676388602829
Shallow,SNTL,SNTL:835,0,NA,NA,NA
Shallow,SNTL,SNTL:840,2126,0.32784571966133585,1.180620884289746,0.37116032977130486
Shallow,SNTL,SNTL:857,2435,0.20903490759753593,1.8131416837782341,0.10983003543256882
Shallow,SNTL,SNTL:983,3377,0.41753035238377256,0.8851051228901392,0.3878047062773758
Shallow,SNTL,SNTL:989,5032,0.32531796502384736,1.359697933227345,0.20898426517088647
Shallow,UMRB Mesonet,TIMS2,0,NA,NA,NA
Shallow,UMRB Mesonet,WNMS2,0,NA,NA,NA
Shallow,USCRN,1015,3728,0.3205472103004292,1.363733905579399,0.3319418339860006
Shallow,USCRN,1041,3539,0.46171234812093814,0.8067250635772817,0.4835090761248647
Shallow,USCRN,1106,3454,0.35697741748697165,1.0845396641574985,0.37530923608217526
Shallow,USCRN,1121,4441,0.37198829092546726,1.033776176536816,0.38563595458379685
Shallow,USCRN,1123,3657,0.38720262510254305,0.9762100082034455,0.38363095916631906
Shallow,USCRN,1231,3271,0.3738917762152247,1.0091715071843472,0.4169710320524133
Shallow,USCRN,1233,4024,0.34095427435387676,1.0999005964214712,0.38580106256738955
Shallow,UMRB Mesonet,CROM8,0,NA,NA,NA
Shallow,UMRB Mesonet,CTWS2,0,NA,NA,NA
Shallow,UMRB Mesonet,DDMW4,0,NA,NA,NA
Shallow,UMRB Mesonet,GANN8,0,NA,NA,NA
Shallow,UMRB Mesonet,GREN8,0,NA,NA,NA
Shallow,UMRB Mesonet,HAEM8,0,NA,NA,NA
Shallow,UMRB Mesonet,JSTN8,0,NA,NA,NA
Shallow,UMRB Mesonet,OCMS2,0,NA,NA,NA
Shallow,UMRB Mesonet,ONMS2,0,NA,NA,NA
Shallow,UMRB Mesonet,RAMS2,0,NA,NA,NA
Shallow,SCAN,SCAN:2009,7660,0.26618798955613576,1.656266318537859,0.18451202168557207
Shallow,SCAN,SCAN:2015,8468,0.3199102503542749,1.2240198393953707,0.3247537300845013
Shallow,SCAN,SCAN:2022,7520,0.3529255319148936,1.0563829787234043,0.3968354117227013
Shallow,SCAN,SCAN:2034,6695,0.3135175504107543,1.361762509335325,0.2781391124382387
Shallow,SCAN,SCAN:2050,3789,0.3789918184217472,1.056215360253365,0.4235516147932809
Shallow,SCAN,SCAN:2075,6500,0.3932307692307692,0.9626153846153847,0.4256956995383942
Shallow,SCAN,SCAN:2078,6189,0.30021005008886736,1.3318791404104056,0.26670376693840336
Shallow,SCAN,SCAN:2108,5369,0.27062767740733845,1.376047681132427,0.2891278588283463
Shallow,SCAN,SCAN:2120,2310,0.3930735930735931,0.9493506493506494,0.48171974887191116
Shallow,SCAN,SCAN:2137,4212,0.3603988603988604,1.1096866096866096,0.33383935957687455
Shallow,SCAN,SCAN:2140,4777,0.37722419928825623,1,0.41324990937606776
Shallow,SCAN,SCAN:2156,3439,0.3108461762140157,1.3230590287874382,0.34821176585011693
Shallow,SCAN,SCAN:2161,3402,0.3203997648442093,1.2627865961199294,0.22116326788269705
Shallow,SCAN,SCAN:2181,3572,0.34546472564389696,1.1209406494960805,0.3496941797728271
Shallow,SCAN,SCAN:2186,2025,0.331358024691358,1.2646913580246915,0.17231901133871932
Shallow,SCAN,SCAN:2192,3081,0.24667315806556314,1.6043492372606296,0.17777571604456924
Shallow,SCAN,SCAN:2229,0,NA,NA,NA
Shallow,SNTL,SNTL:1033,3506,0.28864803194523675,1.3622361665715916,0.21085518771969283
Shallow,SNTL,SNTL:1034,4309,0.261777674634486,1.6757948479925737,0.07666688586772594
Shallow,SNTL,SNTL:1039,4351,0.3401516892668352,1.3199264536888071,0.2449400536670563
Shallow,SNTL,SNTL:1080,0,NA,NA,NA
Shallow,SNTL,SNTL:1081,3138,0.2858508604206501,1.250159337157425,0.2454932435858943
Shallow,SNTL,SNTL:1147,1492,0.25,1.512734584450402,0.09330648705270303
Shallow,SNTL,SNTL:1153,1696,0.36792452830188677,1.1108490566037736,0.3786628721757763
Shallow,SNTL,SNTL:1223,2038,0.38763493621197254,1.1197252208047106,0.26426581053978554
Shallow,SNTL,SNTL:1258,0,NA,NA,NA
Shallow,SNTL,SNTL:348,3531,0.32143868592466723,1.248654772019258,0.26990156149615646
Shallow,SNTL,SNTL:359,1252,0.36261980830670926,0.9936102236421726,0.49182371296136085
Shallow,SNTL,SNTL:380,3312,0.27657004830917875,1.441425120772947,0.1807444253817681
Shallow,SNTL,SNTL:428,4208,0.23312737642585551,1.8633555133079849,-0.028806384904952336
Shallow,SNTL,SNTL:432,4320,0.38101851851851853,1.0956018518518518,0.33666767073468934
Shallow,SNTL,SNTL:445,4452,0.3086253369272237,1.2610062893081762,0.22034213826656096
Shallow,SNTL,SNTL:455,3718,0.3410435718128026,1.165680473372781,0.2734734662576303
Shallow,SNTL,SNTL:460,2116,0.2764650283553875,1.4035916824196597,0.13125285637126544
Shallow,SNTL,SNTL:461,3877,0.3856074284240392,1.0472014444157853,0.37240914891704774
Shallow,SNTL,SNTL:473,6481,0.2738774880419688,1.519827187162475,0.039660300613355404
Shallow,SNTL,SNTL:490,1443,0.3659043659043659,1.1115731115731116,0.40617276625277143
Shallow,SNTL,SNTL:495,4168,0.32461612284069097,1.168426103646833,0.33247468560224186
Shallow,SNTL,SNTL:528,3072,0.3111979166666667,1.2262369791666667,0.2528737648882956
Shallow,SNTL,SNTL:539,3155,0.21394611727416799,2.3137876386687797,0.01665922446166151
Shallow,SNTL,SNTL:550,2745,0.3927140255009107,1.009471766848816,0.27390607851747145
Shallow,SNTL,SNTL:575,4238,0.27229825389334594,1.3688060405851816,0.2548036650776457
Shallow,SNTL,SNTL:577,2388,0.3626465661641541,1.0272194304857623,0.43760381042692337
Shallow,SNTL,SNTL:579,3328,0.39272836538461536,1.0402644230769231,0.38473813321613887
Shallow,SNTL,SNTL:580,2726,0.26962582538517976,1.541085840058694,0.19863540046751693
Shallow,SNTL,SNTL:589,3215,0.34650077760497666,1.080248833592535,0.36450314733484684
Shallow,SNTL,SNTL:628,3024,0.398478835978836,0.9391534391534392,0.31477995140854476
Shallow,SNTL,SNTL:645,2029,0.2883193691473632,1.432725480532282,0.1305785745929291
Shallow,SNTL,SNTL:654,3302,0.3437310720775288,1.274984857662023,0.22616202088320145
Shallow,SNTL,SNTL:680,1910,0.2926701570680628,1.2078534031413612,0.3865847445811482
Shallow,SNTL,SNTL:730,2447,0.3804658765835717,0.9856967715570086,0.39469619542109013
Shallow,SNTL,SNTL:793,0,NA,NA,NA
Shallow,SNTL,SNTL:798,0,NA,NA,NA
Shallow,SNTL,SNTL:853,4465,0.3690929451287794,1.0676371780515117,0.2510970303264455
Shallow,SNTL,SNTL:862,0,NA,NA,NA
Shallow,SNTL,SNTL:978,4905,0.3363914373088685,1.201630988786952,0.255254425572744
Shallow,USCRN,1002,2879,0.3824244529350469,0.9965265717262939,0.41583533066572276
Shallow,USCRN,1003,3055,0.3587561374795417,0.9855973813420622,0.4662064244726969
Shallow,USCRN,1006,4874,0.4142388182191219,0.8951579811243332,0.48377330798775076
Shallow,USCRN,1020,4407,0.39369185386884503,0.9142273655547992,0.4664745201072906
Shallow,USCRN,1040,3052,0.4662516382699869,0.7821100917431193,0.5157687520525425
Shallow,USCRN,1045,2181,0.3713892709766162,1,0.4402448267907374
Shallow,USCRN,1047,4658,0.3877200515242593,0.9407471017604122,0.419352771150505
Shallow,USCRN,1049,4537,0.36764381750055103,1.059731099845713,0.3586212360999518
Shallow,USCRN,1050,3733,0.2759174926332708,1.4409322260916153,0.1969806636617056
Shallow,USCRN,1115,3305,0.340393343419062,1.0944024205748866,0.4091908509781639
Shallow,USCRN,1122,4922,0.3468102397399431,1.1052417716375458,0.3314438302392921
Shallow,USCRN,1138,3253,0.36366430986781434,1.0983707347064249,0.32465083492802166
Shallow,USCRN,1307,4651,0.4027090948183186,0.9165770801978069,0.528568810992503
Shallow,USCRN,1467,3041,0.29562643867148963,1.1831634330812233,0.20359271413312152
Shallow,UMRB Mesonet,BBMW4,0,NA,NA,NA
Shallow,UMRB Mesonet,BCHN8,0,NA,NA,NA
Shallow,UMRB Mesonet,BOMN8,0,NA,NA,NA
Shallow,UMRB Mesonet,GGMS2,0,NA,NA,NA
Shallow,UMRB Mesonet,GSBN8,0,NA,NA,NA
Shallow,UMRB Mesonet,OKNN8,0,NA,NA,NA
Shallow,UMRB Mesonet,PLMW4,0,NA,NA,NA
Shallow,UMRB Mesonet,PVMS2,0,NA,NA,NA
Shallow,UMRB Mesonet,RAYN8,0,NA,NA,NA
Shallow,SCAN,SCAN:2004,5678,0.27562522014793944,1.5033462486791123,0.21559043277712236
Shallow,SCAN,SCAN:2018,6440,0.27127329192546584,1.5218944099378882,0.22548189208710834
Shallow,SCAN,SCAN:2019,6222,0.33060109289617484,1.223561555769849,0.3150641790006871
Shallow,SCAN,SCAN:2024,6676,0.34541641701617737,1.1017076093469143,0.3477204229991595
Shallow,SCAN,SCAN:2027,8044,0.3099204375932372,1.2923918448533067,0.27259655794796767
Shallow,SCAN,SCAN:2031,5671,0.31916769529183564,1.2038441192029625,0.33834271297651264
Shallow,SCAN,SCAN:2051,6544,0.300580684596577,1.3187652811735942,0.24444846109679352
Shallow,SCAN,SCAN:2055,5074,0.3474576271186441,1.1034686637761135,0.371415793477292
Shallow,SCAN,SCAN:2105,5321,0.4014283029505732,0.919376057132118,0.5032407082455717
Shallow,SCAN,SCAN:2116,4778,0.20071159480954373,1.80975303474257,0.06008428747334008
Shallow,SCAN,SCAN:2121,3721,0.41306100510615423,0.8825584520290245,0.4465310244274914
Shallow,SCAN,SCAN:2141,4430,0.41173814898419864,0.8914221218961625,0.4606858494680471
Shallow,SCAN,SCAN:2168,4334,0.3068758652514998,1.2625749884633133,0.2470575701894999
Shallow,SCAN,SCAN:2176,3593,0.2966880044531033,1.322293348177011,0.23760571778720194
Shallow,SCAN,SCAN:2183,2284,0.24299474605954466,1.5643607705779334,0.13673995188476004
Shallow,SCAN,SCAN:2200,2972,0.297442799461642,1.1810228802153433,0.25317015268167214
Shallow,SCAN,SCAN:2207,613,0.3034257748776509,1.300163132137031,0.10150530642906769
Shallow,UMRB Mesonet,SEEN8,0,NA,NA,NA
Shallow,UMRB Mesonet,SHMW4,0,NA,NA,NA
Shallow,SNTL,SNTL:1097,2912,0.3293269230769231,1.1061126373626373,0.3693783021941447
Shallow,SNTL,SNTL:1123,1399,0.2594710507505361,1.3688348820586134,0.3003263910998346
Shallow,SNTL,SNTL:1130,0,NA,NA,NA
Shallow,SNTL,SNTL:1134,2057,0.29606222654350994,1.2843947496353914,0.34226176477465237
Shallow,SNTL,SNTL:1135,3342,0.26600837821663675,1.6289646918013165,0.03234409750695323
Shallow,SNTL,SNTL:1184,2177,0.35140101056499773,1.1299954065227378,0.3624377040843095
Shallow,SNTL,SNTL:1247,1424,0.29353932584269665,1.3251404494382022,0.18267648017739788
Shallow,SNTL,SNTL:1271,1519,0.3824884792626728,0.9400921658986175,0.4102451585874129
Shallow,SNTL,SNTL:1277,54,0.48148148148148145,0.9814814814814815,-0.04431909750201495
Shallow,SNTL,SNTL:321,1584,0.36742424242424243,1.02020202020202,0.3933695611631705
Shallow,SNTL,SNTL:330,3415,0.3765739385065886,1.0471449487554905,0.31364542354204183
Shallow,SNTL,SNTL:339,2801,0.3563013209568011,1.1038914673330953,0.4394419340596105
Shallow,SNTL,SNTL:390,4642,0.3173201206376562,1.2335200344679018,0.17487212814445244
Shallow,SNTL,SNTL:395,0,NA,NA,NA
Shallow,SNTL,SNTL:399,2635,0.31195445920303605,1.1992409867172675,0.3745820530110014
Shallow,SNTL,SNTL:452,3824,0.27379707112970714,1.332112970711297,0.22756071414611026
Shallow,SNTL,SNTL:474,3028,0.33619550858652575,1.1482826948480847,0.25495807569000767
Shallow,SNTL,SNTL:570,3599,0.36704640177827175,1.089469297026952,0.23757346749984024
Shallow,SNTL,SNTL:615,4557,0.3392582839587448,1.2999780557384244,0.05809416976828947
Shallow,SNTL,SNTL:686,4424,0.310126582278481,1.2997287522603977,0.3244224241002878
Shallow,SNTL,SNTL:698,1767,0.33276740237691,1.1279003961516696,0.34876827183292597
Shallow,SNTL,SNTL:707,3929,0.3451259862560448,1.2685161618732501,0.11485870001382682
Shallow,SNTL,SNTL:750,7166,0.27965392129500416,1.5420039073402176,0.18515433836621492
Shallow,SNTL,SNTL:778,4531,0.2012800706245862,2.094901787684838,0.12306203377146296
Shallow,SNTL,SNTL:790,2383,0.3483004616030214,1.0843474611833823,0.432937900339501
Shallow,SNTL,SNTL:811,4038,0.27290737989103514,1.4556711243189697,0.16673648809775946
Shallow,SNTL,SNTL:814,2830,0.32897526501766783,1.2424028268551237,0.267375219473067
Shallow,SNTL,SNTL:832,0,NA,NA,NA
Shallow,SNTL,SNTL:844,4091,0.34025910535321435,1.152529943779027,0.32005637975797724
Shallow,SNTL,SNTL:849,3046,0.36736703873933024,0.9931057124097177,0.3724273594774383
Shallow,SNTL,SNTL:871,2785,0.3974865350089767,1.058527827648115,0.2783384627465015
Shallow,SNTL,SNTL:907,3547,0.4135889484071046,0.8866647871440654,0.3851362448994194
Shallow,USCRN,1010,3943,0.3573421252853157,1.1174232817651535,0.2718768186967543
Shallow,USCRN,1017,3601,0.3787836712024438,1.0622049430713691,0.35578055262107033
Shallow,USCRN,1029,3721,0.3735554958344531,0.9610319806503628,0.44493840308272914
Shallow,USCRN,1043,3617,0.33867846281448716,1.1119712468896876,0.3845120115513703
Shallow,USCRN,1232,3386,0.3567631423508565,1.0581807442409923,0.4053931552902364
Shallow,USCRN,1347,4588,0.4023539668700959,0.9311246730601569,0.4272827852812748
Shallow,USCRN,1386,4652,0.3993981083404987,0.9030524505588994,0.47577812435294503
Shallow,USCRN,1406,4763,0.36825530128070544,1.042410245643502,0.3618676122090679
Shallow,USCRN,1426,2886,0.38773388773388773,1.0741510741510742,0.37384633501474646
Shallow,USCRN,1446,3087,0.4139941690962099,0.8872691933916423,0.5029037266136648
Shallow,USCRN,1532,2527,0.32924416303917686,1.2081519588444796,0.2766428523241597
Shallow,UMRB Mesonet,ATRS2,0,NA,NA,NA
Shallow,UMRB Mesonet,BDVM8,0,NA,NA,NA
Shallow,UMRB Mesonet,BYMW4,0,NA,NA,NA
Shallow,UMRB Mesonet,BZNM8,0,NA,NA,NA
Shallow,UMRB Mesonet,EDTS2,0,NA,NA,NA
Shallow,UMRB Mesonet,NISS2,0,NA,NA,NA
Shallow,UMRB Mesonet,NOMS2,0,NA,NA,NA
Shallow,SCAN,SCAN:2011,8044,0.29636996519144704,1.4230482347091,0.2235159250068233
Shallow,SCAN,SCAN:2041,5796,0.30400276052449965,1.3397170462387853,0.24952100686078738
Shallow,SCAN,SCAN:2046,7225,0.34145328719723184,1.1936332179930795,0.24339669969203845
Shallow,SCAN,SCAN:2077,6340,0.35410094637223977,1.0832807570977918,0.3810065800901316
Shallow,SCAN,SCAN:2082,6187,0.35978664942621624,1.1498302893163084,0.30296623853416005
Shallow,SCAN,SCAN:2089,5118,0.32825322391559203,1.1709652207893708,0.29865838937316497
Shallow,SCAN,SCAN:2106,5539,0.36035385448636936,1.0420653547571763,0.41673190274592165
Shallow,SCAN,SCAN:2131,4212,0.248338081671415,1.5014245014245013,0.11277120424851578
Shallow,SCAN,SCAN:2139,3639,0.3882934872217642,1.0030228084638637,0.3869435417982146
Shallow,SCAN,SCAN:2151,3076,0.3488296488946684,1.0949284785435631,0.3695248990241867
Shallow,SCAN,SCAN:2153,3197,0.3321864247732249,1.2152017516421645,0.21503698915915467
Shallow,SCAN,SCAN:2184,2813,0.27479559189477426,1.4944898684678278,0.14704370032589711
Shallow,SCAN,SCAN:2187,3304,0.3141646489104116,1.305084745762712,0.30557944404868786
Shallow,SCAN,SCAN:2199,1132,0.3657243816254417,1.0353356890459364,0.37673491321684044
Shallow,SCAN,SCAN:808,4113,0.325066861171894,1.2030148310235838,0.2769427304739599
Shallow,SNTL,SNTL:1121,3692,0.3583423618634886,1.1676598049837486,0.2370759797772534
Shallow,SNTL,SNTL:1133,1616,0.3582920792079208,1.1175742574257426,0.4592712481756635
Shallow,SNTL,SNTL:1148,1705,0.39882697947214074,0.9583577712609971,0.39302806098293236
Shallow,SNTL,SNTL:1150,1680,0.2714285714285714,1.6226190476190476,0.032064987781747954
Shallow,SNTL,SNTL:1151,1533,0.2530984996738421,1.5916503587736464,0.22737925823184824
Shallow,SNTL,SNTL:1155,2939,0.28172847907451515,1.2885335148009527,0.34548891181159264
Shallow,SNTL,SNTL:1164,0,NA,NA,NA
Shallow,SNTL,SNTL:1168,1663,0.3036680697534576,1.3373421527360192,0.3444014640845805
Shallow,SNTL,SNTL:1169,1217,0.21035332785538208,2.0427280197206246,0.09975521842048651
Shallow,SNTL,SNTL:1225,1903,0.3536521282186022,1.1024697845507094,0.3454672374845546
Shallow,SNTL,SNTL:1242,1864,0.30579399141630903,1.3524678111587982,0.2685304662831884
Shallow,SNTL,SNTL:334,2298,0.3368146214099217,1.0487380330722367,0.4012394151655765
Shallow,SNTL,SNTL:358,0,NA,NA,NA
Shallow,SNTL,SNTL:396,0,NA,NA,NA
Shallow,SNTL,SNTL:417,2912,0.2977335164835165,1.2994505494505495,0.22192912925399857
Shallow,SNTL,SNTL:425,597,0.2780569514237856,1.219430485762144,0.3885339199642054
Shallow,SNTL,SNTL:435,3461,0.3137821438890494,1.3091592025426178,0.24634393870940458
Shallow,SNTL,SNTL:546,831,0.45126353790613716,0.753309265944645,0.576979132748758
Shallow,SNTL,SNTL:559,4053,0.3629410313348137,1.1009129040217123,0.33865575569872264
Shallow,SNTL,SNTL:561,4022,0.32371954251616114,1.161362506215813,0.240984742121626
Shallow,SNTL,SNTL:574,2678,0.3244958924570575,1.3876026885735624,0.0762271307110906
Shallow,SNTL,SNTL:583,5585,0.3389435989256938,1.1998209489704565,0.28232532388781995
Shallow,SNTL,SNTL:587,3334,0.33353329334133175,1.280743851229754,0.295397672821317
Shallow,SNTL,SNTL:593,3420,0.23596491228070177,1.525438596491228,0.10420629085365825
Shallow,SNTL,SNTL:594,2555,0.34598825831702545,1.27866927592955,0.2153804070499064
Shallow,SNTL,SNTL:607,2837,0.25026436376454003,1.6140289037715898,0.15542470392003874
Shallow,SNTL,SNTL:684,4061,0.3646885003693672,1.0852006894853485,0.32612177814085197
Shallow,SNTL,SNTL:737,1123,0.3259127337488869,1.1754229741763134,0.3855006036814175
Shallow,SNTL,SNTL:742,2647,0.28749527767283717,1.26898375519456,0.32591533113245275
Shallow,SNTL,SNTL:783,0,NA,NA,NA
Shallow,SNTL,SNTL:795,3518,0.3706651506537806,1.091529277998863,0.1910636847619529
Shallow,SNTL,SNTL:820,3489,0.32588134135855545,1.16652335912869,0.3061428604741701
Shallow,SNTL,SNTL:846,3869,0.2080640992504523,2.0599638149392607,0.032482218033121686
Shallow,SNTL,SNTL:854,2010,0.2870646766169154,1.462686567164179,0.17925433851873257
Shallow,SNTL,SNTL:872,2783,0.2619475386273805,1.5120373697448797,0.11254066248180122
Shallow,SNTL,SNTL:914,2413,0.3402403646912557,1.0882718607542479,0.37064420353460753
Shallow,SNTL,SNTL:937,2594,0.26754047802621433,1.4194294525828837,0.22997909981396647
Shallow,SNTL,SNTL:940,3747,0.3466773418734988,1.103549506271684,0.3143031201278016
Shallow,SNTL,SNTL:971,7024,0.2837414578587699,1.5056947608200455,0.12620146799403953
Shallow,UMRB Mesonet,WRMW4,0,NA,NA,NA
Shallow,USCRN,1009,2762,0.391383055756698,1.0238957277335263,0.38604967589905653
Shallow,USCRN,1014,3183,0.26358781024191014,1.4844486333647502,0.17055933171183119
Shallow,USCRN,1022,3264,0.28400735294117646,1.508578431372549,0.07351787727024656
Shallow,USCRN,1032,3763,0.37735849056603776,1.0252458145096996,0.38158904086749074
Shallow,USCRN,1039,2508,0.344896331738437,1.115231259968102,0.4652647632834014
Shallow,USCRN,1046,2586,0.4025522041763341,0.9860788863109049,0.3039677386803505
Shallow,USCRN,1236,3284,0.33830694275274054,1.084652862362972,0.42406992851593817
Shallow,USCRN,1306,4659,0.3676754668383773,0.9605065464691994,0.4755616870063211
Shallow,USCRN,1387,3420,0.3,1.274561403508772,0.19833755059155658
Shallow,USCRN,1510,4583,0.39799258127863846,1.0050185468034039,0.45305600849054134
Shallow,UMRB Mesonet,BWLS2,0,NA,NA,NA
Shallow,UMRB Mesonet,GOTS2,0,NA,NA,NA
Shallow,UMRB Mesonet,MARN8,0,NA,NA,NA
Shallow,UMRB Mesonet,RBMS2,0,NA,NA,NA
Shallow,SCAN,SCAN:2003,4875,0.3091282051282051,1.2213333333333334,0.2618171869253308
Shallow,SCAN,SCAN:2020,6107,0.34059276240379893,1.133125921074177,0.26320081335115436
Shallow,SCAN,SCAN:2086,6360,0.3011006289308176,1.3083333333333333,0.29543851209520083
Shallow,SCAN,SCAN:2104,4384,0.38663321167883213,1.008439781021898,0.3676805802031679
Shallow,SCAN,SCAN:2107,5681,0.3522267206477733,1.1100158422812885,0.36791779965286947
Shallow,SCAN,SCAN:2109,5433,0.3090373642554758,1.293576293024112,0.2791507865049211
Shallow,SCAN,SCAN:2114,5203,0.33134729963482606,1.1773976551989236,0.3291497226381879
Shallow,SCAN,SCAN:2135,3776,0.3961864406779661,0.9372351694915254,0.38251272251114754
Shallow,SCAN,SCAN:2142,4108,0.35175267770204477,1.054284323271665,0.43213133683377997
Shallow,SCAN,SCAN:2163,3473,0.31500143967751226,1.2219982723869853,0.2766199628148678
Shallow,SCAN,SCAN:2177,3765,0.3094289508632138,1.2640106241699867,0.29919141148354594
Shallow,SCAN,SCAN:2191,3067,0.30583632213889794,1.3042060645582,0.23636555699262704
Shallow,SCAN,SCAN:2202,1908,0.3789308176100629,0.9690775681341719,0.3977089065758387
Shallow,SCAN,SCAN:2203,2766,0.37635574837310193,0.997469269703543,0.37693768386500137
Shallow,SCAN,SCAN:2204,2665,0.3223264540337711,1.175234521575985,0.32390904252583247
Shallow,SCAN,SCAN:581,2308,0.3011265164644714,1.2699306759098787,0.21955132425400764
Shallow,SCAN,SCAN:674,5030,0.3065606361829026,1.3878727634194832,0.08729158187713561
Shallow,SNTL,SNTL:1051,3426,0.2764156450671337,1.680385288966725,-0.03224919101141357
Shallow,SNTL,SNTL:1060,2849,0.3208143208143208,1.154089154089154,0.2974281914322464
Shallow,SNTL,SNTL:1082,1560,0.2705128205128205,1.3480769230769232,0.23916370751062624
Shallow,SNTL,SNTL:1115,2301,0.30291177748804865,1.286831812255541,0.31425491282705503
Shallow,SNTL,SNTL:1119,1284,0.2834890965732087,1.2406542056074767,0.47970238027241296
Shallow,SNTL,SNTL:1136,2104,0.28564638783269963,1.4429657794676807,0.18549441285914697
Shallow,SNTL,SNTL:1185,947,0.249208025343189,1.3980992608236535,0.2530965729967884
Shallow,SNTL,SNTL:1226,1886,0.32025450689289503,1.2327677624602333,0.3236187047430345
Shallow,SNTL,SNTL:1227,1496,0.4304812834224599,0.8870320855614974,0.37085710887669177
Shallow,SNTL,SNTL:1261,1566,0.3103448275862069,1.1111111111111112,0.37618582919177757
Shallow,SNTL,SNTL:336,3537,0.3997738196211479,1.052304212609556,0.32576874902209935
Shallow,SNTL,SNTL:340,3490,0.364756446991404,1.1283667621776505,0.2681839192986438
Shallow,SNTL,SNTL:349,0,NA,NA,NA
Shallow,SNTL,SNTL:368,2436,0.28078817733990147,1.389983579638752,0.20764548320793141
Shallow,SNTL,SNTL:374,2773,0.3433104940497656,1.1738189686260367,0.3445109224856315
Shallow,SNTL,SNTL:430,2081,0.276790004805382,1.462277751081211,0.24288880487471531
Shallow,SNTL,SNTL:444,3514,0.3019351166761525,1.292544109277177,0.24208779256616436
Shallow,SNTL,SNTL:453,3206,0.3234560199625702,1.2860262008733625,0.2033205984155718
Shallow,SNTL,SNTL:462,3477,0.270060396893874,1.4676445211389129,0.034040599962349295
Shallow,SNTL,SNTL:514,4191,0.32736816988785494,1.1999522786924361,0.2832969230444596
Shallow,SNTL,SNTL:527,3114,0.40430314707771353,1.0109184328837508,0.43788786607850133
Shallow,SNTL,SNTL:531,2339,0.36212056434373663,1.0371953826421547,0.38299120369094203
Shallow,SNTL,SNTL:548,3156,0.32287705956907475,1.288022813688213,0.25432734457938083
Shallow,SNTL,SNTL:571,3872,0.30862603305785125,1.3354855371900827,0.2608474863843568
Shallow,SNTL,SNTL:586,2262,0.3209549071618037,1.1463306808134395,0.4473718816326262
Shallow,SNTL,SNTL:623,2649,0.35938089845224613,1.1132502831257078,0.2099203443384819
Shallow,SNTL,SNTL:634,2386,0.3876781223805532,1.0431684828164292,0.34746082745069395
Shallow,SNTL,SNTL:652,2288,0.062062937062937064,3.5576923076923075,0.043514643750901943
Shallow,SNTL,SNTL:688,1507,0.29462508294625084,1.278699402786994,0.4103745020075704
Shallow,SNTL,SNTL:701,1625,0.21476923076923077,1.808,0.12800216276873874
Shallow,SNTL,SNTL:744,1802,0.33962264150943394,1.1925638179800222,0.26382054076295564
Shallow,SNTL,SNTL:772,24,NA,NA,NA
Shallow,SNTL,SNTL:774,2792,0.37392550143266473,1.1640401146131805,0.19326714512597337
Shallow,SNTL,SNTL:833,2695,0.3695732838589981,1.148051948051948,0.23117516408078376
Shallow,SNTL,SNTL:897,0,NA,NA,NA
Shallow,SNTL,SNTL:926,1400,0.32285714285714284,1.167857142857143,0.13080961449379686
Shallow,SNTL,SNTL:935,2466,0.291970802919708,1.4355231143552312,0.27916062259909297
Shallow,SNTL,SNTL:938,1825,0.3441095890410959,1.0827397260273972,0.372240979441794
Shallow,SNTL,SNTL:970,0,NA,NA,NA
Shallow,SNTL,SNTL:992,2197,0.47701411015020484,0.7719617660446063,0.4709034872782196
Shallow,UMRB Mesonet,TURN8,0,NA,NA,NA
Shallow,UMRB Mesonet,WISN8,0,NA,NA,NA
Shallow,USCRN,1012,4644,0.29780361757105944,1.3791989664082687,0.31940634472472257
Shallow,USCRN,1031,4835,0.38800413650465354,1.016546018614271,0.3517702503123754
Shallow,USCRN,1037,4030,0.3379652605459057,1.1272952853598015,0.3806443674419594
Shallow,USCRN,1105,4607,0.3088777946602995,1.3457781636639896,0.23445688818078475
Shallow,USCRN,1107,2370,0.38649789029535864,1.0523206751054852,0.33002457445029104
Shallow,USCRN,1109,2917,0.4295509084676037,0.8621871786081591,0.5207785694005497
Shallow,USCRN,1116,3407,0.38802465512180806,0.9404167889638979,0.43600778900292103
Shallow,USCRN,1234,4807,0.3603078843353443,1.0904930309964636,0.40884797152604146
Shallow,USCRN,1346,4185,0.3627240143369176,1.1137395459976105,0.3082615802269172
Shallow,USCRN,1528,4638,0.45321259163432515,0.833117723156533,0.44592300826230835
Shallow,USCRN,1570,4782,0.3858218318695107,0.9734420744458385,0.35325599267635766
Shallow,UMRB Mesonet,CFCM8,0,NA,NA,NA
Shallow,UMRB Mesonet,CPTS2,0,NA,NA,NA
Shallow,UMRB Mesonet,CYMW4,0,NA,NA,NA
Shallow,UMRB Mesonet,HAMS2,0,NA,NA,NA
Shallow,SCAN,SCAN:2008,7002,0.32062267923450444,1.3454727220794058,0.2749178084184744
Shallow,SCAN,SCAN:2025,7428,0.3455842757135164,1.071486268174475,0.34147482722629513
Shallow,SCAN,SCAN:2035,7666,0.29572136707539787,1.3184189929559091,0.24170337256724353
Shallow,SCAN,SCAN:2037,6687,0.3816360101689846,0.980858381935098,0.46165131916790564
Shallow,SCAN,SCAN:2057,6706,0.3033104682373993,1.2840739636146734,0.2924179138630425
Shallow,SCAN,SCAN:2084,5390,0.350278293135436,1.1794063079777366,0.36552049409766957
Shallow,SCAN,SCAN:2088,6416,0.37001246882793015,1.0439526184538654,0.35979879405658804
Shallow,SCAN,SCAN:2130,4086,0.3433675966715614,1.1715614292706804,0.37378527540023265
Shallow,SCAN,SCAN:2133,3791,0.27749934054339226,1.4832498021630176,0.17548336630386727
Shallow,SCAN,SCAN:2158,3735,0.3228915662650602,1.1601070950468542,0.337819028427857
Shallow,SCAN,SCAN:2162,3111,0.29926068788171006,1.3535840565734492,0.14012226130366034
Shallow,SCAN,SCAN:2179,4018,0.33349925335988057,1.1908909905425584,0.3079743919355717
Shallow,SCAN,SCAN:2180,3369,0.39091718610863757,0.9744731374295043,0.37842218743061956
Shallow,SCAN,SCAN:2190,0,NA,NA,NA
Shallow,SCAN,SCAN:2194,3307,0.29634109464771696,1.5576050801330512,0.22130072134399628
Shallow,SCAN,SCAN:2196,2246,0.3748886910062333,1.014692787177204,0.35313608173805955
Shallow,SCAN,SCAN:2215,1718,0.36845168800931316,1.0424912689173458,0.31574671439702584
Shallow,SCAN,SCAN:2219,176,0.3125,1.1761363636363635,0.4507787822677281
Shallow,SCAN,SCAN:2227,0,NA,NA,NA
Shallow,SNTL,SNTL:1006,3365,0.34591381872213967,1.063893016344725,0.3509636936254544
Shallow,SNTL,SNTL:1014,2716,0.24558173784977907,1.6505891016200294,0.19930430729485737
Shallow,SNTL,SNTL:1030,2069,0.3697438376027066,0.9850169163847269,0.5109302374058452
Shallow,SNTL,SNTL:1042,2146,0.3070829450139795,1.2805219012115563,0.22053007314604417
Shallow,SNTL,SNTL:1054,3330,0.35585585585585583,1.1588588588588589,0.31744218534980595
Shallow,SNTL,SNTL:1117,1610,0.3024844720496894,1.2571428571428571,0.32621511068334835
Shallow,SNTL,SNTL:1141,2071,0.3394495412844037,1.2298406566875906,0.3156519178605505
Shallow,SNTL,SNTL:1156,2233,0.27407075682937754,1.4209583519928348,0.1613380589060577
Shallow,SNTL,SNTL:1163,2291,0.2736796158882584,1.4111741597555651,0.3018001955513519
Shallow,SNTL,SNTL:1187,911,0.15587266739846323,2.0340285400658615,0.18276143223813673
Shallow,SNTL,SNTL:1236,1670,0.4089820359281437,1.044311377245509,0.30300553754351867
Shallow,SNTL,SNTL:1243,2037,0.3132056946489936,1.3775159548355425,0.18187700713805047
Shallow,SNTL,SNTL:1262,1723,0.3000580383052815,1.318049912942542,0.24926402307225695
Shallow,SNTL,SNTL:333,3487,0.33295096071121305,1.262403211930026,0.21326314904718294
Shallow,SNTL,SNTL:366,2663,0.34998122418325195,1.1092752534735262,0.23223338300078616
Shallow,SNTL,SNTL:371,3137,0.37934332164488366,0.9678036340452661,0.3970612681255916
Shallow,SNTL,SNTL:392,4247,0.2564162938544855,1.4716270308453026,0.2085141299135979
Shallow,SNTL,SNTL:393,3942,0.2965499746321664,1.3546423135464232,0.15460121499513202
Shallow,SNTL,SNTL:400,3222,0.3575418994413408,1.0754189944134078,0.28639733338660595
Shallow,SNTL,SNTL:454,3935,0.2716645489199492,1.4182973316391358,0.25528976933872827
Shallow,SNTL,SNTL:457,4134,0.24915336236090954,1.5960328979196903,0.1582540901807754
Shallow,SNTL,SNTL:484,4026,0.265772478887233,1.5099354197714854,0.20270616582356976
Shallow,SNTL,SNTL:485,1489,0.32236400268636667,1.2296843519140364,0.369351932794016
Shallow,SNTL,SNTL:493,2567,0.3657966497857421,1.1168679392286716,0.2959544740154242
Shallow,SNTL,SNTL:517,3067,0.34104988588196933,1.2852950766221063,0.3276084726789448
Shallow,SNTL,SNTL:521,3573,0.31821998320738876,1.2261404981808004,0.35439171393917795
Shallow,SNTL,SNTL:549,2802,0.37544610992148464,1.1481084939329051,0.26059067350878257
Shallow,SNTL,SNTL:596,2813,0.36829008176324207,1.164592961251333,0.26761575890620426
Shallow,SNTL,SNTL:653,0,NA,NA,NA
Shallow,SNTL,SNTL:766,2221,0.31517334533993696,1.315173345339937,0.19640622045944223
Shallow,SNTL,SNTL:784,3411,0.23746701846965698,1.6470243330401642,0.12248412597544374
Shallow,SNTL,SNTL:809,4712,0.341893039049236,1.2016129032258065,0.2312728389302351
Shallow,SNTL,SNTL:826,0,NA,NA,NA
Shallow,SNTL,SNTL:848,3843,0.3229247983346344,1.2708821233411398,0.2678304495803411
Shallow,SNTL,SNTL:864,3543,0.3163985323172453,1.2390629410104432,0.2612270388818456
Shallow,SNTL,SNTL:867,1218,0.43596059113300495,0.9146141215106732,0.5084086105118979
Shallow,SNTL,SNTL:874,2762,0.2052860246198407,1.8609703113685736,0.09637645223036542
Shallow,SNTL,SNTL:939,2813,0.3473160327052968,1.1030927835051547,0.4072271271730858
Shallow,UMRB Mesonet,STMS2,0,NA,NA,NA
Shallow,UMRB Mesonet,WTES2,0,NA,NA,NA
Middle,USCRN,1005,4868,0.3635990139687757,1.032456861133936,0.4334814220780182
Middle,USCRN,1029,4046,0.2787938704893722,1.4557587740978744,0.22732605443684054
Middle,USCRN,1037,4504,0.3428063943161634,1.1456483126110124,0.4229719670125621
Middle,USCRN,1234,4785,0.29529780564263325,1.2835945663531871,0.24689215455383234
Middle,USCRN,1347,4596,0.3313751087902524,1.2308529155787642,0.29140958652115245
Middle,USCRN,1407,4885,0.3299897645854657,1.1842374616171956,0.30371348651722707
Middle,USCRN,1508,4034,0.38001983143282103,1.0800694100148736,0.3781020717373352
Middle,UMRB Mesonet,CSRN8,0,NA,NA,NA
Middle,UMRB Mesonet,CTWS2,0,NA,NA,NA
Middle,UMRB Mesonet,DKSN8,0,NA,NA,NA
Middle,UMRB Mesonet,GANN8,0,NA,NA,NA
Middle,UMRB Mesonet,GOTS2,0,NA,NA,NA
Middle,UMRB Mesonet,KEEM8,0,NA,NA,NA
Middle,UMRB Mesonet,LLAS2,0,NA,NA,NA
Middle,UMRB Mesonet,MARN8,0,NA,NA,NA
Middle,SCAN,SCAN:2002,5742,0.30912574016022293,1.3134796238244515,0.28110290144772254
Middle,SCAN,SCAN:2030,6581,0.29053335359367877,1.2739705211973864,0.32074888984824645
Middle,SCAN,SCAN:2034,6921,0.29186533737899145,1.3457592833405578,0.25036837184576005
Middle,SCAN,SCAN:2072,5088,0.2918632075471698,1.391312893081761,0.242445796837542
Middle,SCAN,SCAN:2092,6317,0.26753205635586513,1.436916257717271,0.27175183488210075
Middle,SCAN,SCAN:2121,4190,0.3291169451073986,1.1866348448687352,0.379148121582309
Middle,SCAN,SCAN:2125,5094,0.25618374558303886,1.6383981154299176,0.09196063599485334
Middle,SCAN,SCAN:2127,5357,0.30184804928131415,1.4625723352622737,0.07037356513300985
Middle,SCAN,SCAN:2146,5230,0.3502868068833652,1.1638623326959847,0.23737436752982202
Middle,SCAN,SCAN:2147,4255,0.3299647473560517,1.14524089306698,0.35429037239290284
Middle,SCAN,SCAN:2149,4588,0.2855274629468178,1.533129904097646,0.03834367010927234
Middle,SCAN,SCAN:2171,3368,0.26811163895486934,1.4750593824228029,0.15076370556719823
Middle,SCAN,SCAN:2173,3537,0.3044953350296862,1.2716991800961266,0.2334326901814526
Middle,SCAN,SCAN:2176,3588,0.30183946488294316,1.2636566332218506,0.1949181560297903
Middle,SCAN,SCAN:2193,1764,0.2675736961451247,1.5028344671201814,0.09991216472637668
Middle,SCAN,SCAN:2196,2661,0.3385945133408493,1.0706501315295003,0.280365413296124
Middle,SCAN,SCAN:2214,285,0.3298245614035088,1.3157894736842106,-0.16536097851546977
Middle,SCAN,SCAN:2217,2908,0.23005502063273728,1.7173314993122422,0.038525590801388225
Middle,SCAN,SCAN:674,6380,0.2753918495297806,1.5184952978056427,0.07265694024440532
Middle,SNTL,SNTL:1033,6640,0.27018072289156625,1.6561746987951806,0.10987759730485443
Middle,SNTL,SNTL:1117,2232,0.2974910394265233,1.1653225806451613,0.3118854897135109
Middle,SNTL,SNTL:1130,0,NA,NA,NA
Middle,SNTL,SNTL:1170,4257,0.1940333568240545,1.6732440685929058,0.16090363608948635
Middle,SNTL,SNTL:1194,3611,0.3375796178343949,1.31597895319856,0.17935310711572747
Middle,SNTL,SNTL:1212,3679,0.3071486817069856,1.3802663767328078,0.09227474911824247
Middle,SNTL,SNTL:1258,0,NA,NA,NA
Middle,SNTL,SNTL:1269,1580,0.4569620253164557,0.8651898734177215,0.3945088822608273
Middle,SNTL,SNTL:310,6925,0.26223826714801446,1.432057761732852,0.16296681236808297
Middle,SNTL,SNTL:340,4401,0.3308339013860486,1.1835946375823676,0.18061495001958944
Middle,SNTL,SNTL:356,5191,0.3234444230398767,1.2506260836062415,0.25417186066151576
Middle,SNTL,SNTL:366,5416,0.3007754800590842,1.3173929098966026,0.19061469663762384
Middle,SNTL,SNTL:374,5537,0.2020949972909518,1.6597435434350731,0.030914673787685903
Middle,SNTL,SNTL:395,0,NA,NA,NA
Middle,SNTL,SNTL:474,5876,0.2823349217154527,1.3727025187202178,0.19102251540343626
Middle,SNTL,SNTL:528,3799,0.3637799420900237,1.1039747301921559,0.3371663485350375
Middle,SNTL,SNTL:546,922,0.46203904555314534,0.8828633405639913,0.24469798356011752
Middle,SNTL,SNTL:577,4498,0.3008003557136505,1.324811027123166,0.23464330279951479
Middle,SNTL,SNTL:633,5623,0.35603770229414905,1.1486750844744797,0.2639409576223002
Middle,SNTL,SNTL:682,2432,0.3363486842105263,1.229029605263158,0.38170387923794896
Middle,SNTL,SNTL:691,6875,0.3563636363636364,1.0967272727272728,0.39609562424893097
Middle,SNTL,SNTL:707,6307,0.32170604090692884,1.244173140954495,0.2512645489299961
Middle,SNTL,SNTL:724,6785,0.28975681650700075,1.447015475313191,0.06377090939142267
Middle,SNTL,SNTL:746,5845,0.3206159110350727,1.226689478186484,0.194380359970792
Middle,SNTL,SNTL:759,0,NA,NA,NA
Middle,SNTL,SNTL:766,3485,0.3012912482065997,1.515925394548063,0.28189699007234686
Middle,SNTL,SNTL:772,96,0.16666666666666666,1.5104166666666667,0.4524287434765149
Middle,SNTL,SNTL:790,5543,0.284142161284503,1.344217932527512,0.17549911064003992
Middle,SNTL,SNTL:803,0,NA,NA,NA
Middle,SNTL,SNTL:839,3475,0.31510791366906477,1.2474820143884893,0.2592770841979715
Middle,SNTL,SNTL:844,6355,0.24862313139260425,1.577970102281668,0.017354902747040126
Middle,SNTL,SNTL:846,6275,0.3314741035856574,1.2820717131474104,0.1670199971121885
Middle,SNTL,SNTL:926,3200,0.3075,1.3471875,0.13792268140043829
Middle,SNTL,SNTL:935,2733,0.32491767288693746,1.539699963410172,0.2165438120156784
Middle,UMRB Mesonet,TIMS2,0,NA,NA,NA
Middle,UMRB Mesonet,WLLN8,0,NA,NA,NA
Middle,UMRB Mesonet,WRIS2,0,NA,NA,NA
Middle,UMRB Mesonet,ZELN8,0,NA,NA,NA
Middle,USCRN,1014,3365,0.24457652303120356,1.8989598811292718,0.02615151042472279
Middle,USCRN,1019,4647,0.2573703464600818,1.3968151495588552,0.2638517306142513
Middle,USCRN,1026,4728,0.2755922165820643,1.4509306260575296,0.26051041480835446
Middle,USCRN,1027,4743,0.3972169512966477,0.9399114484503479,0.437427218696634
Middle,USCRN,1030,4932,0.3386050283860503,1.0932684509326844,0.3893062264216359
Middle,USCRN,1035,2849,0.26921726921726924,1.4376974376974376,0.2617213911121243
Middle,USCRN,1113,4203,0.3652153223887699,1.0756602426837973,0.4098271648144159
Middle,USCRN,1114,3718,0.2982786444324906,1.3859601936525014,0.25125063765508876
Middle,USCRN,1118,3610,0.2966759002770083,1.292797783933518,0.3325972881932596
Middle,USCRN,1121,4360,0.31903669724770645,1.2662844036697247,0.197497763110209
Middle,USCRN,1122,4910,0.3140529531568228,1.2181262729124236,0.2905557591603991
Middle,USCRN,1123,4065,0.34415744157441575,1.1060270602706026,0.29268119227962913
Middle,USCRN,1387,3447,0.34812880765883375,1.157818392805338,0.17752321713747427
Middle,UMRB Mesonet,BFMS2,0,NA,NA,NA
Middle,UMRB Mesonet,BLWM8,0,NA,NA,NA
Middle,UMRB Mesonet,CURN8,0,NA,NA,NA
Middle,UMRB Mesonet,DDMW4,0,NA,NA,NA
Middle,UMRB Mesonet,GGMS2,0,NA,NA,NA
Middle,UMRB Mesonet,HIHS2,0,NA,NA,NA
Middle,UMRB Mesonet,PVMS2,0,NA,NA,NA
Middle,UMRB Mesonet,RADM8,0,NA,NA,NA
Middle,SCAN,SCAN:2003,5722,0.30094372596994057,1.3600139811254806,0.23087050157447642
Middle,SCAN,SCAN:2004,6329,0.3171117080107442,1.223732027176489,0.28109628188985164
Middle,SCAN,SCAN:2013,7105,0.2841660802251935,1.394933145672062,0.2764090549216955
Middle,SCAN,SCAN:2035,7853,0.2583725964599516,1.7360244492550618,0.14287817193426158
Middle,SCAN,SCAN:2038,7336,0.3124318429661941,1.383042529989095,0.27869159910042784
Middle,SCAN,SCAN:2060,6275,0.3062948207171315,1.3666932270916334,0.2328546861821846
Middle,SCAN,SCAN:2079,6866,0.25385959801922514,1.531022429362074,0.18686814968859095
Middle,SCAN,SCAN:2082,6211,0.3709547576879729,1.0511994847850588,0.2716769590043622
Middle,SCAN,SCAN:2086,6236,0.20397690827453496,1.93120590121873,0.10584327798006904
Middle,SCAN,SCAN:2110,5710,0.1966725043782837,1.9327495621716286,0.07309684533760158
Middle,SCAN,SCAN:2134,4957,0.23764373613072423,1.7581198305426669,0.10800811280289428
Middle,SCAN,SCAN:2135,5255,0.27326355851569933,1.4300666032350142,0.12668361859851954
Middle,SCAN,SCAN:2142,4564,0.3479404031551271,1.1437335670464506,0.24745206182664828
Middle,SCAN,SCAN:2148,3863,0.28863577530416773,1.3233238415739064,0.13544316072874024
Middle,SCAN,SCAN:2158,4350,0.21057471264367816,1.7395402298850575,0.12396531177351505
Middle,SCAN,SCAN:2166,4267,0.2331849074291071,1.498945394891024,0.1676172882771112
Middle,SCAN,SCAN:2179,4015,0.33499377334993774,1.1506849315068493,0.2690612514786349
Middle,SCAN,SCAN:2183,2387,0.3028906577293674,1.4000837871805614,-0.0717861231452998
Middle,SCAN,SCAN:2184,2810,0.29252669039145907,1.5163701067615658,-0.07166098179758468
Middle,SCAN,SCAN:2205,1516,0.33047493403693934,1.1794195250659631,0.02619560168643757
Middle,SNTL,SNTL:1016,6710,0.2767511177347243,1.5520119225037259,0.19303399213815398
Middle,SNTL,SNTL:1053,0,NA,NA,NA
Middle,SNTL,SNTL:1141,2579,0.28383094222566885,1.4082977898410236,0.2675393226256345
Middle,SNTL,SNTL:1261,1988,0.2917505030181087,1.3269617706237424,0.21066512099695706
Middle,SNTL,SNTL:334,3521,0.30360692984947457,1.4069866515194547,0.1440545578649205
Middle,SNTL,SNTL:367,0,NA,NA,NA
Middle,SNTL,SNTL:390,6511,0.30394716633389646,1.2297650130548303,0.27713650863385314
Middle,SNTL,SNTL:432,5501,0.2884930012724959,1.443192146882385,0.15419427057874432
Middle,SNTL,SNTL:445,6345,0.21418439716312057,1.5199369582348305,0.17096474970560074
Middle,SNTL,SNTL:518,6677,0.22180620038939644,1.682791672906994,0.025781238123458023
Middle,SNTL,SNTL:543,4524,0.2504420866489832,1.5528293545534926,0.14841645784826632
Middle,SNTL,SNTL:572,6434,0.30494249300590615,1.300435188063413,0.16536413005703735
Middle,SNTL,SNTL:578,0,NA,NA,NA
Middle,SNTL,SNTL:589,5790,0.2972366148531952,1.3911917098445596,0.2375717199995793
Middle,SNTL,SNTL:594,5545,0.32082957619477004,1.3166816952209197,0.22451438911106383
Middle,SNTL,SNTL:645,4095,0.25103785103785103,1.6593406593406594,0.031683158094879885
Middle,SNTL,SNTL:654,4962,0.28536880290205563,1.4334945586457073,0.0437958931195288
Middle,SNTL,SNTL:708,3233,0.3201360965047943,1.2551809464893289,0.3998613432769714
Middle,SNTL,SNTL:730,4040,0.32821782178217823,1.2819306930693068,0.1876813141111484
Middle,SNTL,SNTL:737,2282,0.26292725679228746,1.2677475898334793,0.5030446092936997
Middle,SNTL,SNTL:744,2586,0.20765661252900233,1.6504253673627223,0.04898019554070079
Middle,SNTL,SNTL:778,6017,0.32940003323915573,1.2745554262921721,0.267409043165047
Middle,SNTL,SNTL:783,0,NA,NA,NA
Middle,SNTL,SNTL:802,3630,0.29476584022038566,1.3487603305785123,0.22262696669894255
Middle,SNTL,SNTL:828,6326,0.27884919380335127,1.415270312993993,0.2937557336651525
Middle,SNTL,SNTL:834,7159,0.2538063975415561,1.438608744238022,0.21457019730857643
Middle,SNTL,SNTL:835,0,NA,NA,NA
Middle,SNTL,SNTL:867,1992,0.357429718875502,1.0251004016064258,0.3321988640376798
Middle,SNTL,SNTL:907,5758,0.3289336575199722,1.133379645710316,0.3427073281635589
Middle,UMRB Mesonet,TURN8,0,NA,NA,NA
Middle,UMRB Mesonet,UNIS2,0,NA,NA,NA
Middle,USCRN,1001,2607,0.32681242807825084,1.2454929037207518,0.35530048270378506
Middle,USCRN,1023,4720,0.32161016949152543,1.2370762711864407,0.15605020563050084
Middle,USCRN,1050,3721,0.2179521633969363,1.7815103466809998,0.06766044925459783
Middle,USCRN,1068,4193,0.2904841402337229,1.4211781540663009,0.24335589572814795
Middle,USCRN,1111,4799,0.401750364659304,0.9543654928110022,0.4030281038817048
Middle,USCRN,1124,4111,0.35173923619557285,1.045487715884213,0.3849996414085477
Middle,USCRN,1130,4517,0.42174009298206777,0.8901926057117556,0.5081179815498353
Middle,USCRN,1138,3344,0.3675239234449761,1.0711722488038278,0.3377349116410526
Middle,USCRN,1140,3252,0.3367158671586716,1.166359163591636,0.3420751525343744
Middle,UMRB Mesonet,BOMN8,0,NA,NA,NA
Middle,UMRB Mesonet,BTSM8,0,NA,NA,NA
Middle,UMRB Mesonet,BWLS2,0,NA,NA,NA
Middle,UMRB Mesonet,COOM8,0,NA,NA,NA
Middle,UMRB Mesonet,HNTM8,0,NA,NA,NA
Middle,UMRB Mesonet,IGMM8,0,NA,NA,NA
Middle,UMRB Mesonet,MCYM8,0,NA,NA,NA
Middle,UMRB Mesonet,PLMW4,0,NA,NA,NA
Middle,UMRB Mesonet,RAYN8,0,NA,NA,NA
Middle,UMRB Mesonet,ROUM8,0,NA,NA,NA
Middle,SCAN,SCAN:2008,7523,0.3151668217466436,1.256147813372325,0.2877018805629159
Middle,SCAN,SCAN:2025,7681,0.22926702252310896,1.8107017315453717,0.196976566109506
Middle,SCAN,SCAN:2046,7357,0.26464591545466903,1.5301073807258394,0.11503400978748643
Middle,SCAN,SCAN:2050,5013,0.2704967085577499,1.3566726511071214,0.25687600210111117
Middle,SCAN,SCAN:2056,6570,0.34657534246575344,1.1439878234398781,0.3772976700074206
Middle,SCAN,SCAN:2061,5967,0.3060164236634825,1.2619406737053795,0.2635846224960727
Middle,SCAN,SCAN:2094,6437,0.25229144011185334,1.535653254621718,0.156159726141509
Middle,SCAN,SCAN:2105,5656,0.29437765205091937,1.297029702970297,0.288581526120415
Middle,SCAN,SCAN:2113,5425,0.3174193548387097,1.2127188940092166,0.30874723693852246
Middle,SCAN,SCAN:2126,4986,0.22162053750501404,1.6397914159647011,0.021212896241789497
Middle,SCAN,SCAN:2138,5199,0.2192729371032891,1.618388151567609,0.11056477686758
Middle,SCAN,SCAN:2150,4058,0.34351897486446525,1.2028092656481024,0.2730917823030269
Middle,SCAN,SCAN:2154,3754,0.2623867874267448,1.5676611614278104,0.15272189501088893
Middle,SCAN,SCAN:2168,4343,0.2606493207460281,1.4114667280681557,0.2601821689486326
Middle,SCAN,SCAN:2169,4446,0.18533513270355376,1.9635627530364372,-0.04837199735248767
Middle,SCAN,SCAN:808,5198,0.2110427087341285,1.8216621777606772,0.015402988265550675
Middle,SNTL,SNTL:1045,4466,0.23421406180026869,1.7124944021495745,0.07788648594235324
Middle,SNTL,SNTL:1047,2638,0.2805155420773313,1.4651250947687642,0.14491122027135991
Middle,SNTL,SNTL:1056,4471,0.29277566539923955,1.4339074032654886,0.167497620773356
Middle,SNTL,SNTL:1059,2592,0.25540123456790126,1.521604938271605,0.12282891674739373
Middle,SNTL,SNTL:1080,0,NA,NA,NA
Middle,SNTL,SNTL:1099,3023,0.30697982136950047,1.238504796559709,0.35834550518401637
Middle,SNTL,SNTL:1110,4900,0.22775510204081634,1.579591836734694,0.06661311180918285
Middle,SNTL,SNTL:1114,3909,0.3123561013046815,1.2210283960092094,0.35432333205200883
Middle,SNTL,SNTL:1136,3635,0.25061898211829436,1.491334250343879,0.2167152648948461
Middle,SNTL,SNTL:1138,4864,0.3359375,1.1023848684210527,0.3409838047167595
Middle,SNTL,SNTL:1140,3573,0.3554436048138819,1.0959977609851665,0.2607297719578149
Middle,SNTL,SNTL:1145,4069,0.3266158761366429,1.2096338166625706,0.31964217687319707
Middle,SNTL,SNTL:1184,3993,0.32607062359128475,1.140495867768595,0.3492533099631222
Middle,SNTL,SNTL:1228,1942,0.2981462409886715,1.5623069001029866,0.14892701977202116
Middle,SNTL,SNTL:1236,2025,0.3002469135802469,1.1565432098765431,0.3858502343250311
Middle,SNTL,SNTL:1251,1416,0.19562146892655366,1.5889830508474576,0.268159640465647
Middle,SNTL,SNTL:1254,2777,0.22830392509902772,1.6373784659704718,0.20676673007934446
Middle,SNTL,SNTL:348,5250,0.30533333333333335,1.352,0.12002228611364828
Middle,SNTL,SNTL:368,3204,0.24625468164794007,1.5886392009987516,0.2195058736627939
Middle,SNTL,SNTL:424,3780,0.3082010582010582,1.2817460317460319,0.22915340870195725
Middle,SNTL,SNTL:428,5621,0.25155666251556663,1.668030599537449,0.0117146759492478
Middle,SNTL,SNTL:443,6329,0.25517459314267654,1.5440037920682572,0.1310265449022423
Middle,SNTL,SNTL:453,5835,0.2726649528706084,1.4342759211653813,0.1900249037168264
Middle,SNTL,SNTL:529,0,NA,NA,NA
Middle,SNTL,SNTL:540,5801,0.32063437338389933,1.238579555249095,0.2077787709743769
Middle,SNTL,SNTL:541,6476,0.2794935145151328,1.550802964793082,0.09637833736972955
Middle,SNTL,SNTL:554,2114,0.4824976348155156,0.8297067171239356,0.3406770201811833
Middle,SNTL,SNTL:573,6635,0.2605877920120573,1.4233609645817633,0.182282329855006
Middle,SNTL,SNTL:582,6827,0.2911967189102095,1.5476783360187492,0.14627012537560552
Middle,SNTL,SNTL:583,7033,0.29859235034835774,1.2519550689606143,0.31124854581811234
Middle,SNTL,SNTL:621,5342,0.3330213403219768,1.3848745788094348,0.13958719769192773
Middle,SNTL,SNTL:653,0,NA,NA,NA
Middle,SNTL,SNTL:680,3328,0.33052884615384615,1.1120793269230769,0.310974908201796
Middle,SNTL,SNTL:723,3618,0.3333333333333333,1.2581536760641239,0.16687744891263162
Middle,SNTL,SNTL:914,3725,0.3073825503355705,1.2357046979865771,0.3799557160118131
Middle,SNTL,SNTL:970,0,NA,NA,NA
Middle,SNTL,SNTL:971,8142,0.2829771554900516,1.5424957013018914,0.1526356438277089
Middle,USCRN,1012,4542,0.2335975341259357,1.8223249669749009,0.13599063231369063
Middle,USCRN,1020,4441,0.3292051339788336,1.1598739022742626,0.22412509407790743
Middle,USCRN,1025,2908,0.3321870701513067,1.2090784044016507,0.3882741287683998
Middle,USCRN,1032,3767,0.31351207857711705,1.2468808070082293,0.3022406294279408
Middle,USCRN,1036,4649,0.2503764250376425,1.5285007528500754,0.17126773198949308
Middle,USCRN,1232,4372,0.2516010978956999,1.488106129917658,0.08963807007578832
Middle,USCRN,1426,3757,0.32525951557093424,1.2629757785467128,0.29064840209843534
Middle,UMRB Mesonet,CROM8,0,NA,NA,NA
Middle,UMRB Mesonet,CYMW4,0,NA,NA,NA
Middle,UMRB Mesonet,FLNS2,0,NA,NA,NA
Middle,UMRB Mesonet,OILM8,0,NA,NA,NA
Middle,UMRB Mesonet,OKNN8,0,NA,NA,NA
Middle,UMRB Mesonet,ONMS2,0,NA,NA,NA
Middle,UMRB Mesonet,RBMS2,0,NA,NA,NA
Middle,SCAN,SCAN:2005,8311,0.27830585970400673,1.4035615449404404,0.2731746517702617
Middle,SCAN,SCAN:2006,7945,0.3251101321585903,1.228319697923222,0.3637932295767378
Middle,SCAN,SCAN:2028,8078,0.30713047784104974,1.3664273334983907,0.1985189952219031
Middle,SCAN,SCAN:2036,2937,0.26591760299625467,1.4885938032005448,0.1836908150737861
Middle,SCAN,SCAN:2039,7934,0.37269977312830854,1.0413410637761533,0.3381627789046651
Middle,SCAN,SCAN:2090,5594,0.3641401501608867,0.9939220593493028,0.4339658249627989
Middle,SCAN,SCAN:2091,6634,0.25806451612903225,1.5581851070244197,0.23984929118786602
Middle,SCAN,SCAN:2104,4258,0.3250352278064819,1.2879286049788634,0.27764315432852216
Middle,SCAN,SCAN:2120,2634,0.3230827638572513,1.2657555049354594,0.32681429054727673
Middle,SCAN,SCAN:2156,4156,0.2548123195380173,1.7812800769971127,0.01747548113505605
Middle,SCAN,SCAN:2178,3761,0.3182664185057166,1.245679340600904,0.2941120497330973
Middle,SCAN,SCAN:2181,3572,0.2723964165733483,1.3659014557670772,0.19365861769048667
Middle,SCAN,SCAN:2191,3709,0.23186842814774872,1.4952817471016446,0.0846539532182454
Middle,SCAN,SCAN:2195,2993,0.3595055128633478,1.0514533912462412,0.3989250250420099
Middle,SCAN,SCAN:2223,0,NA,NA,NA
Middle,SCAN,SCAN:2229,0,NA,NA,NA
Middle,UMRB Mesonet,SHMW4,0,NA,NA,NA
Middle,SNTL,SNTL:1014,3572,0.353023516237402,1.8269876819708846,-0.04851689683838633
Middle,SNTL,SNTL:1111,4767,0.2737570799244808,1.4187119781833437,0.13774191346442663
Middle,SNTL,SNTL:1121,3929,0.22728429625858998,1.7253754135912447,0.014393699860075004
Middle,SNTL,SNTL:1137,3546,0.2955442752397067,1.3852227862380146,0.17797647671071215
Middle,SNTL,SNTL:1142,4531,0.3290664312513794,1.1778856764511145,0.30451918544267687
Middle,SNTL,SNTL:1146,4124,0.27643064985451016,1.5077594568380213,0.15114434815850813
Middle,SNTL,SNTL:1147,2713,0.3166236638407667,1.3026170291190564,0.12506461507251632
Middle,SNTL,SNTL:1151,2592,0.26003086419753085,1.429783950617284,0.26284996335462224
Middle,SNTL,SNTL:1185,1610,0.3770186335403727,1.037888198757764,0.47786702475665815
Middle,SNTL,SNTL:1192,3624,0.27179911699779247,1.761037527593819,0.274710682419345
Middle,SNTL,SNTL:1195,3867,0.23946211533488493,1.7801913628135506,0.062829066443415
Middle,SNTL,SNTL:1223,3586,0.2919687674288901,1.4102063580591189,0.2331650495011017
Middle,SNTL,SNTL:1248,2148,0.31424581005586594,1.164804469273743,0.4126441907957568
Middle,SNTL,SNTL:1249,1485,0.3474747474747475,0.9912457912457913,0.36822652197571154
Middle,SNTL,SNTL:1262,2858,0.281665500349895,1.4058782365290412,0.08133612982463348
Middle,SNTL,SNTL:1272,0,NA,NA,NA
Middle,SNTL,SNTL:1277,310,0.2967741935483871,1.293548387096774,0.3558374214462256
Middle,SNTL,SNTL:2029,6364,0.345223130106851,1.1923318667504714,0.3160899552948684
Middle,SNTL,SNTL:333,6544,0.3682762836185819,1.175122249388753,0.3200869217381616
Middle,SNTL,SNTL:359,2317,0.28787224859732413,1.2792403970651705,0.24584920029550905
Middle,SNTL,SNTL:364,5465,0.29661482159194874,1.3818847209515097,0.19495947572547764
Middle,SNTL,SNTL:383,6976,0.3122133027522936,1.260894495412844,0.24013250668840838
Middle,SNTL,SNTL:393,6878,0.315644082582146,1.3300378016865368,0.2182835937327957
Middle,SNTL,SNTL:498,6071,0.2551474221709768,1.5865590512271455,0.04430518455690005
Middle,SNTL,SNTL:505,1451,0.20124052377670573,1.9000689179875947,-0.030271247149176547
Middle,SNTL,SNTL:527,5387,0.3100055689623167,1.2912567291627994,0.20269255856099203
Middle,SNTL,SNTL:539,5843,0.29419818586342633,1.4406982714359062,0.03421624869773972
Middle,SNTL,SNTL:549,4794,0.31622861910721733,1.2657488527325824,0.312582778961978
Middle,SNTL,SNTL:550,3336,0.335431654676259,1.209232613908873,0.18236876942690539
Middle,SNTL,SNTL:561,6957,0.3350582147477361,1.2341526520051747,0.341454779342964
Middle,SNTL,SNTL:566,3546,0.3849407783417936,0.9763113367174281,0.4227835113314382
Middle,SNTL,SNTL:579,5764,0.29718945176960443,1.4094378903539209,0.14848335663254622
Middle,SNTL,SNTL:586,2667,0.3160854893138358,1.2913385826771653,0.3061865075294027
Middle,SNTL,SNTL:694,3816,0.3170859538784067,1.305293501048218,0.1660742406393381
Middle,SNTL,SNTL:714,5692,0.3135980323260717,1.2626493323963457,0.19371762595846767
Middle,SNTL,SNTL:770,4903,0.32939016928411174,1.246991637772792,0.255761364672972
Middle,SNTL,SNTL:814,3501,0.3390459868608969,1.1665238503284776,0.2759129163090276
Middle,SNTL,SNTL:816,2494,0.27465918203688855,1.4967923015236568,0.1041907671638334
Middle,SNTL,SNTL:832,0,NA,NA,NA
Middle,SNTL,SNTL:872,4589,0.34146872957071256,1.3512747875354107,0.1885780958295426
Middle,SNTL,SNTL:979,6658,0.2976869930910183,1.3697807149294083,0.2659293320880403
Middle,USCRN,1004,3899,0.2495511669658887,1.5008976660682227,0.24330657037535713
Middle,USCRN,1028,4869,0.28342575477510784,1.4107619634421853,0.18996726134075892
Middle,USCRN,1038,4181,0.3087778043530256,1.3097345132743363,0.2832683470880773
Middle,USCRN,1042,4173,0.286843997124371,1.3831775700934579,0.24872317953433296
Middle,USCRN,1235,3023,0.314257360238174,1.167714191200794,0.351808249809059
Middle,USCRN,1236,3521,0.2570292530531099,1.4967338824197671,0.18983050245238195
Middle,USCRN,1406,4891,0.33346963811081576,1.1373952157023104,0.2851074548518711
Middle,USCRN,1446,3413,0.35335481980662176,1.029592733665397,0.4670823530252068
Middle,UMRB Mesonet,BBMW4,0,NA,NA,NA
Middle,UMRB Mesonet,CFCM8,0,NA,NA,NA
Middle,UMRB Mesonet,MCIM8,0,NA,NA,NA
Middle,UMRB Mesonet,ROBN8,0,NA,NA,NA
Middle,SCAN,SCAN:2021,8882,0.3165953614050889,1.1962395856789012,0.286377557558858
Middle,SCAN,SCAN:2022,6052,0.25760079312623924,1.5619629874421679,0.2027008567933786
Middle,SCAN,SCAN:2024,7022,0.27542010823127316,1.4468812304186842,0.21743943397455015
Middle,SCAN,SCAN:2055,4937,0.2669637431638647,1.3570994531091756,0.3185057401314005
Middle,SCAN,SCAN:2069,6760,0.30902366863905323,1.3026627218934912,0.30892123041702774
Middle,SCAN,SCAN:2075,6559,0.40402500381155665,0.8861106876048178,0.46811185325636817
Middle,SCAN,SCAN:2077,6362,0.32772712983338576,1.1606413077648539,0.3551518973691875
Middle,SCAN,SCAN:2088,6457,0.3518661917299055,1.217748180269475,0.2709626327507212
Middle,SCAN,SCAN:2093,6515,0.3082118188795088,1.355333844973139,0.16594671103756733
Middle,SCAN,SCAN:2107,4208,0.29895437262357416,1.5061787072243347,0.16023137535985701
Middle,SCAN,SCAN:2115,5582,0.20834826227158723,1.6085632389824436,0.2479966109885753
Middle,SCAN,SCAN:2117,3999,0.2590647661915479,1.719679919979995,-0.016591431034150082
Middle,SCAN,SCAN:2136,5060,0.28715415019762847,1.6043478260869566,0.08673265441167702
Middle,SCAN,SCAN:2140,5294,0.29165092557612393,1.2999622213826973,0.12945763975172978
Middle,SCAN,SCAN:2141,4543,0.35285053929121724,1.1644287915474356,0.2505805275342858
Middle,SCAN,SCAN:2160,4306,0.284486762656758,1.456572224802601,0.1815515369111497
Middle,SCAN,SCAN:2172,4015,0.26301369863013696,1.6191780821917807,0.008021693317522031
Middle,SCAN,SCAN:2174,3779,0.2378936226514951,1.793860809738026,0.07634591405157667
Middle,SCAN,SCAN:2189,3361,0.3118119607259744,1.2424873549538828,0.19104750817266017
Middle,SCAN,SCAN:2190,521,0.2744721689059501,1.4913627639155471,0.029293638608905256
Middle,SCAN,SCAN:2194,3453,0.2904720532869968,1.3475238922675934,0.24762390262534772
Middle,SCAN,SCAN:2197,2585,0.28588007736943905,1.323404255319149,0.14366592818147517
Middle,SCAN,SCAN:2198,2331,0.28914628914628915,1.5285285285285286,0.14013433292441277
Middle,SCAN,SCAN:2201,2724,0.3314977973568282,1.1523494860499266,0.23544424086544014
Middle,SNTL,SNTL:1013,6993,0.30244530244530243,1.3243243243243243,0.19549362344397486
Middle,SNTL,SNTL:1030,3291,0.3378912184746278,1.0364630811303555,0.3604074207841996
Middle,SNTL,SNTL:1034,6136,0.21903520208604954,1.8973272490221642,0.036236304313776474
Middle,SNTL,SNTL:1042,5793,0.32452960469532194,1.214224063524944,0.3421046274476977
Middle,SNTL,SNTL:1065,6383,0.310512298292339,1.2959423468588438,0.21835115342995406
Middle,SNTL,SNTL:1067,6120,0.280718954248366,1.3594771241830066,0.20024827100598327
Middle,SNTL,SNTL:1097,3820,0.3149214659685864,1.2455497382198952,0.1888836990766014
Middle,SNTL,SNTL:1112,4433,0.2679900744416873,1.4367245657568237,0.11945254653635297
Middle,SNTL,SNTL:1116,3070,0.31400651465798046,1.4061889250814332,0.11365329322000253
Middle,SNTL,SNTL:1149,3061,0.21659588369813787,1.5749754982032016,0.09209863351500308
Middle,SNTL,SNTL:1197,3122,0.3539397821909033,1.1973094170403586,0.4384443983617497
Middle,SNTL,SNTL:1216,2038,0.239450441609421,1.6211972522080471,0.12622841161217244
Middle,SNTL,SNTL:1217,2665,0.3181988742964353,1.3354596622889305,0.19320244958253432
Middle,SNTL,SNTL:1242,3077,0.3311667208319792,1.138446538836529,0.21368635583948556
Middle,SNTL,SNTL:329,6425,0.3159533073929961,1.338988326848249,0.21953506007972093
Middle,SNTL,SNTL:444,6422,0.2992837122391778,1.384459669884771,0.19844563149830205
Middle,SNTL,SNTL:462,6012,0.3250166333998669,1.3092149035262808,0.16436392024911525
Middle,SNTL,SNTL:491,3491,0.28931538241191634,1.2532225723288457,0.3336768132164699
Middle,SNTL,SNTL:503,6707,0.30788728194423737,1.4671239004025645,0.16540358235124672
Middle,SNTL,SNTL:522,3654,0.28160919540229884,1.374384236453202,0.12414173415026461
Middle,SNTL,SNTL:569,6587,0.3169880066798239,1.3519052679520267,0.15727996716452824
Middle,SNTL,SNTL:631,6634,0.3200180886343081,1.3179077479650287,0.1839334489127995
Middle,SNTL,SNTL:634,5418,0.2692875599852344,1.4069767441860466,0.222193208051932
Middle,SNTL,SNTL:643,4690,0.25010660980810234,1.5392324093816632,0.11731047737703465
Middle,SNTL,SNTL:697,6628,0.24532287266143632,1.645896197948099,0.1780718073743906
Middle,SNTL,SNTL:736,0,NA,NA,NA
Middle,SNTL,SNTL:762,2854,0.23545900490539592,1.5679747722494743,0.11560643699149623
Middle,SNTL,SNTL:809,6887,0.3576303179904167,1.1589952083635835,0.2153383805183849
Middle,SNTL,SNTL:823,5328,0.306493993993994,1.3141891891891893,0.23398277378010493
Middle,SNTL,SNTL:837,658,0.23100303951367782,1.553191489361702,0.12519183998123545
Middle,SNTL,SNTL:840,3743,0.34357467272241515,1.2628907293614748,0.3667799388423784
Middle,SNTL,SNTL:848,6793,0.25408508759016635,1.6455174444280878,0.11466248341635547
Middle,SNTL,SNTL:864,5181,0.2526539278131635,1.5533680756610693,0.14317325424584404
Middle,SNTL,SNTL:937,3193,0.2896962104603821,1.254306295020357,0.2615546535602799
Middle,SNTL,SNTL:992,3527,0.3433512900481996,1.1420470654947548,0.3734499217857526
Middle,UMRB Mesonet,STRN8,0,NA,NA,NA
Middle,USCRN,1017,3924,0.3922018348623853,1.0040774719673802,0.37867918709341847
Middle,USCRN,1049,4536,0.3073192239858907,1.3355379188712522,0.15385278458568824
Middle,USCRN,1116,4272,0.3321629213483146,1.225187265917603,0.33809838782868773
Middle,USCRN,1142,4842,0.2771581990912846,1.4326724494010739,0.2457795949453613
Middle,USCRN,1231,3939,0.32927138867732925,1.2805280528052805,0.28140726751144224
Middle,USCRN,1447,2891,0.38256658595641646,1.0242130750605327,0.39915674978774607
Middle,USCRN,1487,2849,0.36995436995437,1.0136890136890138,0.3528380247556575
Middle,UMRB Mesonet,JSTN8,0,NA,NA,NA
Middle,UMRB Mesonet,LCMS2,0,NA,NA,NA
Middle,UMRB Mesonet,MLVM8,0,NA,NA,NA
Middle,UMRB Mesonet,MVMS2,0,NA,NA,NA
Middle,UMRB Mesonet,NOMS2,0,NA,NA,NA
Middle,SCAN,SCAN:2012,7240,0.24281767955801106,1.5756906077348067,0.1841567035360539
Middle,SCAN,SCAN:2018,6862,0.32439522005246285,1.2814048382395804,0.1900852343465211
Middle,SCAN,SCAN:2032,8102,0.2537645025919526,1.6778573191804493,0.0958995085460578
Middle,SCAN,SCAN:2037,6582,0.36204800972348833,1.027043451838347,0.4436469969600836
Middle,SCAN,SCAN:2047,6961,0.3308432696451659,1.1422209452664847,0.3565663858554307
Middle,SCAN,SCAN:2064,6198,0.26072926750564696,1.621813488222007,0.1842331676428469
Middle,SCAN,SCAN:2083,6040,0.34122516556291393,1.1375827814569537,0.3780401277621057
Middle,SCAN,SCAN:2084,5405,0.28751156336725253,1.4162812210915818,0.20434004762505353
Middle,SCAN,SCAN:2106,5411,0.2522639068564036,1.5296618000369617,0.10272458305321903
Middle,SCAN,SCAN:2109,5365,0.24156570363466914,1.8205032618825723,0.13700591228998196
Middle,SCAN,SCAN:2132,4275,0.2982456140350877,1.3936842105263159,0.10774879889707524
Middle,SCAN,SCAN:2144,4477,0.3377261559079741,1.3035514853696673,0.11769765588551548
Middle,SCAN,SCAN:2159,4413,0.30092907319283935,1.3725356900067982,0.1262616035040121
Middle,SCAN,SCAN:2162,4095,0.28547008547008546,1.2578754578754578,0.19327664244147372
Middle,SCAN,SCAN:2180,3370,0.300593471810089,1.2706231454005934,0.2552011218356362
Middle,SCAN,SCAN:2185,3116,0.3356867779204108,1.3055198973042361,0.08663165838875019
Middle,SCAN,SCAN:2204,2674,0.2094240837696335,1.5770381451009723,0.06269116546339966
Middle,SCAN,SCAN:2215,2342,0.26174210076857385,1.4099060631938514,0.12481402281232037
Middle,SCAN,SCAN:2220,2678,0.2826736370425691,1.5784167289021658,0.1712389741192483
Middle,UMRB Mesonet,SHSS2,0,NA,NA,NA
Middle,SNTL,SNTL:1015,6232,0.2893132220795892,1.6001283697047497,0.16648729618132976
Middle,SNTL,SNTL:1051,5739,0.35180345007841085,1.106813033629552,0.2888469858917022
Middle,SNTL,SNTL:1054,6530,0.3485451761102603,1.2457886676875958,0.28739569465079623
Middle,SNTL,SNTL:1083,3515,0.29046941678520627,1.280796586059744,0.31350275957070095
Middle,SNTL,SNTL:1098,3554,0.259144625773776,1.6181767023072595,0.08036536078531635
Middle,SNTL,SNTL:1115,4417,0.3158252207380575,1.3563504641159159,0.2557016464377786
Middle,SNTL,SNTL:1123,1763,0.25127623369256946,1.4214407260351674,0.2032942923764961
Middle,SNTL,SNTL:1125,3948,0.24822695035460993,1.7125126646403241,0.038584767157708595
Middle,SNTL,SNTL:1148,2158,0.3359592215013902,1.2252085264133457,0.3251441188346772
Middle,SNTL,SNTL:1153,3228,0.3045229244114003,1.1995043370508054,0.38140449909908464
Middle,SNTL,SNTL:1163,3867,0.29092319627618307,1.5668476855443496,0.19508648722904007
Middle,SNTL,SNTL:1168,2082,0.22670509125840538,1.697406340057637,0.10252073955443992
Middle,SNTL,SNTL:1278,509,0.3163064833005894,1.0962671905697445,0.5407141621713343
Middle,SNTL,SNTL:339,3960,0.29823232323232324,1.5123737373737374,0.19343666372470214
Middle,SNTL,SNTL:378,6881,0.31419851765731727,1.377706728673158,0.22440911123704257
Middle,SNTL,SNTL:380,6174,0.2606090055069647,1.5058309037900874,0.1858205610955876
Middle,SNTL,SNTL:392,6141,0.30516202572870865,1.3779514737013516,0.2372254355090939
Middle,SNTL,SNTL:452,4790,0.3217118997912317,1.2553235908141962,0.3238546848742233
Middle,SNTL,SNTL:463,7063,0.31190712161970835,1.464958233045448,0.04633396233856733
Middle,SNTL,SNTL:481,3318,0.3285111512959614,1.2411091018685956,0.292812554029918
Middle,SNTL,SNTL:485,1927,0.3274519979242346,1.1494551115723923,0.36741850867897996
Middle,SNTL,SNTL:490,2001,0.3798100949525237,1.1489255372313842,0.3784910472248259
Middle,SNTL,SNTL:493,5852,0.2508544087491456,1.4299384825700616,0.16460749573984257
Middle,SNTL,SNTL:514,5786,0.28361562391980644,1.3835119253370205,0.1745966447466873
Middle,SNTL,SNTL:521,4899,0.31863645641967747,1.2700551132884261,0.30730530314697957
Middle,SNTL,SNTL:557,4187,0.31382851683783136,1.2682111296871268,0.21451954954938154
Middle,SNTL,SNTL:574,5808,0.29820936639118456,1.4240702479338843,0.22135609397124
Middle,SNTL,SNTL:592,5919,0.3005575266092245,1.3421186011150532,0.08809931542207025
Middle,SNTL,SNTL:593,6478,0.379746835443038,1.0799629515282494,0.3669355053631414
Middle,SNTL,SNTL:615,6818,0.34819595189205044,1.1742446465239074,0.2616538618766224
Middle,SNTL,SNTL:652,3386,0.305965741287655,1.5,0.21532969076848182
Middle,SNTL,SNTL:686,7210,0.27073509015256586,1.478640776699029,0.12778301247219462
Middle,SNTL,SNTL:792,898,0.3596881959910913,1.0378619153674833,0.3545773975712132
Middle,SNTL,SNTL:811,6160,0.26071428571428573,1.5204545454545455,0.09727927755225518
Middle,SNTL,SNTL:836,0,NA,NA,NA
Middle,SNTL,SNTL:861,4467,0.2384150436534587,1.8112827400940228,-0.0682744171209215
Middle,SNTL,SNTL:865,5319,0.32355705959766873,1.2229742432788118,0.3126830779312178
Middle,SNTL,SNTL:983,5074,0.41072132439889636,0.9645250295624753,0.3033729809729276
Middle,UMRB Mesonet,STMS2,0,NA,NA,NA
Middle,USCRN,1002,1607,0.3702551337896702,1.0665836963285626,0.36663350861716587
Middle,USCRN,1003,3823,0.2743918388699974,1.5158252681140465,0.2057621868641536
Middle,USCRN,1006,4908,0.38162184189079057,0.962917685411573,0.42430762541035005
Middle,USCRN,1022,3459,0.28129517201503323,1.3917317143683146,0.052406572965679014
Middle,USCRN,1047,3852,0.28712357217030116,1.1939252336448598,0.38765747723589855
Middle,USCRN,1067,4276,0.19855004677268476,1.6880261927034612,0.1304809724019173
Middle,USCRN,1108,3855,0.23527885862516212,1.6780804150453956,-0.08747396959678025
Middle,USCRN,1110,4689,0.27404563872894006,1.4158669225847729,0.301579021546681
Middle,USCRN,1125,2490,0.3349397590361446,1.1506024096385543,0.4092144343766261
Middle,USCRN,1145,4053,0.2679496669133975,1.4887737478411054,0.16118175788715938
Middle,USCRN,1307,4658,0.28767711464147705,1.27286389008158,0.22015440025687308
Middle,USCRN,1531,4079,0.3709242461387595,1.0774699681294435,0.31786852293700163
Middle,UMRB Mesonet,ATRS2,0,NA,NA,NA
Middle,UMRB Mesonet,BKMS2,0,NA,NA,NA
Middle,UMRB Mesonet,GREN8,0,NA,NA,NA
Middle,UMRB Mesonet,HTGN8,0,NA,NA,NA
Middle,UMRB Mesonet,NISS2,0,NA,NA,NA
Middle,UMRB Mesonet,RAMS2,0,NA,NA,NA
Middle,SCAN,SCAN:2014,6723,0.31652536070206755,1.3331845902127026,0.2814860716212224
Middle,SCAN,SCAN:2015,7862,0.29623505469346223,1.5101755278555076,0.21726140018122408
Middle,SCAN,SCAN:2016,8809,0.29095243500964924,1.4871154501078443,0.22585621577850912
Middle,SCAN,SCAN:2017,7167,0.26356913631924095,1.5646714106320636,0.136466933072248
Middle,SCAN,SCAN:2019,7842,0.29839326702371843,1.387911247130834,0.3079294413614578
Middle,SCAN,SCAN:2027,7894,0.3420319229794781,1.1959716240182416,0.3164805967160148
Middle,SCAN,SCAN:2041,5899,0.309204949991524,1.2273266655365316,0.30823351256193926
Middle,SCAN,SCAN:2042,5697,0.25100930314200454,1.5954010882920835,0.19767400048804082
Middle,SCAN,SCAN:2048,6409,0.2852239038851615,1.3886721797472306,0.19616279510807758
Middle,SCAN,SCAN:2053,6617,0.3194801269457458,1.1766661629137072,0.3519302575139286
Middle,SCAN,SCAN:2057,6758,0.30186445693992303,1.4193548387096775,0.24026306061162891
Middle,SCAN,SCAN:2085,6629,0.23819580630562678,1.7581837381203802,0.09245486084508445
Middle,SCAN,SCAN:2129,4793,0.2660129355309827,1.6636761944502398,0.16504172952572624
Middle,SCAN,SCAN:2130,5417,0.29352039874469266,1.4022521690972862,0.21243442575325036
Middle,SCAN,SCAN:2137,5214,0.2828922132719601,1.4568469505178365,0.1253080820607737
Middle,SCAN,SCAN:2139,4742,0.28363559679460143,1.4403205398566006,0.11148281793148042
Middle,SCAN,SCAN:2145,4633,0.26095402546945823,1.583207424994604,0.0742782208510829
Middle,SCAN,SCAN:2153,3318,0.27998794454490655,1.3634719710669079,0.220751654388811
Middle,SCAN,SCAN:2206,0,NA,NA,NA
Middle,SNTL,SNTL:1039,6939,0.32555123216601817,1.2980256521112552,0.1782493437669201
Middle,SNTL,SNTL:1050,6213,0.3090294543698696,1.3919201673909545,0.2056353643771125
Middle,SNTL,SNTL:1052,5576,0.30272596843615496,1.5100430416068866,0.1955432334355023
Middle,SNTL,SNTL:1214,2243,0.23584485064645563,1.7302719572001783,0.07596270154358524
Middle,SNTL,SNTL:1226,3452,0.24420625724217845,1.7343568945538819,0.1503511780803137
Middle,SNTL,SNTL:306,4242,0.3055162659123055,1.342055634134842,0.15829438143530494
Middle,SNTL,SNTL:312,3270,0.3577981651376147,1.117737003058104,0.2593499314069831
Middle,SNTL,SNTL:336,4436,0.3345356176735798,1.2545085662759243,0.20876553808911452
Middle,SNTL,SNTL:387,3997,0.29271953965474107,1.381285964473355,0.34076059659672586
Middle,SNTL,SNTL:415,1737,0.284398388025331,1.362118595279217,0.12578732477403973
Middle,SNTL,SNTL:425,2506,0.3339984038308061,1.3172386272944931,0.18859551465855415
Middle,SNTL,SNTL:460,2459,0.26718178121187475,1.5323302155347702,-0.03391633341832736
Middle,SNTL,SNTL:466,0,NA,NA,NA
Middle,SNTL,SNTL:497,1605,0.34766355140186916,1.2049844236760126,0.19809389652027462
Middle,SNTL,SNTL:517,5296,0.2562311178247734,1.5581570996978853,0.23018139234534016
Middle,SNTL,SNTL:570,5946,0.3015472586612849,1.3304742684157416,0.25732155190643524
Middle,SNTL,SNTL:580,5835,0.2812339331619537,1.4044558697514995,0.15063734137962884
Middle,SNTL,SNTL:596,6174,0.28992549400712664,1.500971817298348,0.17188495075817073
Middle,SNTL,SNTL:640,3183,0.2805529374803644,1.3081998114985862,0.24223456935899884
Middle,SNTL,SNTL:701,2350,0.2570212765957447,1.5697872340425532,0.1929959178815906
Middle,SNTL,SNTL:735,3940,0.2647208121827411,1.664467005076142,0.05726354102418059
Middle,SNTL,SNTL:763,6095,0.26579163248564397,1.5922887612797374,0.07418721764064819
Middle,SNTL,SNTL:764,2160,0.3592592592592593,1.2064814814814815,0.22281076926654766
Middle,SNTL,SNTL:798,0,NA,NA,NA
Middle,SNTL,SNTL:826,0,NA,NA,NA
Middle,SNTL,SNTL:831,879,0.2502844141069397,1.4436860068259385,0.4067139568615288
Middle,SNTL,SNTL:833,4046,0.3526940187839842,1.1159169550173011,0.33737316815112245
Middle,SNTL,SNTL:849,3683,0.36301927776269344,1.0665218571816455,0.2541672195329349
Middle,SNTL,SNTL:853,7054,0.31599092713354127,1.2889140912957187,0.26605700249719827
Middle,SNTL,SNTL:854,3313,0.1780863265922125,2.0836100211288864,-0.07029812943082941
Middle,SNTL,SNTL:895,3359,0.3313486156594225,1.2756772849062221,0.15683312738236374
Middle,SNTL,SNTL:921,2494,0.34242181234963914,1.306335204490778,0.2577753123982383
Middle,SNTL,SNTL:969,6694,0.29354645951598446,1.2793546459515985,0.2815944282740459
Middle,SNTL,SNTL:978,5266,0.3230155715913407,1.2218002278769464,0.24301255962087082
Middle,UMRB Mesonet,WTES2,0,NA,NA,NA
Middle,USCRN,1010,3934,0.27147941026944583,1.4008642602948653,0.1832974450715477
Middle,USCRN,1031,4114,0.2982498784637822,1.4022848808945065,0.21268899432461846
Middle,USCRN,1066,3851,0.4069072968060244,0.9327447416255518,0.3910434902039784
Middle,USCRN,1109,3551,0.3722894959166432,1.023655308363841,0.34072875436089345
Middle,USCRN,1467,3785,0.3392338177014531,1.1569352708058125,0.25795304180636086
Middle,USCRN,1612,3098,0.32052937378954166,1.1233053582956747,0.24922987275950254
Middle,USCRN,1772,4171,0.2812275233756893,1.2783505154639174,0.29136117595913397
Middle,UMRB Mesonet,BCHN8,0,NA,NA,NA
Middle,UMRB Mesonet,BDVM8,0,NA,NA,NA
Middle,UMRB Mesonet,CPTS2,0,NA,NA,NA
Middle,UMRB Mesonet,EDGN8,0,NA,NA,NA
Middle,UMRB Mesonet,EDTS2,0,NA,NA,NA
Middle,UMRB Mesonet,FTUN8,0,NA,NA,NA
Middle,UMRB Mesonet,HAEM8,0,NA,NA,NA
Middle,UMRB Mesonet,HAMS2,0,NA,NA,NA
Middle,UMRB Mesonet,MMDN8,0,NA,NA,NA
Middle,SCAN,SCAN:2009,7636,0.27003666841278157,1.4884756416972236,0.2408564558645801
Middle,SCAN,SCAN:2020,7405,0.3948683322079676,0.9781228899392302,0.41332506610824316
Middle,SCAN,SCAN:2033,7546,0.19122714020673204,2.0952822687516566,0.03713429837953224
Middle,SCAN,SCAN:2043,6833,0.35211473730425874,1.258890677594029,0.31013901242417535
Middle,SCAN,SCAN:2076,6393,0.3239480681995933,1.2635695291725324,0.33286430591168564
Middle,SCAN,SCAN:2108,5192,0.16275038520801233,1.8667180277349769,0.03437050584355265
Middle,SCAN,SCAN:2111,3391,0.3196697139486877,1.26658802713064,0.2678483314620431
Middle,SCAN,SCAN:2131,4735,0.2587117212249208,1.5807814149947201,0.03769565742574969
Middle,SCAN,SCAN:2151,4193,0.28142141664679227,1.462914381111376,0.1751918794630346
Middle,SCAN,SCAN:2157,3717,0.22383642722625774,1.5864944847995694,0.10763956752499518
Middle,SCAN,SCAN:2177,3765,0.23293492695883133,1.6276228419654715,0.1562415066270175
Middle,SCAN,SCAN:2200,2972,0.2772543741588156,1.3872812920592195,0.09143015923175868
Middle,SCAN,SCAN:2207,613,0.29200652528548127,1.2544861337683524,0.15756045017271625
Middle,SCAN,SCAN:2216,0,NA,NA,NA
Middle,SCAN,SCAN:2218,2454,0.3920130399348003,1.0138549307253464,0.31799039442613397
Middle,SCAN,SCAN:2219,176,0.2159090909090909,1.5738636363636365,0.12026121618183344
Middle,UMRB Mesonet,SFSS2,0,NA,NA,NA
Middle,SNTL,SNTL:1006,5724,0.30101327742837175,1.4030398322851152,0.05863267425804911
Middle,SNTL,SNTL:1049,6378,0.2812793979303857,1.3878958921291942,0.22715424574916326
Middle,SNTL,SNTL:1066,5731,0.28581399406735297,1.4135403943465363,0.1040107868892832
Middle,SNTL,SNTL:1082,2359,0.2607036880033913,1.529461636286562,0.09282758968606264
Middle,SNTL,SNTL:1084,0,NA,NA,NA
Middle,SNTL,SNTL:1118,3007,0.17492517459261722,1.9584303292317924,-0.034515263102249186
Middle,SNTL,SNTL:1119,2076,0.22928709055876687,1.5130057803468209,0.3037990796044255
Middle,SNTL,SNTL:1150,3484,0.2967853042479908,1.3237657864523535,0.1306769426019921
Middle,SNTL,SNTL:1155,3830,0.2772845953002611,1.3381201044386424,0.2601770823091952
Middle,SNTL,SNTL:1215,3248,0.32358374384236455,1.1400862068965518,0.29057611471445105
Middle,SNTL,SNTL:1227,2158,0.3086190917516219,1.2998146431881372,0.18664717801535877
Middle,SNTL,SNTL:1271,2601,0.2975778546712803,1.2618223760092273,0.31391587418697076
Middle,SNTL,SNTL:308,2784,0.23204022988505746,1.6038074712643677,0.10578093696724973
Middle,SNTL,SNTL:400,5849,0.3096255770217131,1.2663703197127714,0.23281228131899664
Middle,SNTL,SNTL:417,5015,0.3403788634097707,1.2127617148554337,0.2549748620392074
Middle,SNTL,SNTL:430,4040,0.33094059405940596,1.1705445544554456,0.3693687593901658
Middle,SNTL,SNTL:454,6571,0.3043676761527926,1.3574798356414548,0.18391864383368373
Middle,SNTL,SNTL:473,7050,0.31872340425531914,1.302695035460993,0.17765708589917673
Middle,SNTL,SNTL:475,5920,0.33868243243243246,1.162837837837838,0.2855261002986496
Middle,SNTL,SNTL:524,2693,0.28815447456368365,1.2848124767916822,0.18118094691165415
Middle,SNTL,SNTL:533,6170,0.34100486223662885,1.3426256077795786,0.15487831968719337
Middle,SNTL,SNTL:607,3959,0.33240717352866883,1.2546097499368527,0.19011743483335067
Middle,SNTL,SNTL:612,5943,0.22968197879858657,1.7136126535419822,0.047192187434001207
Middle,SNTL,SNTL:623,4010,0.34713216957605986,1.1615960099750624,0.24733812004431857
Middle,SNTL,SNTL:626,5020,0.2689243027888446,1.5249003984063745,0.15865248161638743
Middle,SNTL,SNTL:684,5536,0.2733020231213873,1.5558164739884393,0.15318544920159846
Middle,SNTL,SNTL:706,0,NA,NA,NA
Middle,SNTL,SNTL:749,3482,0.34549109707064907,1.134979896611143,0.19629691149137488
Middle,SNTL,SNTL:771,6606,0.2779291553133515,1.4131092945806842,0.22729785254655407
Middle,SNTL,SNTL:774,5512,0.32547169811320753,1.2944484760522497,0.1679501905196923
Middle,SNTL,SNTL:805,3251,0.40972008612734545,1.0175330667486928,0.3798029211144064
Middle,SNTL,SNTL:857,3944,0.2578600405679513,1.7411257606490873,0.14384452956458169
Middle,SNTL,SNTL:862,0,NA,NA,NA
Middle,SNTL,SNTL:871,3505,0.3443651925820257,1.2485021398002853,0.19484365607961626
Middle,SNTL,SNTL:897,0,NA,NA,NA
Middle,SNTL,SNTL:938,2521,0.28401428004760015,1.2030940103133676,0.2803605381547726
Middle,SNTL,SNTL:939,3228,0.2989467162329616,1.3952912019826518,0.29753649948096833
Middle,SNTL,SNTL:940,4233,0.322702575005906,1.1318214032600993,0.34871953771649983
Middle,SNTL,SNTL:989,6003,0.37314675995335667,1.207896051974013,0.2121162610066115
Middle,USCRN,1009,3139,0.3424657534246575,1.1465434851863652,0.40931342797732717
Middle,USCRN,1015,3616,0.3329646017699115,1.2226216814159292,0.3136661531663279
Middle,USCRN,1018,3675,0.2985034013605442,1.2530612244897958,0.30759545129586285
Middle,USCRN,1034,3345,0.3733931240657698,1.081913303437967,0.2356487745457028
Middle,USCRN,1043,4255,0.29612220916568743,1.2883666274970622,0.3535296896496726
Middle,USCRN,1115,3786,0.31088219756999474,1.2107765451664025,0.4062931734315712
Middle,USCRN,1510,4875,0.32861538461538464,1.2268717948717949,0.3528380014510549
Middle,USCRN,1530,3136,0.33705357142857145,1.190688775510204,0.26959448205733816
Middle,UMRB Mesonet,AIDN8,0,NA,NA,NA
Middle,UMRB Mesonet,HAZN8,0,NA,NA,NA
Middle,UMRB Mesonet,MATN8,0,NA,NA,NA
Middle,SCAN,SCAN:2011,8255,0.27244094488188975,1.592489400363416,0.16563704096614112
Middle,SCAN,SCAN:2026,6082,0.1844787898717527,1.7607694837224597,0.10074684704911338
Middle,SCAN,SCAN:2049,5100,0.3864705882352941,1.0307843137254902,0.3924021424213707
Middle,SCAN,SCAN:2089,4969,0.3010666130006037,1.3413161601931978,0.21502202642476315
Middle,SCAN,SCAN:2114,5178,0.3373889532638084,1.242371572035535,0.30413443315826805
Middle,SCAN,SCAN:2116,5033,0.20067554142658453,2.0917941585535464,-0.022594319257465537
Middle,SCAN,SCAN:2119,5500,0.3130909090909091,1.2532727272727273,0.1986276542718018
Middle,SCAN,SCAN:2155,3386,0.21027761370348494,1.6792675723567632,0.0637156655120804
Middle,SCAN,SCAN:2161,4300,0.2862790697674419,1.3874418604651162,0.1137080938837624
Middle,SCAN,SCAN:2182,2456,0.3550488599348534,1.1229641693811074,0.3272168837627852
Middle,SCAN,SCAN:2187,3639,0.27287716405605933,1.5864248419895575,0.057701435740532915
Middle,SCAN,SCAN:2199,348,0.08908045977011494,1.8218390804597702,-0.10420152929408746
Middle,SCAN,SCAN:2203,1987,0.2506290890790136,1.56064418721691,0.14043090778833014
Middle,SCAN,SCAN:2227,0,NA,NA,NA
Middle,UMRB Mesonet,SEEN8,0,NA,NA,NA
Middle,SNTL,SNTL:1081,5687,0.2692104800422015,1.474415333216107,0.12493580150035381
Middle,SNTL,SNTL:1135,4681,0.25101474044007693,1.5834223456526384,0.1240461824078073
Middle,SNTL,SNTL:1139,3355,0.3239940387481371,1.2163934426229508,0.21284331970653722
Middle,SNTL,SNTL:1154,2357,0.3419601187950785,1.1523122613491728,0.3159165963961278
Middle,SNTL,SNTL:1156,4072,0.29788801571709234,1.3050098231827112,0.2206708227096268
Middle,SNTL,SNTL:1162,2640,0.3390151515151515,1.2109848484848484,0.2771237191673436
Middle,SNTL,SNTL:1164,0,NA,NA,NA
Middle,SNTL,SNTL:1173,760,0.2394736842105263,1.4460526315789475,0.3956215691764721
Middle,SNTL,SNTL:1222,2747,0.2566436112122315,1.4710593374590462,0.3122982985575526
Middle,SNTL,SNTL:1224,2037,0.3289150711831124,1.1561119293078055,0.43230239015537875
Middle,SNTL,SNTL:1247,1979,0.32289034866093985,1.2036382011116726,0.4339337967185311
Middle,SNTL,SNTL:321,2223,0.32613585245164195,1.2375168690958165,0.2993694639388746
Middle,SNTL,SNTL:330,6293,0.3503893214682981,1.2164309550293977,0.2843247371467301
Middle,SNTL,SNTL:332,6830,0.23045387994143485,1.759736456808199,0.06888688031521642
Middle,SNTL,SNTL:335,4260,0.36220657276995305,1.106338028169014,0.35743091937824845
Middle,SNTL,SNTL:337,3842,0.33524206142634044,1.1199895887558564,0.23332756274718214
Middle,SNTL,SNTL:369,4790,0.2104384133611691,1.9014613778705636,0.11094478718892319
Middle,SNTL,SNTL:396,3508,0.387115165336374,0.9777651083238312,0.4454644812918184
Middle,SNTL,SNTL:399,5698,0.2723762723762724,1.5238680238680238,0.1806960323060736
Middle,SNTL,SNTL:450,1600,0.318125,1.21625,0.31260205168764993
Middle,SNTL,SNTL:457,6446,0.23518461061123178,1.730065156686317,0.11913838624964714
Middle,SNTL,SNTL:461,5774,0.26359542777970213,1.3330446830620022,0.28281599768135685
Middle,SNTL,SNTL:484,6812,0.33998825601879035,1.3037287140340577,0.1724952116273602
Middle,SNTL,SNTL:508,7233,0.3423199225770773,1.1155813631964606,0.3085426054177645
Middle,SNTL,SNTL:548,6316,0.33201393286890435,1.231000633312223,0.23388230848215494
Middle,SNTL,SNTL:559,5773,0.3007102026675905,1.3918240083145679,0.24670580686088647
Middle,SNTL,SNTL:575,6053,0.2635056996530646,1.4349909135965637,0.18531918949213133
Middle,SNTL,SNTL:587,5325,0.24056338028169014,1.6430046948356807,0.12524201873827479
Middle,SNTL,SNTL:610,2875,0.3537391304347826,1.0500869565217392,0.3534805037961112
Middle,SNTL,SNTL:628,4999,0.3016603320664133,1.489897979595919,0.19536983692572957
Middle,SNTL,SNTL:644,0,NA,NA,NA
Middle,SNTL,SNTL:679,0,NA,NA,NA
Middle,SNTL,SNTL:688,1759,0.3018760659465605,1.2171688459351904,0.26095186394100983
Middle,SNTL,SNTL:698,2729,0.3067057530230854,1.2543056064492488,0.2514579456272653
Middle,SNTL,SNTL:715,4019,0.2791739238616571,1.4879323214730031,0.13203197995422586
Middle,SNTL,SNTL:720,3529,0.3326721450835931,1.2385945026919807,0.258225013288731
Middle,SNTL,SNTL:742,3427,0.26962357747300847,1.3253574555004377,0.28767205491379144
Middle,SNTL,SNTL:747,6044,0.3300794176042356,1.258438120450033,0.25719812503615186
Middle,SNTL,SNTL:756,0,NA,NA,NA
Middle,SNTL,SNTL:784,6225,0.2755020080321285,1.5979116465863454,0.1393274580998096
Middle,SNTL,SNTL:874,3314,0.2996378998189499,1.4049487024743512,0.26494967139334824
Middle,SNTL,SNTL:903,0,NA,NA,NA
Middle,SNTL,SNTL:922,1658,0.23944511459589868,1.548854041013269,0.28121842538882896
Middle,SNTL,SNTL:942,0,NA,NA,NA
Middle,SNTL,SNTL:985,7046,0.35878512631280157,1.1938688617655406,0.26409049479364666
Middle,UMRB Mesonet,WISN8,0,NA,NA,NA
Middle,USCRN,1013,4723,0.28774084268473427,1.432140588608935,0.21443205925022862
Middle,USCRN,1024,3828,0.3241901776384535,1.3351619644723094,0.20827673932295238
Middle,USCRN,1033,4584,0.3182809773123909,1.1845549738219896,0.3414385012369322
Middle,USCRN,1039,2513,0.29725427775567054,1.4206128133704736,0.2896382724309938
Middle,USCRN,1117,3809,0.35311105276975585,1.089787345760042,0.3634481918133471
Middle,USCRN,1119,4926,0.3101908241981324,1.1755988631749898,0.32258919047582724
Middle,USCRN,1129,4427,0.310594081770951,1.154958210978089,0.3817199531312771
Middle,USCRN,1507,3259,0.22399509051856398,1.7582080392758515,-0.07540599188338543
Middle,USCRN,1570,4745,0.359536354056902,1.2014752370916755,0.28108929394349286
Middle,UMRB Mesonet,BYMW4,0,NA,NA,NA
Middle,UMRB Mesonet,BZNM8,0,NA,NA,NA
Middle,UMRB Mesonet,CRGN8,0,NA,NA,NA
Middle,UMRB Mesonet,GSBN8,0,NA,NA,NA
Middle,UMRB Mesonet,HMLS2,0,NA,NA,NA
Middle,UMRB Mesonet,KEEN8,0,NA,NA,NA
Middle,UMRB Mesonet,MNMS2,0,NA,NA,NA
Middle,UMRB Mesonet,OCMS2,0,NA,NA,NA
Middle,SCAN,SCAN:2001,7091,0.2944577633620082,1.344239176420815,0.3351154878379536
Middle,SCAN,SCAN:2031,6551,0.2704930544954969,1.4127614104716837,0.19753579758991643
Middle,SCAN,SCAN:2068,5416,0.3151772525849335,1.210672082717873,0.3740367749021879
Middle,SCAN,SCAN:2070,6276,0.2656150414276609,1.6279477374123645,0.1721178181878282
Middle,SCAN,SCAN:2078,5914,0.309604328711532,1.3850185999323639,0.2965723194383542
Middle,SCAN,SCAN:2087,6444,0.20825574177529485,1.984171322160149,-0.026774174767753324
Middle,SCAN,SCAN:2118,3922,0.20168281489036205,1.785823559408465,-0.022190252576465185
Middle,SCAN,SCAN:2128,5319,0.2899041173152848,1.2863320172964843,0.2507669710894664
Middle,SCAN,SCAN:2133,4222,0.27261961155850306,1.5142112742775935,0.13619142670512188
Middle,SCAN,SCAN:2164,3926,0.2531839021905247,1.6665817626082526,0.12036948617275893
Middle,SCAN,SCAN:2165,0,NA,NA,NA
Middle,SCAN,SCAN:2175,3865,0.22483829236739974,1.5120310478654593,0.13860194489284638
Middle,SCAN,SCAN:2186,2027,0.33695115934879133,1.3226443019240257,0.08640896391293483
Middle,SCAN,SCAN:2192,3365,0.28053491827637445,1.5435364041604756,0.06664595067793629
Middle,SCAN,SCAN:2202,1908,0.29821802935010483,1.221698113207547,0.2787332823769476
Middle,SCAN,SCAN:581,2548,0.24332810047095763,1.6467817896389325,0.08851438819016481
Middle,UMRB Mesonet,SIYM8,0,NA,NA,NA
Middle,SNTL,SNTL:1017,3732,0.2872454448017149,1.2837620578778135,0.3413085227843104
Middle,SNTL,SNTL:1046,3656,0.30908096280087527,1.400711159737418,0.10287144193521044
Middle,SNTL,SNTL:1060,4235,0.2809917355371901,1.436835891381346,0.2300058701012094
Middle,SNTL,SNTL:1133,2058,0.2813411078717201,1.3877551020408163,0.22547449086349913
Middle,SNTL,SNTL:1134,2486,0.2831858407079646,1.2743362831858407,0.27190643417280064
Middle,SNTL,SNTL:1169,1355,0.27158671586715866,1.8575645756457564,0.1958049806584201
Middle,SNTL,SNTL:1187,1519,0.12113232389730086,1.957208689927584,0.23460619151498677
Middle,SNTL,SNTL:1196,2852,0.3018934081346424,1.276297335203366,0.2582640121783981
Middle,SNTL,SNTL:1221,2845,0.3170474516695958,1.3420035149384886,0.15903558663673992
Middle,SNTL,SNTL:1225,3060,0.28431372549019607,1.4179738562091504,0.2571758521902016
Middle,SNTL,SNTL:1243,3304,0.3774213075060533,1.008777239709443,0.3140069658529718
Middle,SNTL,SNTL:1244,3220,0.33633540372670806,1.1944099378881987,0.268463768849946
Middle,SNTL,SNTL:2170,3966,0.2713061018658598,1.3149268784669692,0.26125285317472413
Middle,SNTL,SNTL:342,3380,0.34940828402366864,1.1236686390532544,0.31412662424566884
Middle,SNTL,SNTL:349,0,NA,NA,NA
Middle,SNTL,SNTL:358,0,NA,NA,NA
Middle,SNTL,SNTL:371,5381,0.3016167998513288,1.452889797435421,0.14678186493876685
Middle,SNTL,SNTL:373,5781,0.3601453035806954,1.210690192008303,0.18348145149985043
Middle,SNTL,SNTL:435,5002,0.2916833266693323,1.3826469412235105,0.18222002526141132
Middle,SNTL,SNTL:455,6757,0.3525233091608702,1.2029006955749593,0.23529901900391326
Middle,SNTL,SNTL:476,4965,0.3176233635448137,1.227190332326284,0.2193270010393078
Middle,SNTL,SNTL:495,6582,0.20859920996657552,1.7924642965663933,0.01316596264187813
Middle,SNTL,SNTL:513,3628,0.33296582138919517,1.3541896361631753,0.14893183543720623
Middle,SNTL,SNTL:531,2577,0.3942568878540939,0.9918509895227008,0.3389953110423512
Middle,SNTL,SNTL:532,3111,0.22147219543555127,1.650273224043716,0.2063037665546415
Middle,SNTL,SNTL:537,3398,0.336962919364332,1.2492642731018246,0.2996150244330935
Middle,SNTL,SNTL:571,5029,0.23622986677271823,1.6377013322728176,0.07150468176654896
Middle,SNTL,SNTL:732,246,0.1910569105691057,1.532520325203252,0.45173839046924474
Middle,SNTL,SNTL:750,8191,0.1535832010743499,2.0645830789891346,-0.01025913098854352
Middle,SNTL,SNTL:752,2507,0.2991623454327882,1.4315915436777025,0.17982187726957968
Middle,SNTL,SNTL:793,0,NA,NA,NA
Middle,SNTL,SNTL:795,6659,0.32377233818891726,1.2353206187115182,0.28143359750754926
Middle,SNTL,SNTL:820,5918,0.22017573504562352,1.7181480229807367,0.11372769499745587
Middle,SNTL,SNTL:972,8007,0.2987386037217435,1.3929062070688147,0.20951418334344554
Middle,SNTL,SNTL:990,0,NA,NA,NA
Middle,UMRB Mesonet,TTNM8,0,NA,NA,NA
Middle,UMRB Mesonet,WNMS2,0,NA,NA,NA
Middle,UMRB Mesonet,WRMW4,0,NA,NA,NA
