depth,network,site_id,fold,n_ml,n_sport,lon,lat,KGE_KGML,KGE_SPoRT,KGE_diff,r_KGML,r_SPoRT,r_diff,pbias_KGML,pbias_SPoRT,pbias_diff,abs_pbias_adv
Shallow,SCAN,SCAN:2001,5,6817,5346,-96.46667,40.85,0.6797838791536188,0.46013249068831563,0.2196513884653032,0.7526826837770086,0.6248072611295569,0.12787542264745178,-0.7,-15.5,14.8,14.8
Shallow,SCAN,SCAN:2002,3,5564,3878,-93.95,45.41667,0.60867358296119,0.4028123927994226,0.2058611901617674,0.6980851845192018,0.5572327480366199,0.14085243648258183,-11.1,38,-49.1,26.9
Shallow,SCAN,SCAN:2003,9,4927,3265,-88.58333000000002,45.46666999999999,0.7553738956643931,0.36643239397936833,0.3889415016850247,0.7676064070477354,0.4703994236650287,0.29720698338270674,-3,31.9,-34.9,28.9
Shallow,SCAN,SCAN:2004,7,5678,3646,-89.9,40.31667,0.010718780917397197,0.04800529339549198,-0.03728651247809478,0.6931022263855966,0.7430712739932853,-0.04996904760768872,81.1,78,3.0999999999999943,-3.0999999999999943
Shallow,SCAN,SCAN:2005,4,8116,5604,-87.83333,37.1,0.7210492321851616,0.5403824374741648,0.18066679471099678,0.7287494821254498,0.5659096014145223,0.16283988071092748,-4.8,-12.8,8,8
Shallow,SCAN,SCAN:2006,1,7979,5037,-102.1,35.166669999999996,0.6105458829731991,0.37709107626147675,0.23345480671172236,0.6957880870791586,0.6263149559264046,0.069473131152754,17.5,14.8,2.6999999999999993,-2.6999999999999993
Shallow,SCAN,SCAN:2008,10,7002,4822,-76.65,35.86667,0.5203147075365777,0.4702208684445961,0.05009383909198162,0.7004161552796743,0.6214007275419725,0.07901542773770176,-26.7,-4.2,-22.5,-22.5
Shallow,SCAN,SCAN:2009,6,7660,5578,-84.41667000000001,30.300000000000004,0.3130146038467674,-0.6290332042310742,0.9420478080778416,0.36472745116539024,0.6016267806538584,-0.2368993294884682,-1.3,134.4,-135.70000000000002,133.1
Shallow,SCAN,SCAN:2011,8,8044,5380,-77.03333,42.88333,0.7832394485879655,0.5218296133081104,0.26140983527985506,0.8220697255982374,0.5742891888684187,0.2477805367298187,-5.5,8.8,-14.3,3.3000000000000007
Shallow,SCAN,SCAN:2012,1,7276,4513,-81.63333,29.1,-0.09135129388158147,-2.1204376961612565,2.029086402279675,0.5278474189418331,0.4589412021506019,0.06890621679123116,96.1,300.2,-204.1,204.1
Shallow,SCAN,SCAN:2013,2,7736,5004,-83.43333,33.88333,0.8277929749941366,0.7197897335397351,0.10800324145440154,0.840090290680581,0.8088024784335269,0.031287812247054125,-3.5,17.5,-21,14
Shallow,SCAN,SCAN:2014,3,6371,4028,-83.45,39.95,0.7970483029772655,0.5803831546716274,0.2166651483056381,0.8291218110934788,0.6967352923696702,0.13238651872380858,-0.8,-9.7,8.899999999999999,8.899999999999999
Shallow,SCAN,SCAN:2015,6,8468,5903,-105.41667,34.25,0.5865044066219816,0.270077214636973,0.31642719198500857,0.6923134840223719,0.6553698066032039,0.03694367741916804,6.8,61.6,-54.800000000000004,54.800000000000004
Shallow,SCAN,SCAN:2016,2,8467,5695,-95.98333,30.083330000000004,0.3678806557026951,0.22384811200839339,0.14403254369430174,0.5356108302267064,0.35603587070557347,0.17957495952113295,-9.8,17.6,-27.400000000000002,7.800000000000001
Shallow,SCAN,SCAN:2017,4,6533,4716,-104.74033,40.85989,0.5219746204491846,0.535554927101379,-0.01358030665219434,0.7354622599618633,0.6918137314455503,0.04364852851631307,-20.6,-7.7,-12.900000000000002,-12.900000000000002
Shallow,SCAN,SCAN:2018,7,6588,4421,-104.13333,42.06667,0.6055412449911726,-0.1500191793750023,0.7555604243661749,0.6088645827385335,0.602135200866462,0.006729381872071505,1.1,107.9,-106.80000000000001,106.80000000000001
Shallow,SCAN,SCAN:2019,7,6442,4196,-109.8,48.48333,0.5379787824438964,0.4207043122360369,0.11727447020785953,0.7539447006686553,0.7266474602505371,0.027297240418118207,16.7,39.1,-22.400000000000002,22.400000000000002
Shallow,SCAN,SCAN:2020,9,6247,4244,-100.91667,46.76667,0.47842218803505043,0.3892765583402441,0.08914562969480633,0.7526669970776809,0.7094578061268677,0.043209190950813214,-17.6,-24.8,7.199999999999999,7.199999999999999
Shallow,SCAN,SCAN:2021,3,8058,5197,-118.56667,47,0.6810647306621576,-0.4562383703958295,1.137303101057987,0.8728314592093163,0.8718048991402437,0.0010265600690725352,5.6,144.8,-139.20000000000002,139.20000000000002
Shallow,SCAN,SCAN:2022,6,7520,5726,-98.01667,35.55,0.7315641452524586,0.5573408872407553,0.17422325801170335,0.8360093365762719,0.7523493897185313,0.08365994685774059,-6,-11.5,5.5,5.5
Shallow,SCAN,SCAN:2024,7,6676,5079,-89.86667,34.25,0.7694706677645802,0.6475598934329106,0.12191077433166952,0.8647961478928528,0.7920237095562681,0.07277243833658464,-18.7,-26.3,7.600000000000001,7.600000000000001
Shallow,SCAN,SCAN:2025,10,7428,5445,-89.9,34.23333,0.7930424420410389,0.7268691555608127,0.06617328648022625,0.8675779724126502,0.8275260684350288,0.04005190397762137,4.3,-4.3,8.6,0
Shallow,SCAN,SCAN:2026,3,5997,4864,-110.05,31.73333,0.6982269486323952,-0.7754767161578247,1.4737036647902197,0.8644705010276662,0.8004709638133286,0.0639995372143376,23.7,172.3,-148.60000000000002,148.60000000000002
Shallow,SCAN,SCAN:2027,7,8044,6134,-83.55,31.499999999999993,0.6397555078529458,0.023388022186489388,0.6163674856664564,0.6512731883114006,0.585173958424931,0.06609922988646955,5.3,82.6,-77.3,77.3
Shallow,SCAN,SCAN:2028,5,7045,5459,-76.66667,40.66667,0.6016145411568228,0.29233815038161826,0.3092763907752045,0.7489992452929122,0.5727325920353872,0.176266653257525,30.9,48,-17.1,17.1
Shallow,SCAN,SCAN:2030,3,6577,4836,-91.88333,34.85,0.743079647736021,0.5744726089506424,0.16860703878537853,0.8947291749801789,0.7707653556347849,0.12396381934539402,5.9,-13.6,19.5,7.699999999999999
Shallow,SCAN,SCAN:2031,7,5671,4782,-93.73333,42.016670000000005,0.5912274777673074,0.5320886991910951,0.0591387785762123,0.8098103784414296,0.7056970598480214,0.10411331859340811,-23.1,-18.9,-4.200000000000003,-4.200000000000003
Shallow,SCAN,SCAN:2032,2,8143,6289,-90.65,33.38333000000001,0.5918064285318628,0.37817836582541686,0.21362806270644596,0.6671935804208229,0.5595634326588464,0.10763014776197644,-19.8,-37.2,17.400000000000002,17.400000000000002
Shallow,SCAN,SCAN:2033,3,7326,5627,-90.94208,32.75358000000001,0.12093569473776666,0.3040106599930703,-0.18307496525530365,0.7172339383447786,0.6633459296611834,0.05388800868359511,12.5,-37.5,50,25
Shallow,SCAN,SCAN:2034,6,6695,5084,-90.41142,34.6764,0.6539230208966248,0.5984023311452786,0.055520689751346164,0.7627457420871275,0.6616294962439069,0.10111624584322065,-5.2,-21.6,16.400000000000002,16.400000000000002
Shallow,SCAN,SCAN:2035,10,7666,5982,-90.35843,34.06301,0.6525875963662866,0.5271870431668284,0.1254005531994582,0.7198920600635494,0.6601680338043215,0.0597240262592279,-14.1,-32.8,18.699999999999996,18.699999999999996
Shallow,SCAN,SCAN:2036,5,2600,2420,-77.93333,40.71667,0.7732675850919013,0.27984928366898554,0.49341830142291576,0.8159275401911702,0.5343023728718977,0.28162516731927245,5.8,18,-12.2,12.2
Shallow,SCAN,SCAN:2037,10,6687,5081,-79.73333,34.3,0.701180274713332,0.536064000585498,0.16511627412783403,0.8328936140090684,0.7314422163417018,0.10145139766736655,-4.7,35.6,-40.300000000000004,30.900000000000002
Shallow,SCAN,SCAN:2038,1,7289,5635,-81.2,32.666669999999996,0.6330616394474631,0.4761036485587916,0.15695799088867146,0.7784165143087777,0.5287624106941006,0.2496541036146771,-18.5,22.7,-41.2,4.199999999999999
Shallow,SCAN,SCAN:2039,5,7709,6269,-78.11667,38.23333,0.8106951961055642,0.7071667037003012,0.10352849240526296,0.8849499187032844,0.7452697499488001,0.1396801687544843,-12,-3.2,-8.8,-8.8
Shallow,SCAN,SCAN:2041,8,5796,4405,-72.83451,44.53509,0.415097793706262,0.11196509871777971,0.3031326949884823,0.6110599818911686,0.16131048844250045,0.44974949344866816,-12.6,-9.7,-2.9000000000000004,-2.9000000000000004
Shallow,SCAN,SCAN:2042,4,4968,3858,-73.03834000000002,43.05753,0.514295759200551,0.2252512576538479,0.28904450154670314,0.5199916091962179,0.2401166020867822,0.2798750071094357,0.1,-5,5.1,4.9
Shallow,SCAN,SCAN:2046,8,7225,6315,-90.90496,33.97370000000001,0.7227206659408958,0.5400879620302897,0.18263270391060604,0.7447356276231201,0.600789663721031,0.14394596390208902,-10.8,-20.7,9.899999999999999,9.899999999999999
Shallow,SCAN,SCAN:2047,2,6556,5432,-93.71667,40.25,0.5366951980008108,0.3580239348929576,0.1786712631078532,0.6794232900307026,0.5917453870782877,0.08767790295241484,15.1,-24,39.1,8.9
Shallow,SCAN,SCAN:2048,2,6318,5510,-89.93333,36.78333,0.6300149262158607,0.6509835297196145,-0.020968603503753735,0.7420470450324568,0.6573779211918842,0.08466912384057257,3.7,-4.7,8.4,1
Shallow,SCAN,SCAN:2049,5,6086,5230,-76.85,39.01667,0.6980343921166696,0.2870201805850129,0.41101421153165674,0.8773037746215765,0.6451110934873987,0.2321926811341778,27.5,42,-14.5,14.5
Shallow,SCAN,SCAN:2050,6,3943,3366,-96.26667,47.71667000000001,0.6359429474853125,0.5838250504624606,0.05211789702285197,0.7814930075659453,0.6761796639886419,0.10531334357730338,8.9,-23.4,32.3,14.499999999999998
Shallow,SCAN,SCAN:2051,7,6544,5677,-80.55,25.5,0.5773455205803082,0.43235217511494994,0.14499334546535825,0.7013076795979416,0.6146143474405179,0.0866933321574237,27.6,36,-8.399999999999999,8.399999999999999
Shallow,SCAN,SCAN:2053,2,6892,5861,-86.53333,34.9,0.8455889854642386,0.5540075773799903,0.29158140808424826,0.861138159406198,0.7091695249154527,0.15196863449074527,-4.6,-5.5,0.9000000000000004,0.9000000000000004
Shallow,SCAN,SCAN:2055,7,5074,4184,-86.16557,34.4448,0.73419637846854,0.38657511626052277,0.34762126220801726,0.8676470136774037,0.7305841995754133,0.1370628141019904,20.8,32,-11.2,11.2
Shallow,SCAN,SCAN:2056,5,6574,5624,-86.68333,34.43333,0.7063462591178663,0.3066636175082572,0.3996826416096091,0.8554683719124012,0.6973901518065508,0.15807822010585038,-10.8,-15.4,4.6,4.6
Shallow,SCAN,SCAN:2057,10,6706,5725,-86.55,34.78333000000001,0.7846484171213408,0.6778301872894786,0.10681822983186218,0.7970050799990915,0.7252608785633196,0.07174420143577198,5.4,-6,11.4,0.5999999999999996
Shallow,SCAN,SCAN:2060,4,6212,5204,-93.88333,37.06667,0.7698891343971453,0.5836522101214473,0.18623692427569805,0.855824574312498,0.7611733651360038,0.09465120917649428,2.3,5.2,-2.9000000000000004,2.9000000000000004
Shallow,SCAN,SCAN:2061,4,6221,5412,-94.03333,38.86667,0.6529699724703174,0.37145058252318897,0.28151938994712844,0.787942816154479,0.7054930570142669,0.08244975914021213,-3.5,-28.5,25,25
Shallow,SCAN,SCAN:2064,1,6127,5195,-88.78051,33.47094,0.7356995636269047,0.6560393997143037,0.079660163912601,0.8141202317295919,0.7365182995154516,0.07760193221414036,-9.8,-21.9,12.099999999999998,12.099999999999998
Shallow,SCAN,SCAN:2068,5,5037,4534,-95.76667,42.43333,0.7392591011090699,0.5344276385881912,0.2048314625208787,0.7834881405954797,0.6863021119700425,0.09718602862543713,-10.6,-26.7,16.1,16.1
Shallow,SCAN,SCAN:2069,3,6154,5400,-71.72644,43.94843,0.4895443205361668,0.13570120829911803,0.3538431122370488,0.6072971236311534,0.34476215567877894,0.26253496795237447,17.1,21.2,-4.099999999999998,4.099999999999998
Shallow,SCAN,SCAN:2070,3,6185,5497,-91.10184,33.61962,0.6149472615715751,0.3441351256290631,0.27081213594251197,0.647745591562176,0.5181979010382789,0.12954769052389714,-15.5,-41,25.5,25.5
Shallow,SCAN,SCAN:2072,3,4339,3960,-96.61455,43.73835,0.7607777385928413,0.49212300049130364,0.2686547381015376,0.7732902021247827,0.5698680986699117,0.203422103454871,0.2,-24,24.2,23.8
Shallow,SCAN,SCAN:2075,6,6500,5925,-86.59137000000001,35.06445000000001,0.789614427560279,0.5851589181650744,0.20445550939520463,0.8991545291368522,0.7858284310243483,0.11332609811250394,0.5,-0.2,0.7,-0.3
Shallow,SCAN,SCAN:2076,5,6452,5863,-86.8938,35.0747,0.7300156171589118,0.5120145740115849,0.21800104314732693,0.8709599822193548,0.7554274741544024,0.11553250806495241,-1.9,-7.3,5.4,5.4
Shallow,SCAN,SCAN:2077,8,6340,5798,-86.19113,35.13905,0.7055795311121009,0.716869627401574,-0.011290096289473084,0.8420229078740722,0.7567204537968495,0.0853024540772227,-5.9,-13.6,7.699999999999999,7.699999999999999
Shallow,SCAN,SCAN:2078,6,6189,5681,-86.60236,34.89375,0.6503163390605446,0.6634005186925557,-0.013084179632011028,0.7431117856490526,0.6663335879826857,0.07677819766636684,-0.4,-4.4,4,4
Shallow,SCAN,SCAN:2079,2,6723,6259,-86.04093,37.1864,0.7634241348413897,0.3190633948753965,0.44436073996599323,0.883372378155943,0.6836345392199997,0.19973783893594332,14.3,27,-12.7,12.7
Shallow,SCAN,SCAN:2082,8,6187,5857,-88.74162,30.4712,0.4411288057684376,0.23663903538327635,0.20448977038516125,0.6894991903230258,0.5325214752244206,0.15697771509860514,-11.9,-27.6,15.700000000000001,15.700000000000001
Shallow,SCAN,SCAN:2083,3,6113,5807,-92.02632,34.25188,0.7017351311170543,0.04335952459915782,0.6583756065178965,0.9142935445323659,0.48401748778485904,0.43027605674750685,15.3,17.8,-2.5,2.5
Shallow,SCAN,SCAN:2084,10,5390,5138,-90.81769,34.7849,0.8120988100795369,0.6545116794550326,0.15758713062450425,0.8526777919636609,0.8116724026383378,0.04100538932532305,-11.2,-20.2,9,9
Shallow,SCAN,SCAN:2085,5,6362,6064,-90.45031,35.27732,0.7733665126198648,0.5921750870800786,0.18119142553978618,0.7861390055587824,0.6890947425674484,0.09704426299133395,2,-23.3,25.3,21.3
Shallow,SCAN,SCAN:2086,9,6360,6049,-90.51151,33.0875,0.5929864503257962,0.6582064255271316,-0.06521997520133538,0.7583094911128407,0.6677266790030036,0.0905828121098371,25.6,-8,33.6,-17.6
Shallow,SCAN,SCAN:2087,5,6262,5934,-91.05993,32.9972,0.291009877572878,0.2979845781288841,-0.00697470055600613,0.5183788922996101,0.42192049231229745,0.09645839998731265,-10.5,-23.7,13.2,13.2
Shallow,SCAN,SCAN:2088,10,6416,6120,-79.2,37.91667,0.6352988796900869,0.5159310505282809,0.119367829161806,0.8617549437335962,0.6940284682641035,0.1677264754694927,-2.1,6.4,-8.5,4.300000000000001
Shallow,SCAN,SCAN:2089,8,5118,4827,-80.13333,36.63333000000001,0.6316111194122939,0.3456478985852989,0.285963220826995,0.75885377172139,0.6500189058437698,0.10883486587762026,-17,-8.4,-8.6,-8.6
Shallow,SCAN,SCAN:2090,4,5550,5344,-92.92462,35.20842,0.818492145693982,0.7962324680363331,0.022259677657648913,0.8415581103239153,0.7985498141691203,0.043008296154794956,5.3,1.2,4.1,-4.1
Shallow,SCAN,SCAN:2091,1,6609,6423,-91.35017,34.27788,0.7529917046032353,0.5953497234784333,0.157641981124802,0.9040220966817806,0.7746275821783707,0.12939451450340989,-0.6,-19.7,19.099999999999998,19.099999999999998
Shallow,SCAN,SCAN:2092,1,6095,5945,-97.0859,37.1313,0.4714988180446539,0.38609892012488445,0.08539989791976943,0.6169968899826419,0.4798359677471991,0.1371609222354428,32.6,31.9,0.7000000000000028,-0.7000000000000028
Shallow,SCAN,SCAN:2093,3,5905,5730,-99.32953,39.78638000000001,0.6558776312192123,0.574651532782432,0.0812260984367803,0.7695118274165305,0.6868998784714574,0.08261194894507307,15.8,0.1,15.700000000000001,-15.700000000000001
Shallow,SCAN,SCAN:2094,1,6058,5915,-96.1629,39.70045,0.6121248218766435,0.4395840923276385,0.172540729549005,0.6389165341937281,0.5047385965679871,0.13417793762574093,7.2,-5.2,12.4,-2
Shallow,SCAN,SCAN:2104,9,4384,4384,-102.03869,33.615359999999995,0.646247193605612,0.504012707945753,0.14223448565985897,0.7853612808918992,0.7031444175162183,0.0822168633756809,20.5,34.2,-13.700000000000003,13.700000000000003
Shallow,SCAN,SCAN:2105,7,5321,5321,-102.37392,33.55125000000001,0.7162502745260453,0.5542626843294025,0.16198759019664277,0.8311850210409373,0.8054932246125875,0.025691796428349734,-6,39.7,-45.7,33.7
Shallow,SCAN,SCAN:2106,8,5539,5512,-102.7453,33.62647,0.7707161791738897,0.49458866855110295,0.27612751062278673,0.819192151952405,0.772463722986515,0.04672842896589002,1.1,45,-43.9,43.9
Shallow,SCAN,SCAN:2107,9,5681,5657,-103.242,33.53513,0.6415771334294669,0.16461446334625662,0.47696267008321025,0.7763935062954495,0.7662502880949666,0.010143218200482806,26.7,78.5,-51.8,51.8
Shallow,SCAN,SCAN:2108,6,5369,5369,-103.63097,33.53382,-0.17524089520189245,-2.162750169834203,1.9875092746323106,0.6776303855895054,0.654519564660487,0.023110820929018394,111.7,308.9,-197.2,197.2
Shallow,SCAN,SCAN:2109,9,5433,5406,-90.57297,33.65910999999999,-0.5981059849614758,0.03286370190229537,-0.6309696868637712,0.7489054070708067,0.6259960291432946,0.12290937792751211,151.1,88.6,62.5,-62.5
Shallow,SCAN,SCAN:2110,2,6118,6091,-90.51989,32.86153,0.46098429256858386,0.3194855175174659,0.14149877505111796,0.6163230431928327,0.605675456874124,0.010647586318708657,-13.6,-33.3,19.699999999999996,19.699999999999996
Shallow,SCAN,SCAN:2111,2,3061,3034,-101.72010000000002,40.37042,0.3317316104811632,0.41247032541915807,-0.0807387149379949,0.584951507937621,0.5961960104955238,-0.01124450255790288,-23,-32.2,9.200000000000003,9.200000000000003
Shallow,SCAN,SCAN:2113,5,5452,5425,-86.79897,34.19492,0.736936839193422,0.5304739537739582,0.20646288541946378,0.9257656262870154,0.8080323569882784,0.11773326929873706,0.9,-0.8,1.7000000000000002,-0.09999999999999998
Shallow,SCAN,SCAN:2114,9,5203,5176,-88.19743,32.608,0.7805437776067052,0.5326584853146479,0.24788529229205736,0.8084435018179248,0.7370040455068034,0.07143945631112136,-8.7,-37.8,29.099999999999998,29.099999999999998
Shallow,SCAN,SCAN:2115,3,5583,5556,-85.74802,32.43455,0.5730732473839613,-0.4844907763749058,1.057564023758867,0.6997896795358133,0.6252300772796212,0.07455960225619207,23.5,135.3,-111.80000000000001,111.80000000000001
Shallow,SCAN,SCAN:2116,7,4778,4751,-118.49344999999998,40.09247,0.3550888356470242,0.5060352950936993,-0.15094645944667506,0.4710362174319032,0.5192406531073702,-0.048204435675467006,-32,11,-43,-21
Shallow,SCAN,SCAN:2117,5,3641,3614,-111.92363,48.30453,0.5665103456808102,0.550985891780926,0.015524453899884105,0.7363936742429262,0.6684912439440126,0.06790243029891363,-18.4,-18.3,-0.09999999999999787,-0.09999999999999787
Shallow,SCAN,SCAN:2118,5,3700,3673,-111.18423,48.43578000000001,0.6031468077560002,0.5366583698963162,0.06648843785968395,0.7905943433252126,0.7316095057420816,0.058984837583131,6.9,-8,14.9,1.0999999999999996
Shallow,SCAN,SCAN:2119,2,4283,4256,-109.95082,47.05818,0.6463538967500283,0.5786134728460022,0.06774042390402613,0.8394916866567077,0.7814185879323396,0.058073098724368055,-4.3,10.9,-15.2,6.6000000000000005
Shallow,SCAN,SCAN:2120,6,2453,2434,-104.247,47.77102,0.6912013051238622,0.5139939690091883,0.17720733611467399,0.8005009259170349,0.6670374362318462,0.13346348968518873,-6,-13.3,7.300000000000001,7.300000000000001
Shallow,SCAN,SCAN:2121,7,3780,3753,-107.12731,47.522,0.6668631931693657,0.4560605803202107,0.21080261284915502,0.8674434632079947,0.7662982292717467,0.10114523393624797,-10.2,-11.6,1.4000000000000004,1.4000000000000004
Shallow,SCAN,SCAN:2125,1,4316,4289,-112.25122,38.15133,0.47190938511515657,0.6372088186730823,-0.16529943355792576,0.7526203351121257,0.69762512217686,0.05499521293526566,-19.1,9.7,-28.8,-9.400000000000002
Shallow,SCAN,SCAN:2126,1,4088,4061,-111.57803,39.36798,0.6335331075133523,0.3362797275403896,0.29725337997296275,0.6825184011427236,0.532004000155449,0.15051440098727453,-5.4,35.4,-40.8,30
Shallow,SCAN,SCAN:2127,2,4626,4599,-112.40155,39.192159999999994,0.41019491423980525,-0.5046649290199343,0.9148598432597396,0.781059410786905,0.7157163003149815,0.06534311047192354,53.1,137.8,-84.70000000000002,84.70000000000002
Shallow,SCAN,SCAN:2128,1,4721,4694,-113.64324,37.63343,0.3920737147655369,0.5940960731471522,-0.2020223583816153,0.7818738096388858,0.7824588688497529,-5.85059210867156e-4,-41.2,-23.1,-18.1,-18.1
Shallow,SCAN,SCAN:2129,3,4552,4525,-113.01053,38.34196,0.4699080853303773,0.47492634006095946,-0.00501825473058215,0.7232177466629981,0.6263129450964237,0.09690480156657444,-28,-27.5,-0.5,-0.5
Shallow,SCAN,SCAN:2130,10,4325,4298,-109.17193,37.77853,0.6526383108138314,0.5865696608022429,0.06606865001158846,0.8086476557879407,0.6585047523545204,0.1501429034334203,-13.6,8.8,-22.4,-4.799999999999999
Shallow,SCAN,SCAN:2131,8,4314,4287,-110.16264,39.01825,0.5464494620410357,0.21643350302953202,0.3300159590115037,0.6744359829660732,0.6659267043516439,0.008509278614429294,13.6,66.6,-52.99999999999999,52.99999999999999
Shallow,SCAN,SCAN:2132,3,4318,4291,-110.80604,39.53288,0.5611539722587282,0.16652632822103175,0.39462764403769646,0.8011432864475506,0.7505704250503761,0.05057286139717454,38.8,79.5,-40.7,40.7
Shallow,SCAN,SCAN:2133,10,3981,3954,-111.68555,40.9999,0.5748908557006263,0.5136630080994438,0.061227847601182495,0.6515134002545842,0.5341707711222015,0.11734262913238269,-16.6,0.9,-17.5,-15.700000000000001
Shallow,SCAN,SCAN:2134,4,3895,3868,-110.40602,40.37263,0.5926949645118855,0.47670828767181805,0.11598667684006747,0.687083670871228,0.5934604029511862,0.09362326792004183,-0.8,31.6,-32.4,30.8
Shallow,SCAN,SCAN:2135,9,4080,4053,-112.4336,41.93531,0.7950596415973727,0.6936421679815155,0.10141747361585729,0.8562510698858423,0.7487076281169862,0.10754344176885611,-13.7,10.8,-24.5,-2.8999999999999986
Shallow,SCAN,SCAN:2136,2,4372,4345,-111.98043,41.81568,0.7114478313746714,0.6238386511225401,0.08760918025213127,0.8253649511441723,0.6812634112057285,0.14410153993844377,-21.2,-18.4,-2.8000000000000007,-2.8000000000000007
Shallow,SCAN,SCAN:2137,6,4417,4390,-111.87044000000002,39.64554,0.5902692794972321,0.7236644059346518,-0.1333951264374197,0.8499344701440767,0.7674902005435831,0.08244426960049367,-23.7,2,-25.7,-21.7
Shallow,SCAN,SCAN:2138,5,4175,4148,-109.36429,37.67455,0.5790580846524216,0.570343987593691,0.008714097058730608,0.748948757634885,0.7545730591270778,-0.00562430149219284,0.2,29.1,-28.900000000000002,28.900000000000002
Shallow,SCAN,SCAN:2139,8,3762,3735,-109.12745,38.01394,0.6742089486828153,0.7102087908384455,-0.035999842155630124,0.8484146328125869,0.7576281024405078,0.09078653037207907,-23.1,-4.4,-18.700000000000003,-18.700000000000003
Shallow,SCAN,SCAN:2140,6,4850,4823,-109.33776,37.44671,0.5182457394939579,0.5755730657777121,-0.05732732628375414,0.8539297119017794,0.7422874671382826,0.11164224476349671,-28.5,32.5,-61,4
Shallow,SCAN,SCAN:2141,7,4430,4403,-115.60852,36.26527,0.7490070138085152,-0.022653636689088374,0.7716606504976036,0.782619291776033,0.8092652634710157,-0.02664597169498273,-12.5,96.1,-108.6,83.6
Shallow,SCAN,SCAN:2142,9,4108,4081,-115.78127,36.37355,0.7256211712107246,0.2513378566190271,0.4742833145916975,0.8267215139684416,0.6825255152256267,0.14419599874281497,-19.1,57.5,-76.6,38.4
Shallow,SCAN,SCAN:2144,2,4045,4018,-115.20422,36.57285,0.6631519698457631,-0.23781527979481254,0.9009672496405756,0.7446244606982855,0.7478793058948835,-0.003254845196598022,1.5,121,-119.5,119.5
Shallow,SCAN,SCAN:2145,3,3720,3693,-115.82047,36.36651,0.6393921365957145,0.11150572197947684,0.5278864146162376,0.7593439812466227,0.6279571358587857,0.13138684538783707,-20.9,80.2,-101.1,59.300000000000004
Shallow,SCAN,SCAN:2146,3,4989,4962,-115.61194999999998,36.16555000000001,0.3202335207435535,0.7432775105321736,-0.4230439897886201,0.8507999247191851,0.7698724670895118,0.08092745762967324,-48.2,6.5,-54.7,-41.7
Shallow,SCAN,SCAN:2147,1,4032,4008,-95.19128,39.05140999999999,0.5908444852258812,0.39695611317206914,0.19388837205381204,0.7548119881984773,0.6399617614218709,0.11485022677660639,9.3,-11.8,21.1,2.5
Shallow,SCAN,SCAN:2148,5,3856,3829,-117.0106,42.94863000000001,0.47010209729398045,0.5315239296865225,-0.061421832392542064,0.7463955861214806,0.697130451422959,0.04926513469852156,-32.6,-16.6,-16,-16
Shallow,SCAN,SCAN:2149,1,4288,4261,-118.4209,37.77767,0.48711142268793073,-1.808442467385353,2.2955538900732835,0.7006323222125235,0.6535982431707638,0.04703407904175971,-13,266,-279,253
Shallow,SCAN,SCAN:2150,5,2983,2956,-111.3036,41.33136,0.6144176820378886,0.34529320496663907,0.26912447707124953,0.915205752247221,0.7623490206825556,0.1528567315646654,31.7,60.4,-28.7,28.7
Shallow,SCAN,SCAN:2151,8,3196,3169,-111.18798,41.34363,0.8488999504658983,0.4116759846846191,0.4372239657812792,0.8707106751847614,0.7490425762045722,0.12166809898018927,7.7,51.2,-43.5,43.5
Shallow,SCAN,SCAN:2152,1,3913,3886,-112.39258,40.590889999999995,-0.04009695220518861,-0.9737865412950393,0.9336895890898507,0.8464404000726559,0.7710927597887322,0.07534764028392371,102.5,194.4,-91.9,91.9
Shallow,SCAN,SCAN:2153,8,3349,3323,-113.28596,41.77318000000001,-0.21099681567571715,-1.0436387886025718,0.8326419729268546,0.830094702821587,0.7723564547624694,0.05773824805911765,119.9,199.8,-79.9,79.9
Shallow,SCAN,SCAN:2154,3,3374,3347,-109.35326,40.391360000000006,0.6180602433475918,0.5040150299174266,0.11404521343016516,0.8446172778153944,0.8478204338943779,-0.003203156078983471,-11.9,41.5,-53.4,29.6
Shallow,SCAN,SCAN:2155,2,3196,3169,-110.30464,40.17957,0.48700780679787603,0.5090102161577583,-0.02200240935988229,0.7039860945732269,0.684816501079316,0.019169593493910897,-18.8,0.2,-19,-18.6
Shallow,SCAN,SCAN:2156,6,3713,3686,-112.64291,38.36649,0.4752683764138127,0.575022307402896,-0.09975393098908325,0.7314632820029988,0.7335359600870462,-0.00207267808404743,-23.4,10.3,-33.7,-13.099999999999998
Shallow,SCAN,SCAN:2157,4,3023,2996,-112.43437,37.86975000000001,0.46898066393520443,0.5856521857137598,-0.11667152177855533,0.7208638578023104,0.6566860734277029,0.06417778437460753,-27.9,9.8,-37.7,-18.099999999999998
Shallow,SCAN,SCAN:2158,10,3884,3857,-111.26189,37.51468,-0.3125890140110721,-2.693715092752729,2.381126078741657,0.8037260288508051,0.7788163510084257,0.024909677842379407,129.3,358.6,-229.3,229.3
Shallow,SCAN,SCAN:2159,2,4341,4314,-113.35615,37.10516,-0.42027608746724976,-2.0443594654626045,1.6240833779953547,0.7179021726269977,0.787321675900182,-0.06941950327318425,132.5,282.8,-150.3,150.3
Shallow,SCAN,SCAN:2160,2,3537,3510,-113.82048,41.77846,0.678853375109937,-0.18035856704180442,0.8592119421517415,0.8204915503012874,0.7244962715178425,0.09599527878344494,26.2,112.7,-86.5,86.5
Shallow,SCAN,SCAN:2161,6,3622,3595,-113.12341,37.35524000000001,-1.8634743387926873,-4.0301152110625225,2.166640872269835,0.7902835283265975,0.7862022205517062,0.004081307774891352,260.6,487.4,-226.79999999999995,226.79999999999995
Shallow,SCAN,SCAN:2162,10,3291,3264,-112.19252,37.19061000000001,-0.4009596702743181,-1.0748726614377895,0.6739129911634714,0.7640423727818986,0.7564089980861991,0.007633374695699469,134.8,196.5,-61.69999999999999,61.69999999999999
Shallow,SCAN,SCAN:2163,9,3692,3665,-113.45866,39.23724,0.5277997899497748,0.04161864025353379,0.48618114969624104,0.7574635612773795,0.6815490848544767,0.07591447642290272,-33.1,84.3,-117.4,51.199999999999996
Shallow,SCAN,SCAN:2164,5,3451,3424,-113.75102,38.59445,0.213060839425821,-1.4986488054548674,1.7117096448806883,0.6724686586577037,0.6688843445057356,0.0035843141519680266,69.3,244.6,-175.3,175.3
Shallow,SCAN,SCAN:2165,5,3183,3156,-114.00025,39.99003,0.45612998489456136,0.5187330236662635,-0.06260303877170215,0.6184680151167712,0.6317944922579495,-0.013326477141178295,-19.4,-5.9,-13.499999999999998,-13.499999999999998
Shallow,SCAN,SCAN:2166,4,3431,3404,-109.23998,38.31347,0.6453541499418372,0.5753849670570087,0.06996918288482845,0.7122238149591852,0.6830638924517138,0.029159922507471348,1.7,23.8,-22.1,22.1
Shallow,SCAN,SCAN:2168,7,4334,4307,-106.69997,32.55660000000001,-0.9875001144743296,-4.474276703310201,3.4867765888358715,0.7631366616161698,0.7105128207620789,0.052623840854090886,195.2,541.8,-346.59999999999997,346.59999999999997
Shallow,SCAN,SCAN:2169,1,4391,4364,-106.76288,34.771499999999996,0.47633847215194425,0.6365288400434408,-0.16019036789149654,0.7723834043882123,0.6789060161158572,0.09347738827235508,-26.4,-12.1,-14.299999999999999,-14.299999999999999
Shallow,SCAN,SCAN:2171,5,3332,3305,-106.69127,34.35813000000001,0.4739791200054402,0.40109640525918966,0.07288271474625052,0.7710212332236615,0.6891405089363791,0.08188072428728232,40.5,42.2,-1.7000000000000028,1.7000000000000028
Shallow,SCAN,SCAN:2172,4,3743,3716,-106.05668,36.0908,0.4823957726616096,0.3267485939697621,0.15564717869184752,0.6483063775527185,0.4505974152588717,0.19770896229384677,-22.3,37.9,-60.2,15.599999999999998
Shallow,SCAN,SCAN:2173,1,3591,3568,-87.98685,34.81982,0.6835752489547666,0.49898126382478303,0.1845939851299836,0.7143140902892936,0.6241839366988915,0.0901301535904021,5.9,-11.9,17.8,6
Shallow,SCAN,SCAN:2174,5,3778,3754,-88.31003,33.10768,0.5168804881738527,0.35094627020498936,0.16593421796886332,0.6541901875393598,0.6569136673048169,-0.0027234797654571707,0.4,-31.9,32.3,31.5
Shallow,SCAN,SCAN:2175,4,3865,3865,-85.51818,33.331680000000006,0.5649435857281444,0.21045295012460663,0.3544906356035378,0.6663598741519987,0.6189075966132359,0.0474522775387628,26.9,55.2,-28.300000000000004,28.300000000000004
Shallow,SCAN,SCAN:2176,7,3593,3577,-86.89137,32.40392,-0.6818186937339767,-0.9120711343923265,0.2302524406583497,0.7730111426590228,0.6671139009280168,0.10589724173100601,147.2,168.8,-21.600000000000023,21.600000000000023
Shallow,SCAN,SCAN:2177,9,3765,3738,-86.05253,32.28393,0.6160294187015007,0.3740618638248704,0.24196755487663035,0.73323498805549,0.6438915363677126,0.08934345168777746,-6,-33.6,27.6,27.6
Shallow,SCAN,SCAN:2178,5,3770,3746,-85.91028,32.41222,0.2359173003736903,-0.0030520499072090868,0.23896935028089938,0.5460697091171746,0.26952314710744957,0.276546562009725,-27.9,0.8,-28.7,-27.099999999999998
Shallow,SCAN,SCAN:2179,10,4018,3991,-87.45618,34.17973,0.7161212260269432,0.32017314136819297,0.3959480846587502,0.8824034863765066,0.6548792770559253,0.22752420932058126,3.3,14.6,-11.3,11.3
Shallow,SCAN,SCAN:2180,10,3369,3342,-87.69797,30.523800000000005,0.6147436744456525,0.27984360002359443,0.33490007442205805,0.812261727051879,0.6260354913805785,0.1862262356713006,31.8,61.4,-29.599999999999998,29.599999999999998
Shallow,SCAN,SCAN:2181,6,3572,3545,-87.55277,31.10923,0.5377681865828381,0.5443391007217202,-0.006570914138882111,0.7992288161255438,0.6758649783970176,0.1233638377285261,-22.4,1.7,-24.099999999999998,-20.7
Shallow,SCAN,SCAN:2182,2,2795,2768,-85.03693,31.019120000000004,0.5450625828442641,0.08862011662515534,0.4564424662191088,0.8118616136583907,0.7014952703705741,0.11036634328781658,39.8,86,-46.2,46.2
Shallow,SCAN,SCAN:2183,7,2513,2486,-115.30505,33.80208,-0.07068934927435011,-2.071828146259817,2.001138796985467,0.31086990910965734,0.3575976902682373,-0.04672778115857995,-40.8,288.5,-329.3,247.7
Shallow,SCAN,SCAN:2184,8,2813,2786,-115.09763,33.654700000000005,0.24360535316841236,-0.10367670787634697,0.34728206104475934,0.5979758295328836,0.5718614477508126,0.02611438178207104,-38.4,82.2,-120.6,43.800000000000004
Shallow,SCAN,SCAN:2185,1,3070,3043,-115.16692999999998,34.67235,0.505280211923508,-1.0144811726451315,1.5197613845686395,0.6946000452907644,0.6628447307308312,0.03175531455993319,-7.2,182.4,-189.6,175.20000000000002
Shallow,SCAN,SCAN:2186,6,2353,2326,-115.71510000000002,35.466069999999995,0.43992586159494473,-0.6649702003344289,1.1048960619293737,0.6230057101320785,0.6713456948464309,-0.04833998471435241,-35.1,113.2,-148.3,78.1
Shallow,SCAN,SCAN:2187,8,3398,3371,-117.97383000000002,37.37222,0.3871407823663987,0.135490744796127,0.2516500375702717,0.6948142199910632,0.6547811871050624,0.0400330328860008,-43.5,63.8,-107.3,20.299999999999997
Shallow,SCAN,SCAN:2189,1,3366,3339,-119.59608,35.11807,0.8240270241450465,0.03750649850474075,0.7865205256403057,0.9096325022333981,0.9172243659041788,-0.007591863670780685,-7,92.7,-99.7,85.7
Shallow,SCAN,SCAN:2190,10,1660,1635,-116.35132,36.32502,-0.185831080939588,-3.1227199916959627,2.936888910756375,0.27041231541567406,0.23843507807733727,0.031977237338336795,80.9,396,-315.1,315.1
Shallow,SCAN,SCAN:2191,9,3316,3289,-118.82643,37.63423,-0.97442304093284,-6.765773208682747,5.791350167749907,0.7992563458386205,0.6132779056908139,0.18597844014780662,185.9,748.4,-562.5,562.5
Shallow,SCAN,SCAN:2192,6,3081,3054,-120.72472,40.6175,-1.1319515652102106,-1.8164772079563822,0.6845256427461717,0.7717771361540887,0.7263082028261715,0.04546893332791724,167.5,252.5,-85,85
Shallow,SCAN,SCAN:2193,4,2231,2204,-94.0364,37.9872,0.6095436882527215,0.511571864226112,0.09797182402660953,0.8280503954843984,0.7486119180128835,0.07943847747151489,-13,-14.1,1.0999999999999996,1.0999999999999996
Shallow,SCAN,SCAN:2194,10,3307,3280,-92.2594,36.9973,-0.07708328920413754,-0.13903197074319396,0.061948681539056416,0.6549892299098001,0.6016746504406209,0.05331457946917928,100.8,105.4,-4.6000000000000085,4.6000000000000085
Shallow,SCAN,SCAN:2195,4,2767,2740,-92.11942,39.2285,0.710472515297456,0.511145173592223,0.19932734170523303,0.8929674229682674,0.7695880222162467,0.1233794007520207,3.1,-21.7,24.8,18.599999999999998
Shallow,SCAN,SCAN:2196,10,2432,2405,-90.3899,42.70785,0.7724427183229593,0.545265555065483,0.22717716325747628,0.7895156036847218,0.6232652184760209,0.16625038520870095,1.7,-17.1,18.8,15.400000000000002
Shallow,SCAN,SCAN:2197,1,2385,2358,-104.71068,40.822799999999994,0.7438428301517058,0.5195028391814418,0.22433999097026402,0.8807579911299829,0.7211347636721386,0.1596232274578443,3.1,24.8,-21.7,21.7
Shallow,SCAN,SCAN:2198,3,2374,2347,-117.08008,46.78372999999999,0.6961733313065928,0.6567998489790925,0.039373482327500264,0.9145819810130579,0.8775806836282518,0.037001297384806064,-15.4,-7.7,-7.7,-7.7
Shallow,SCAN,SCAN:2199,8,2262,2235,-96.88162,31.47907,0.5685779710538756,0.3821124977588144,0.18646547329506125,0.8276565752273203,0.8508794458043915,-0.023222870577071175,4.5,-30.4,34.9,25.9
Shallow,SCAN,SCAN:2200,7,2972,2945,-100.50748,31.5496,0.7337141072107642,0.4730118881781056,0.26070221903265867,0.7506854040954464,0.6987409376081868,0.05194446648725959,-6.7,-15.6,8.899999999999999,8.899999999999999
Shallow,SCAN,SCAN:2201,4,2717,2690,-99.86657,33.44635,0.27924560239203144,0.3671443713668133,-0.08789876897478188,0.65422875019632,0.6226719848905898,0.03155676530573015,-36.8,-20.4,-16.4,-16.4
Shallow,SCAN,SCAN:2202,9,2376,2349,-99.2464,34.01635,0.7232082953244218,0.5607968070301956,0.16241148829422614,0.8582373165514671,0.7669527468695853,0.09128456968188181,17.6,-5.5,23.1,-12.100000000000001
Shallow,SCAN,SCAN:2203,9,2766,2739,-98.19563,32.24535,0.7730277054419536,0.5815970323590116,0.19143067308294204,0.9000013370897135,0.8040820529909348,0.0959192840987787,-0.8,-20.3,19.5,19.5
Shallow,SCAN,SCAN:2204,9,2707,2680,-99.75517000000002,29.21578,0.7297090739579859,0.5301887057199632,0.19952036823802266,0.7628130033798015,0.6605172581769388,0.10229574520286266,-3.5,-15.5,12,12
Shallow,SCAN,SCAN:2205,5,2250,2223,-97.95927,26.15553,0.7792678139291489,0.47164386237442824,0.30762395155472066,0.82707634023422,0.7720645173549554,0.05501182287926465,-11.8,-44.5,32.7,32.7
Shallow,SCAN,SCAN:2206,4,1334,1307,-97.88223,27.54945,0.5402312077492837,0.5187194560633436,0.021511751685940106,0.8441098279931348,0.8108059689332012,0.033303859059933605,-16.2,34,-50.2,17.8
Shallow,SCAN,SCAN:2207,7,2175,2148,-94.29283,30.06844999999999,0.5218165264790475,0.3912451791886302,0.1305713472904173,0.7675531049515292,0.7052916318136746,0.06226147313785457,4.5,-26.1,30.6,21.6
Shallow,SCAN,SCAN:2214,2,1707,1680,-120.6872,41.05204,0.7282661724273234,0.5091470363989998,0.21911913602832356,0.8818419468131198,0.8666695716873544,0.015172375125765414,-14.6,45.1,-59.7,30.5
Shallow,SCAN,SCAN:2215,10,1947,1920,-119.12645,38.26477,0.21242668428648503,-0.3975763348677426,0.6100030191542276,0.8861352933998423,0.6939718133707216,0.19216348002912076,72.7,136.3,-63.60000000000001,63.60000000000001
Shallow,SCAN,SCAN:2216,5,1070,1043,-119.9534,40.87959,0.5647231830906758,0.29264085465331613,0.2720823284373597,0.904403569212011,0.7087549511480523,0.19564861806395872,-39.4,-40,0.6000000000000014,0.6000000000000014
Shallow,SCAN,SCAN:2217,1,2909,2882,-120.55463,36.54417,0.19460447943870007,0.5415249544477417,-0.34692047500904166,0.7033389914144668,0.6676978364147134,0.0356411549997534,-57.2,-26.1,-31.1,-31.1
Shallow,SCAN,SCAN:2218,5,2425,2398,-122.55083,40.79361000000001,0.5395333563163485,-0.1512530946418278,0.6907864509581763,0.848323124843823,0.8260763907263925,0.0222467341174305,34.6,110.1,-75.5,75.5
Shallow,SCAN,SCAN:2219,10,1975,1948,-119.47831,34.97018,0.42193925057315307,0.7915589223704304,-0.3696196717972773,0.8813022080496027,0.8237283877981639,0.057573820251438756,-43.8,8.3,-52.099999999999994,-35.5
Shallow,SCAN,SCAN:2220,5,2504,2477,-90.78278,39.15306,0.8245605401749825,0.5192647517112499,0.3052957884637326,0.8531323689433483,0.6644291882643615,0.18870318067898684,3.7,-27,30.7,23.3
Shallow,SCAN,SCAN:2223,3,1617,1617,-92.13475,38.52557000000001,0.8432157506766618,0.735669980455946,0.10754577022071576,0.8874446640462952,0.8297185939000161,0.05772607014627906,8,-9,17,1
Shallow,SCAN,SCAN:2227,10,1179,1179,-90.80639,38.47889,0.8111607690459626,0.6649638728815094,0.1461968961644532,0.901637316360695,0.7983173561921607,0.10331996016853429,0.6,-10.8,11.4,10.200000000000001
Shallow,SCAN,SCAN:2229,6,742,742,-115.2212,40.636970000000005,0.722312859528727,0.4033585905204532,0.31895426900827384,0.7373044836651917,0.7299406778008849,0.007363805864306849,-8.2,28.7,-36.9,20.5
Shallow,SCAN,SCAN:581,9,2436,2409,-105.18702,47.21415,0.24207597360854805,0.17061572290699267,0.07146025070155537,0.6798752997268491,0.49621956851123583,0.1836557312156133,68.5,65.7,2.799999999999997,-2.799999999999997
Shallow,SCAN,SCAN:674,9,5195,4931,-115.99643000000002,43.32268,0.5150282087531477,-0.24986024252436256,0.7648884512775103,0.7823548096147217,0.8286234098204568,-0.04626860020573509,30,117.6,-87.6,87.6
Shallow,SCAN,SCAN:808,8,4208,4181,-111.58655,45.80272,0.5719637079195876,0.5363956521337012,0.0355680557858864,0.7903491091499059,0.5840238912887482,0.20632521786115765,-16.8,9.2,-26,-7.600000000000001
Shallow,SNTL,SNTL:1006,10,3478,3451,-116.8647,40.35719999999999,0.7277962800475156,0.5027908765362539,0.22500540351126175,0.8542291587211318,0.7428151374271097,0.11141402129402211,-20.4,5.6,-26,-14.799999999999999
Shallow,SNTL,SNTL:1013,5,5234,4649,-111.54605,41.79299999999999,0.7670419357731975,0.5405537998524927,0.22648813592070471,0.8855820970435669,0.6284114447049111,0.2571706523386559,-8.1,26.3,-34.4,18.200000000000003
Shallow,SNTL,SNTL:1014,10,2937,2910,-106.02802,39.79565000000001,-0.17661405503087013,-1.4049885638207562,1.228374508789886,0.22036327383401663,0.15673291543241072,0.06363035840160591,82,225.2,-143.2,143.2
Shallow,SNTL,SNTL:1015,5,3486,3013,-107.2574,41.40107,0.633872314561251,0.5118984884314218,0.12197382612982921,0.8654215344442903,0.71105086289042,0.1543706715538703,-9.1,16.2,-25.299999999999997,7.1
Shallow,SNTL,SNTL:1016,3,5822,4874,-116.08878,44.78835000000001,0.6529344214581906,-0.3354366837024543,0.9883711051606449,0.6774785429976395,0.5361711799201324,0.14130736307750713,12.8,103,-90.2,90.2
Shallow,SNTL,SNTL:1017,5,2512,2485,-106.81361,36.02653,0.6908367004691257,0.4918947074394866,0.1989419930296391,0.8764549422425227,0.5970729605542554,0.27938198168826733,24.3,21.5,2.8000000000000007,-2.8000000000000007
Shallow,SNTL,SNTL:1030,10,2102,1917,-106.38141,40.35098,0.6778835728696309,0.20883685953098408,0.4690467133386468,0.8667729465384805,0.4395587846131865,0.427214161925294,-1.5,16.1,-17.6,14.600000000000001
Shallow,SNTL,SNTL:1033,6,3590,3232,-106.59544,40.79492,0.5602793478607817,0.3682699830538826,0.19200936480689912,0.7097410212024473,0.5423262282447693,0.16741479295767803,-21.9,11.5,-33.4,-10.399999999999999
Shallow,SNTL,SNTL:1034,6,4698,4244,-105.79467,33.40682,0.1786706353570101,0.055686496698169274,0.12298413865884084,0.3964761160214788,0.24378678681934005,0.15268932920213876,30.4,7.1,23.299999999999997,-23.299999999999997
Shallow,SNTL,SNTL:1039,6,4661,4186,-111.60992,40.283,0.4657380119466752,0.024401859979213403,0.4413361519674618,0.8086087306870702,0.6115772727787396,0.19703145790833054,49.6,86.4,-36.800000000000004,36.800000000000004
Shallow,SNTL,SNTL:1042,10,2278,2228,-105.6025,40.201,0.4611285559674153,0.12021849869039392,0.3409100572770214,0.6523893150846605,0.6268293389824654,0.02555997610219507,15.8,64.2,-48.400000000000006,48.400000000000006
Shallow,SNTL,SNTL:1045,3,5403,5009,-105.38571,41.22824,0.5120726022423274,0.18906667392048915,0.3230059283218383,0.6967889315584312,0.29506054272409443,0.4017283888343368,-14.1,0.8,-14.9,-13.299999999999999
Shallow,SNTL,SNTL:1046,3,2741,2621,-106.23101,41.23843,0.43372918779350833,-0.025015537530407084,0.4587447253239154,0.5843309207425167,0.197918711196629,0.38641220954588773,-6.4,36.7,-43.1,30.300000000000004
Shallow,SNTL,SNTL:1047,4,2261,2234,-106.94284,41.070510000000006,0.36933019085685437,0.08584636333594631,0.28348382752090806,0.3872836572271117,0.19119703423880136,0.19608662298831037,1.3,29.6,-28.3,28.3
Shallow,SNTL,SNTL:1049,5,3803,3560,-119.9597,38.68245,0.223452078407663,0.23759199390056362,-0.014139915492900612,0.8010770397375208,0.49390928707511517,0.3071677526624056,-62.3,-47.4,-14.899999999999999,-14.899999999999999
Shallow,SNTL,SNTL:1050,3,3738,3374,-119.88732000000002,38.83652,-0.4784845980612009,-2.9700663375610294,2.4915817394998285,0.3865073700712163,0.2220490196274763,0.16445835044374002,133.2,387.7,-254.5,254.5
Shallow,SNTL,SNTL:1051,9,3498,3241,-119.89419999999998,38.71943,0.5642438968200054,0.2004296531698917,0.3638142436501137,0.8157826291829664,0.47765528478589975,0.33812734439706665,8.4,25.6,-17.200000000000003,17.200000000000003
Shallow,SNTL,SNTL:1052,5,3083,2881,-119.53522,38.39747,0.46426026647034957,-0.46653544680790504,0.9307957132782546,0.7578727278446423,0.42343948672785003,0.3344332411167923,-16.5,127.1,-143.6,110.6
Shallow,SNTL,SNTL:1053,1,5223,4922,-116.46312,48.72263,0.6331795645706009,0.0780965995808508,0.5550829649897501,0.9204920746470472,0.7361030503213863,0.18438902432566084,19.9,82.5,-62.6,62.6
Shallow,SNTL,SNTL:1054,10,3424,3211,-111.81702,40.992,0.8398167018251206,0.6774535890297488,0.16236311279537174,0.8947108979734703,0.8231659185020092,0.0715449794714611,-7.6,-2.7,-4.8999999999999995,-4.8999999999999995
Shallow,SNTL,SNTL:1056,5,2772,2716,-111.48749,41.35891,0.8322640614195935,0.19315593481812188,0.6391081266014716,0.8604224827813769,0.5957742648281054,0.26464821795327154,5.6,65,-59.4,59.4
Shallow,SNTL,SNTL:1059,4,1930,1903,-106.5988,38.16273,0.22256558928954562,0.0752257610181406,0.14733982827140502,0.4500192931185116,0.5529667464143165,-0.10294745329580496,46.3,51.9,-5.600000000000001,5.600000000000001
Shallow,SNTL,SNTL:1060,9,2928,2866,-108.11405,37.50356,0.46283914542557725,0.28186260456036083,0.18097654086521642,0.6520163316521373,0.39127128761774704,0.2607450440343903,-31.5,-35.8,4.299999999999997,4.299999999999997
Shallow,SNTL,SNTL:1065,5,5142,5055,-113.94235,37.49616999999999,0.3309819589172386,0.3456515573548842,-0.014669598437645592,0.7540838521723313,0.573618017373449,0.18046583479888234,-40.8,-33.8,-7,-7
Shallow,SNTL,SNTL:1066,1,3979,3921,-113.45988,37.40083,0.5934540388550829,0.07429596305844388,0.519158075796639,0.8400101440703766,0.7072913736330901,0.13271877043728642,36.1,83.7,-47.6,47.6
Shallow,SNTL,SNTL:1067,5,3023,2968,-120.00220000000002,38.692699999999995,0.10439315648796943,5.996117084738906e-6,0.10438716037088469,0.5968563486969454,0.22658175049038337,0.370274598206562,-62.4,-34.5,-27.9,-27.9
Shallow,SNTL,SNTL:1080,6,184,184,-121.19713,48.92755,0.6074262754771915,-0.036012244460236875,0.6434385199374284,0.6159975101839955,0.4124024393044468,0.2035950708795487,5.7,81.2,-75.5,75.5
Shallow,SNTL,SNTL:1081,6,3304,3277,-117.03667000000002,47.855830000000005,0.7531832754973574,0.2219245430538499,0.5312587324435075,0.7774571878521084,0.7406985173675734,0.03675867048453496,-10.7,69.3,-80,58.599999999999994
Shallow,SNTL,SNTL:1082,9,1672,1645,-110.92783,43.77933,0.5779864995014887,0.22712837498659788,0.35085812451489085,0.8199045687248886,0.5466336734412597,0.2732708952836289,-27,-8.6,-18.4,-18.4
Shallow,SNTL,SNTL:1083,4,2865,2839,-105.52706,36.1279,0.6211683976611744,0.4624644358439213,0.1587039618172531,0.6663867307604451,0.49456437043653867,0.1718223603239064,14.8,11.1,3.700000000000001,-3.700000000000001
Shallow,SNTL,SNTL:1084,5,554,554,-123.27563,45.24755,0.252393632560157,0.8765702892684358,-0.6241766567082788,0.9206225773858959,0.9270511833554558,-0.006428605969559853,-36,-9.6,-26.4,-26.4
Shallow,SNTL,SNTL:1097,7,2998,2971,-110.43395,39.67712,0.6087554186916558,0.2787129142865914,0.33004250440506444,0.8199184111014349,0.7318970604647241,0.0880213506367108,-31,-37.7,6.700000000000003,6.700000000000003
Shallow,SNTL,SNTL:1098,3,2330,2303,-111.50603,41.86424999999999,0.8642172165595885,0.28479290606857244,0.5794243104910161,0.8678642151015625,0.7202330458260653,0.14763116927549724,2.3,45.6,-43.300000000000004,43.300000000000004
Shallow,SNTL,SNTL:1099,2,2431,2404,-112.16788,38.07125,0.7004042845878209,0.19438763365423706,0.5060166509335838,0.8562856374651998,0.4047729549625703,0.4515126825026295,-4.8,1,-5.8,-3.8
Shallow,SNTL,SNTL:1110,4,3732,3705,-115.62972000000002,36.2493,0.6500228410928139,0.1258793815970486,0.5241434594957654,0.7227689325629563,0.536029035748783,0.18673989681417325,-11.2,72.4,-83.60000000000001,61.2
Shallow,SNTL,SNTL:1111,3,3447,3420,-115.69543,36.31575,0.405699864442005,0.18609648472870222,0.2196033797133028,0.6498287043979625,0.25675153916284976,0.3930771652351127,-37.7,31.7,-69.4,-6.0000000000000036
Shallow,SNTL,SNTL:1112,3,3039,3012,-115.67508,36.30537000000001,0.3394651247379906,0.517644046131591,-0.17817892139360036,0.7286170168006186,0.6511027075945922,0.07751430920602642,-50.7,-1.6,-49.1,-49.1
Shallow,SNTL,SNTL:1114,4,2071,2044,-111.4693,41.9215,0.6810750030476105,-0.010171295189547847,0.6912462982371583,0.8876315654342846,0.79028295023475,0.09734861519953453,29.8,85.8,-56,56
Shallow,SNTL,SNTL:1115,9,2402,2375,-111.59713,41.96769,0.7302389159616076,0.47764700353342826,0.25259191242817935,0.8325061744880765,0.7056315154205925,0.12687465906748396,-0.3,-3.9,3.6,3.6
Shallow,SNTL,SNTL:1116,5,2524,2497,-110.3529,40.5502,-0.3654568356820216,-0.5604505093943082,0.1949936737122866,0.7577261856363589,0.515013699694375,0.2427124859419838,132.3,147.7,-15.399999999999977,15.399999999999977
Shallow,SNTL,SNTL:1117,10,1721,1694,-110.00527,40.83867999999999,0.4888562544685927,0.20547381555039335,0.28338243891819936,0.7914481720095864,0.3935356807884,0.3979124912211864,-28.9,-39.8,10.899999999999999,10.899999999999999
Shallow,SNTL,SNTL:1118,4,2758,2731,-111.35947,41.22155,0.6665857801332948,0.4875847125954247,0.17900106753787015,0.8601607837035803,0.7288775361018114,0.1312832476017689,-29.3,6.2,-35.5,-23.1
Shallow,SNTL,SNTL:1119,9,1392,1365,-106.714,41.05623,0.780662471949518,0.29670976329962784,0.48395270864989015,0.7828880466978367,0.4980829226265617,0.28480512407127506,-1.8,42.4,-44.199999999999996,40.6
Shallow,SNTL,SNTL:1121,8,3692,3665,-111.74479,35.26773,0.5858026523213319,0.5058638815624743,0.07993877075885758,0.7940408355182097,0.5953018966878809,0.19873893883032878,-15.1,-2,-13.1,-13.1
Shallow,SNTL,SNTL:1123,7,1639,1612,-105.7654,40.51154,0.5933676801622991,-0.11163401112796101,0.7050016912902601,0.6782059671967254,0.038657981295259596,0.6395479859014659,0.8,40.5,-39.7,39.7
Shallow,SNTL,SNTL:1125,5,3520,3493,-111.50868,34.96942,0.5040954637119193,0.4155244483567617,0.08857101535515755,0.754115389381894,0.4765664572004535,0.27754893218144056,-4.6,9.3,-13.9,4.700000000000001
Shallow,SNTL,SNTL:1130,7,845,845,-109.3774,43.6748,-0.2728912517854525,-0.6857459973722273,0.4128547455867748,0.2730235439410983,-0.02969761237029858,0.30272115631139684,100.7,124.1,-23.39999999999999,23.39999999999999
Shallow,SNTL,SNTL:1133,8,1671,1644,-109.4112,42.7121,0.29351391553361483,0.22415050799088032,0.06936340754273451,0.8218888811374192,0.6438701898474172,0.17801869129000203,-55.6,-31.5,-24.1,-24.1
Shallow,SNTL,SNTL:1134,7,2220,2193,-109.0883,42.5801,0.5372810592124078,0.03775307800257499,0.49952798120983277,0.8011450394277341,0.6823204162662168,0.11882462316151732,39.2,89.4,-50.2,50.2
Shallow,SNTL,SNTL:1135,7,3753,3726,-110.85075,40.98492,0.18731308573245442,0.3089921285985019,-0.12167904286604747,0.6107643027650419,0.5331980527068898,0.0775662500581521,-43.2,-29.5,-13.700000000000003,-13.700000000000003
Shallow,SNTL,SNTL:1136,9,2249,2222,-116.3408,41.3187,0.7476850389119013,0.3217948760685333,0.425890162843368,0.7929891165955381,0.6742165221303879,0.1187725944651502,13.8,47.1,-33.3,33.3
Shallow,SNTL,SNTL:1137,1,2544,2517,-115.9834,39.4495,0.2707411635126429,0.02151344270604516,0.24922772080659772,0.8826869720641973,0.7338342380763548,0.1488527339878425,71.9,86.2,-14.299999999999997,14.299999999999997
Shallow,SNTL,SNTL:1138,5,3278,3251,-108.94556,36.17716,0.3674364533683925,0.29497270008724574,0.07246375328114674,0.786293928050808,0.48658560620292174,0.29970832184788626,-53.5,-44.5,-9,-9
Shallow,SNTL,SNTL:1139,3,2525,2499,-112.06221,35.26238,0.6157877311109176,0.3790862765981228,0.23670145451279478,0.8844315508427972,0.8590195855217413,0.02541196532105594,2.5,48.9,-46.4,46.4
Shallow,SNTL,SNTL:1140,4,2373,2346,-111.38262,34.45551999999999,0.27223701688997337,0.25476461980491605,0.017472397085057323,0.7274016282817357,0.6616019186954185,0.0657997095863172,-37.9,-28.4,-9.5,-9.5
Shallow,SNTL,SNTL:1141,10,2332,2305,-106.74504,38.99070999999999,0.20747310337862968,0.016208198834836818,0.19126490454379286,0.4037977437245178,0.6708875306634118,-0.26708978693889396,45.1,88.8,-43.699999999999996,43.699999999999996
Shallow,SNTL,SNTL:1142,4,3077,3050,-115.7957,46.49597,0.8980938568970478,0.4275181654445528,0.470575691452495,0.9486496223124348,0.8622911532182574,0.08635846909417733,6.2,43.5,-37.3,37.3
Shallow,SNTL,SNTL:1145,1,1835,1808,-111.41249,41.24764,0.6175724994585163,0.5285511611709984,0.0890213382875179,0.8862454107084479,0.7956535003972887,0.09059191031115921,-20.6,19.6,-40.2,-1
Shallow,SNTL,SNTL:1146,4,2597,2570,-112.192,39.3485,0.31159105637858864,-0.050844597806481984,0.3624356541850706,0.412216474041232,0.20171458932354155,0.21050188471769046,9.1,45.3,-36.199999999999996,36.199999999999996
Shallow,SNTL,SNTL:1147,6,1644,1617,-114.31021,39.00995000000001,0.5554361242992154,-0.3594813998283133,0.9149175241275287,0.6784506046218367,0.5685359315787663,0.10991467304307045,9.9,125.9,-116,116
Shallow,SNTL,SNTL:1148,8,1865,1839,-112.65037,37.70463,0.6171971723704281,0.43586035906122156,0.1813368133092066,0.9158442180808325,0.7669572580877224,0.14888695999311008,-36.8,-29.3,-7.4999999999999964,-7.4999999999999964
Shallow,SNTL,SNTL:1149,1,2508,2481,-111.76693,38.50455,0.47751446013960364,0.13798906298575864,0.339525397153845,0.7634790678638629,0.5997650037072901,0.16371406415657275,46,67.7,-21.700000000000003,21.700000000000003
Shallow,SNTL,SNTL:1150,8,1827,1811,-114.62762,39.5579,0.5571262810153768,-0.04629470579504802,0.6034209868104248,0.7933520987655074,0.5970331671033725,0.19631893166213488,38.9,87.9,-49.00000000000001,49.00000000000001
Shallow,SNTL,SNTL:1151,8,1664,1637,-113.41154,41.91562,0.5348864616297406,0.012145405354729633,0.522741056275011,0.7025755564409478,0.27994857148215746,0.42262698495879036,-21.9,28.9,-50.8,7
Shallow,SNTL,SNTL:1153,6,1829,1802,-109.44717,37.86943,0.5946441327418965,0.36450093682994733,0.2301431959119492,0.8274325727695644,0.7422913869633344,0.08514118580622998,-24.2,-21.9,-2.3000000000000007,-2.3000000000000007
Shallow,SNTL,SNTL:1154,5,1903,1876,-112.85674,37.67994,0.05059498974016763,0.16732898781230754,-0.11673399807213991,0.8485860134162072,0.6236479288468414,0.22493808456936581,89.2,69.6,19.60000000000001,-19.60000000000001
Shallow,SNTL,SNTL:1155,8,3153,3126,-114.64863,39.46138,0.5838636482535149,0.1113771493417679,0.472486498911747,0.7340092462045562,0.7263947107845727,0.00761453541998347,25.9,83.4,-57.50000000000001,57.50000000000001
Shallow,SNTL,SNTL:1156,10,2360,2333,-112.00779,38.49746,-0.17252252667652446,-0.4967057949658622,0.32418326828933774,0.7937634284276307,0.45637545289348475,0.33738797553414596,115.4,133.5,-18.099999999999994,18.099999999999994
Shallow,SNTL,SNTL:1162,4,2072,2045,-110.5828,40.95813999999999,0.5140077593314674,0.3504711385010675,0.16353662083039988,0.8679737003538484,0.5843516974370419,0.2836220029168065,42.1,15.7,26.400000000000002,-26.400000000000002
Shallow,SNTL,SNTL:1163,10,2546,2519,-110.54056,40.88472,0.5477864425470395,0.18706319504909108,0.3607232474979484,0.7282543298410296,0.3652925758803865,0.36296175396064306,-33.3,-43.2,9.900000000000006,9.900000000000006
Shallow,SNTL,SNTL:1164,8,383,383,-111.04469,40.47733,0.6489952357251433,0.4860345641688496,0.16296067155629368,0.9221914467152946,0.7420706135060995,0.18012083320919514,21.9,31.3,-9.400000000000002,9.400000000000002
Shallow,SNTL,SNTL:1168,8,1760,1733,-105.45617,36.58195,0.5538388720317176,0.2375401478672674,0.31629872416445015,0.7062174930739201,0.46276094459155254,0.24345654848236759,-7.2,12.8,-20,5.6000000000000005
Shallow,SNTL,SNTL:1169,8,1691,1664,-105.2392,36.787650000000006,-0.22585565578928857,-0.21144677091229558,-0.014408884876992989,0.09638989091688653,0.07376846419749511,0.02262142671939142,-37.2,-7.4,-29.800000000000004,-29.800000000000004
Shallow,SNTL,SNTL:1170,3,3496,3469,-105.33038,36.40869,-0.28254644426714615,-0.6809771045355617,0.39843066026841556,0.7397810396934427,0.15464642226231734,0.5851346174311254,125.5,145.3,-19.80000000000001,19.80000000000001
Shallow,SNTL,SNTL:1173,3,1710,1710,-106.54805,36.00469,0.5706321175276797,0.3799981487438929,0.1906339687837868,0.8064270699370016,0.7422203075708276,0.06420676236617406,-13,-11.7,-1.3000000000000007,-1.3000000000000007
Shallow,SNTL,SNTL:1184,7,2281,2255,-111.68892,38.7882,0.6534057593027603,0.26901021047969575,0.3843955488230646,0.886078208864894,0.6871821468019026,0.19889606206299137,-20.9,-31.5,10.600000000000001,10.600000000000001
Shallow,SNTL,SNTL:1185,9,1084,1057,-108.18376,37.78968,0.6160847207633,0.21508211235135466,0.40100260841194535,0.6464955706286006,0.4073618268424263,0.23913374378617436,1.8,24.5,-22.7,22.7
Shallow,SNTL,SNTL:1187,10,1384,1378,-105.75472,40.03589999999999,0.39901067444233373,0.21572806773814746,0.18328260670418628,0.487849123776138,0.2602896177026868,0.22755950607345116,-27.3,25.8,-53.1,-1.5
Shallow,SNTL,SNTL:1192,5,1937,1910,-110.66068,40.84456,0.379106284486071,0.12168163337674676,0.2574246511093242,0.6111777811212521,0.4461432780646499,0.16503450305660222,-42.5,-51.5,9,9
Shallow,SNTL,SNTL:1194,4,2048,2021,-118.99663,41.48953,0.47896547595181915,-0.3220958391312061,0.8010613150830252,0.907933283593737,0.7829365840059908,0.12499669958774628,50.1,120.7,-70.6,70.6
Shallow,SNTL,SNTL:1195,4,2886,2859,-117.58812,40.88358,0.6141639006153694,0.5836557559624199,0.030508144652949487,0.7680026318601786,0.684457496070791,0.0835451357893876,-30.5,-12.8,-17.7,-17.7
Shallow,SNTL,SNTL:1196,3,2791,2764,-106.34697,41.378330000000005,0.3912060219296185,0.3006747125648078,0.09053130936481069,0.6029469771927937,0.3028609358691372,0.30008604132365646,-25.4,-0.3,-25.099999999999998,-25.099999999999998
Shallow,SNTL,SNTL:1197,3,1965,1938,-112.77495,37.74797,0.4169021365949612,0.4211013315003088,-0.004199194905347592,0.8318934165761396,0.816579691445776,0.015313725130363554,54.4,35.1,19.299999999999997,-19.299999999999997
Shallow,SNTL,SNTL:1212,1,3484,3457,-111.60497,34.86142,0.710180967038172,0.5644113898735135,0.14576957716465855,0.8984632948091292,0.804423433205525,0.09403986160360422,-26.4,-33.9,7.5,7.5
Shallow,SNTL,SNTL:1214,2,2071,2044,-112.25233,40.46182,0.5006398967977677,0.3125573083675377,0.18808258843022996,0.8740517840499817,0.7222646576486216,0.15178712640136016,37.9,58.1,-20.200000000000003,20.200000000000003
Shallow,SNTL,SNTL:1215,4,2294,2267,-109.29164,38.48167,0.569965121743581,0.29578113942107187,0.2741839823225092,0.7727565735129547,0.6165265569561206,0.1562300165568341,-8.2,-11.4,3.200000000000001,3.200000000000001
Shallow,SNTL,SNTL:1216,1,1785,1758,-111.30576,39.61774,0.7640383555170249,0.47332185890080725,0.2907164966162177,0.8711416670789082,0.7311823072080293,0.13995935987087882,11.5,-0.9,12.4,-10.6
Shallow,SNTL,SNTL:1217,5,1944,1917,-111.72508,39.49667000000001,0.7983739375205223,0.42497617558657563,0.3733977619339467,0.8890213954914951,0.8051608679907621,0.08386052750073292,-10.6,-19.7,9.1,9.1
Shallow,SNTL,SNTL:1221,4,1774,1747,-111.48827,39.32019,0.707597637080106,0.3070995916711592,0.40049804540894685,0.7827754737397951,0.8023772263319325,-0.019601752592137478,-9.7,-20.1,10.400000000000002,10.400000000000002
Shallow,SNTL,SNTL:1222,4,1494,1467,-111.45383,39.30229,0.6382885607704178,0.32166687264297944,0.3166216881274384,0.7672627419794175,0.5691204483085552,0.19814229367086222,-6.8,6,-12.8,-0.7999999999999998
Shallow,SNTL,SNTL:1223,6,2153,2126,-111.35971,40.18538000000001,-0.013684156833549732,-0.10771216323409272,0.09402800640054298,0.8896595419865464,0.8198772195249661,0.06978232246158034,100.8,107.2,-6.400000000000006,6.400000000000006
Shallow,SNTL,SNTL:1224,4,1802,1775,-111.50527,39.13648,0.6672617898216816,0.3344085335525947,0.3328532562690869,0.6881186424816591,0.5655058097076082,0.12261283277405088,7.1,-17.8,24.9,10.700000000000001
Shallow,SNTL,SNTL:1225,8,2158,2131,-111.21765,40.67505,0.5481563721442584,-0.2534466682274723,0.8016030403717307,0.9141135999188083,0.7022098684386445,0.21190373148016373,43.7,121.5,-77.8,77.8
Shallow,SNTL,SNTL:1226,9,2345,2318,-111.51998,39.23803000000001,0.42289910483360527,0.2642243273338254,0.15867477749977987,0.7423549140448628,0.7159789820500703,0.02637593199479249,-21,-33.9,12.899999999999999,12.899999999999999
Shallow,SNTL,SNTL:1227,9,1629,1602,-111.2491,39.4155,0.5952386664073934,0.4640060449823269,0.13123262142506653,0.8052014654214971,0.7593509065018558,0.04585055891964129,35.4,18.6,16.799999999999997,-16.799999999999997
Shallow,SNTL,SNTL:1228,1,1480,1453,-111.35685,39.13233,0.5225413541959567,0.2019622114506021,0.3205791427453546,0.8086669720788783,0.7388204987488942,0.06984647332998406,-41,-46.6,5.600000000000001,5.600000000000001
Shallow,SNTL,SNTL:1236,10,1805,1778,-110.37906,39.65795,0.5762484243020148,0.18921762849649704,0.3870307958055178,0.8270126071801394,0.6596464234080541,0.16736618377208523,-30.6,-36.7,6.100000000000001,6.100000000000001
Shallow,SNTL,SNTL:1242,8,2080,2053,-119.8771,39.25259,0.6480633214974163,0.2697079452423953,0.378355376255021,0.8124567937958159,0.5674714617481447,0.24498533204767126,7,48.6,-41.6,41.6
Shallow,SNTL,SNTL:1243,10,2232,2205,-115.22014,40.863800000000005,0.16666561474913255,-0.38267043178515037,0.5493360465342829,0.8774157296289373,0.8191072585384139,0.058308471090523395,81.1,136.8,-55.70000000000002,55.70000000000002
Shallow,SNTL,SNTL:1244,5,1898,1871,-115.12067000000002,40.86293,0.5914752376564993,0.6329378610819097,-0.041462623425410405,0.6743308899706235,0.6617729553758857,0.012557934594737863,-14,12.4,-26.4,-1.5999999999999996
Shallow,SNTL,SNTL:1247,7,1627,1600,-113.98262,39.74104,0.627318804470079,0.2319400667032494,0.39537873776682964,0.8477021016582943,0.6557907173255888,0.1919113843327055,-3,12.2,-15.2,9.2
Shallow,SNTL,SNTL:1249,4,1131,1105,-111.33981,38.048,0.504052574594515,0.15593309691685997,0.34811947767765505,0.7525454046508525,0.5035408992708951,0.24900450537995744,-20.8,-23.6,2.8000000000000007,2.8000000000000007
Shallow,SNTL,SNTL:1251,2,1590,1590,-105.58486,40.13632,0.20517860893595852,-1.1130511831943397,1.3182297921302983,0.7174843375236568,-0.028466081421410026,0.7459504189450669,62,180.2,-118.19999999999999,118.19999999999999
Shallow,SNTL,SNTL:1254,5,1930,1903,-105.62949,36.07196,0.3180736604019998,0.21275981792012044,0.10531384248187936,0.43584777208197983,0.3293250854890533,0.10652268659292652,-36,-30.4,-5.600000000000001,-5.600000000000001
Shallow,SNTL,SNTL:1258,6,516,516,-120.71574,41.98609,0.14159205769969063,-0.5589922730404067,0.7005843307400973,0.5023252503477428,0.31695465649902327,0.1853705938487195,32.3,98.4,-66.10000000000001,66.10000000000001
Shallow,SNTL,SNTL:1261,9,1739,1712,-110.77241,38.07,0.4941626357000606,0.1991067422096202,0.29505589349044037,0.8545685448924784,0.660296133178448,0.1942724117140303,-32.3,-24.2,-8.099999999999998,-8.099999999999998
Shallow,SNTL,SNTL:1262,10,1893,1866,-115.9364,41.58008,0.334137688115575,0.03736650644873274,0.29677118166684224,0.9037219127280395,0.8116126889676891,0.09210922376035036,59.6,93.2,-33.6,33.6
Shallow,SNTL,SNTL:1269,1,1494,1494,-110.7933,37.97793,0.36508706538444924,0.11287068466006278,0.25221638072438646,0.8259771531643034,0.7125122694422115,0.11346488372209196,60.2,63.9,-3.6999999999999957,3.6999999999999957
Shallow,SNTL,SNTL:1271,7,1716,1703,-109.76531,33.97121,0.7052887368488414,0.38004471379523397,0.32524402305360745,0.90169192681948,0.7067579603628619,0.1949339664566181,-24.5,-39.3,14.799999999999997,14.799999999999997
Shallow,SNTL,SNTL:1272,3,999,999,-115.08316000000002,41.8642,0.8482842917041612,0.6013964736576155,0.2468878180465457,0.9079255138924491,0.8184636935038471,0.08946182038860206,-11.6,23.6,-35.2,12.000000000000002
Shallow,SNTL,SNTL:1277,7,1148,1148,-120.60805,40.68799,0.5798956009528953,0.2645058632630425,0.3153897376898528,0.9200402614962966,0.817208675671449,0.10283158582484764,-14.8,35.1,-49.900000000000006,20.3
Shallow,SNTL,SNTL:1278,1,1013,1013,-112.15349,38.94569,0.4728110891458459,0.34236728108166403,0.13044380806418188,0.8152205632920106,0.7040902047207978,0.1111303585712129,-36.8,-11.7,-25.099999999999998,-25.099999999999998
Shallow,SNTL,SNTL:2029,5,5013,3980,-116.8431,43.28863,0.8144922009462667,0.682822853094575,0.1316693478516917,0.8701347198691677,0.7367733279863206,0.13336139188284712,-11.4,12.4,-23.8,1
Shallow,SNTL,SNTL:2170,4,2933,2906,-117.62069,39.46544,0.4512050718749284,-0.013894807400165465,0.4650998792750939,0.8784643091859834,0.8078197818905112,0.07064452729547221,50.6,94.2,-43.6,43.6
Shallow,SNTL,SNTL:306,4,2733,2648,-115.23907,43.7569,-0.8862556471072869,-2.8520975459729803,1.9658418988656934,0.7638612183871457,0.6383493476504133,0.12551187073673242,181.1,383.3,-202.20000000000002,202.20000000000002
Shallow,SNTL,SNTL:308,1,2779,2779,-111.40651,34.456540000000004,-0.35888057348274427,-0.3618246927464297,0.0029441192636854296,0.022522099899355125,0.19598133033392634,-0.1734592304345712,94.4,109.7,-15.299999999999997,15.299999999999997
Shallow,SNTL,SNTL:310,2,4763,4539,-109.50357,33.97845,0.574135482989657,0.5094435093192886,0.06469197367036839,0.7902327660417214,0.6658102222660076,0.12442254377571382,25,11.4,13.6,-13.6
Shallow,SNTL,SNTL:312,3,2109,2082,-115.23447,44.30342,0.6863309352833094,0.17699720740049418,0.5093337278828152,0.8868471475062523,0.7458795669165527,0.1409675805896996,-15.3,61.3,-76.6,46
Shallow,SNTL,SNTL:321,7,1717,1690,-115.45278,41.83384000000001,0.5640874902485224,0.05774751310765758,0.5063399771408649,0.8968884364109054,0.76465496515273,0.13223347125817542,42.3,79.9,-37.60000000000001,37.60000000000001
Shallow,SNTL,SNTL:329,4,4236,4122,-111.55813,39.13683,0.608205989486841,0.34409452635158533,0.2641114631352557,0.7564681551743649,0.499384889708224,0.25708326546614096,-26.4,-33.7,7.300000000000004,7.300000000000004
Shallow,SNTL,SNTL:330,7,3823,3619,-111.09782,40.61233,0.7554203099753838,0.3678508025661791,0.3875695074092047,0.9022279611624034,0.5753251579775465,0.326902803184857,3.1,40.7,-37.6,37.6
Shallow,SNTL,SNTL:332,1,4398,3607,-111.94405,41.37603,0.7219122515636032,0.6485045595752745,0.07340769198832864,0.9126523526548513,0.7763088214289021,0.13634353122594922,-4.9,21.2,-26.1,16.299999999999997
Shallow,SNTL,SNTL:333,10,3701,3502,-111.92103,41.38291,0.7698928324437883,0.43761466403940785,0.3322781684043804,0.8335146006886146,0.6705943335987026,0.16292026708991203,6.8,39.9,-33.1,33.1
Shallow,SNTL,SNTL:334,8,2394,2367,-114.62278000000002,39.31917,0.7656077358910833,0.4027429287053169,0.3628648071857664,0.8051226258923537,0.683236818409146,0.12188580748320776,-12.9,-6.9,-6,-6
Shallow,SNTL,SNTL:335,4,3277,2350,-105.77786,39.80364,0.44643416263738434,-0.3072039294023501,0.7536380920397344,0.6079930492862956,0.5565864885160183,0.051406560770277276,38.5,122.7,-84.2,84.2
Shallow,SNTL,SNTL:336,9,3665,3638,-115.6931,41.76168,0.6844214514543895,0.6857124235879559,-0.001290972133566437,0.927162095950561,0.8142613763986613,0.11290071955189973,-29.9,-9.4,-20.5,-20.5
Shallow,SNTL,SNTL:337,2,3278,3013,-117.11506,39.29148,0.6147100777970145,0.5062521380835865,0.10845793971342799,0.8225594540895808,0.6543956905215811,0.16816376356799967,-27.8,-8.2,-19.6,-19.6
Shallow,SNTL,SNTL:339,7,2874,2473,-112.35672,38.30183000000001,0.5827185947665952,0.31510646730263137,0.2676121274639638,0.7409179632650456,0.5074472957369663,0.2334706675280792,-20.5,-13.1,-7.4,-7.4
Shallow,SNTL,SNTL:340,9,3695,3668,-119.9422,39.455,0.8013681966577886,0.45481163314100714,0.34655656351678144,0.8656654678263873,0.6872522708270478,0.17841319699933955,10.8,29.5,-18.7,18.7
Shallow,SNTL,SNTL:342,1,3040,2441,-109.25965,42.6458,0.2816097870844745,-0.5341573189929085,0.815767106077383,0.834782429625609,0.367208904355874,0.467573525269735,69.9,135,-65.1,65.1
Shallow,SNTL,SNTL:348,6,3749,3533,-111.59765,38.6799,0.5692751352495348,0.4432730196203539,0.12600211562918084,0.7062884421811486,0.4823444241766222,0.2239440180045264,31.1,19.4,11.700000000000003,-11.700000000000003
Shallow,SNTL,SNTL:349,9,535,535,-113.43095,46.414,-0.9974683653869416,-2.4751904936420255,1.4777221282550839,0.782232674962268,0.5155140714303861,0.2667186035318819,197.9,343.6,-145.70000000000002,145.70000000000002
Shallow,SNTL,SNTL:356,4,4503,4476,-119.92455,38.60801,-1.8693133404517503,-7.06206346908589,5.19275012863414,0.46896009722727955,0.303333643417852,0.16562645380942753,280,790.7,-510.70000000000005,510.70000000000005
Shallow,SNTL,SNTL:358,8,623,623,-107.5811,44.67881,-0.3105156836398,-1.449721102212314,1.139205418572514,0.4687295806814861,-0.3241011761119732,0.7928307567934594,109.9,201.7,-91.79999999999998,91.79999999999998
Shallow,SNTL,SNTL:359,6,1429,1402,-114.19272,42.16442,0.755583766298294,0.6264778968498957,0.1291058694483983,0.8984187628813444,0.751439569157652,0.1469791937236924,-18.2,15.2,-33.4,-3
Shallow,SNTL,SNTL:364,3,3220,2564,-112.01856,38.50809,0.5076822093340322,0.4223912042767465,0.08529100505728571,0.7528657867287708,0.6438738843710667,0.10899190235770406,36,43.4,-7.399999999999999,7.399999999999999
Shallow,SNTL,SNTL:366,10,2739,2713,-111.58167,40.59936,0.7050301538711405,0.43108267854116045,0.2739474753299801,0.8709861889574164,0.6904359976536386,0.1805501913037778,4.8,27,-22.2,22.2
Shallow,SNTL,SNTL:367,3,621,621,-106.23038,41.36038,0.4835067074650512,0.07501192753327501,0.4084947799317762,0.8428879687305909,0.2805208963944386,0.5623670723361522,-41.9,-15.2,-26.7,-26.7
Shallow,SNTL,SNTL:368,9,2507,2249,-110.58587,40.58102,0.5337519193626606,0.016636776577645396,0.5171151427850152,0.7083010794967534,0.1512482303310181,0.5570528491657353,-7,11.9,-18.9,4.9
Shallow,SNTL,SNTL:369,2,3001,2974,-106.54231,39.08758,0.03256511464864298,-0.258107524011832,0.290672638660475,0.14360979215158748,0.22879592104023352,-0.08518612888864605,31.3,97.3,-66,66
Shallow,SNTL,SNTL:371,10,3270,2845,-111.43722,39.134,0.5708877556440247,0.35902436017910666,0.21186339546491806,0.7984027701455639,0.5741293948354239,0.22427337531014002,-37.9,-42.1,4.200000000000003,4.200000000000003
Shallow,SNTL,SNTL:373,3,3508,3402,-117.53181999999998,41.75067,0.6216645388675757,0.6294042209446354,-0.007739682077059773,0.9163394143297027,0.8425852956300324,0.0737541186996703,-32.2,-4.1,-28.1,-28.1
Shallow,SNTL,SNTL:374,9,2905,2546,-111.41987000000002,41.68541,0.6578052486056885,0.4678764407639351,0.18992880784175337,0.7903940732315876,0.7209083802200039,0.0694856930115837,-27,6.3,-33.3,-20.7
Shallow,SNTL,SNTL:378,2,4079,3222,-107.59902,39.87504,0.687969547935869,0.5312194337512306,0.15675011418463836,0.784963124815784,0.6512933318353586,0.13366979298042536,-21.1,-14.4,-6.700000000000001,-6.700000000000001
Shallow,SNTL,SNTL:380,6,3824,3421,-106.95327,38.89435,0.48307704107884986,0.3442090934407297,0.13886794763812016,0.6129787426428424,0.4892082579139535,0.12377048472888885,-0.3,29.8,-30.1,29.5
Shallow,SNTL,SNTL:383,4,5310,4485,-109.48723,37.81333000000001,0.60393021305508,0.49080822441699745,0.11312198863808254,0.7859472475319261,0.5850961682142859,0.20085107931764024,-21.8,-23,1.1999999999999993,1.1999999999999993
Shallow,SNTL,SNTL:387,3,2543,2516,-107.80287,37.657509999999995,0.7120100748040783,0.39264414974149,0.3193659250625883,0.7287535711177426,0.7143966286547117,0.014356942463030986,3.2,27.2,-24,24
Shallow,SNTL,SNTL:390,7,4912,4253,-112.74093,37.66098000000001,0.4323227522526437,0.1796567171342568,0.2526660351183869,0.7215521469505607,0.42473036562105604,0.29682178132950465,41,56.5,-15.5,15.5
Shallow,SNTL,SNTL:392,10,4394,3613,-111.04765,40.85464,0.7360047064931987,0.3757249457377878,0.3602797607554109,0.7920941298884839,0.40882282963333266,0.38327130025515127,-11.7,16.4,-28.099999999999998,4.699999999999999
Shallow,SNTL,SNTL:393,10,4312,3593,-111.06954,40.88529,-0.2945009358451274,-0.7650144201643074,0.47051348431918005,0.8186850363397402,0.5292765733300477,0.2894084630096925,127.1,166.6,-39.5,39.5
Shallow,SNTL,SNTL:395,7,409,409,-121.80662,43.22625,0.7101158287669684,-0.16530875848100446,0.8754245872479729,0.9478223358456203,0.7473859748153857,0.20043636103023454,28.4,113.6,-85.19999999999999,85.19999999999999
Shallow,SNTL,SNTL:396,8,1017,1017,-110.0105,40.77458,0.473527235697923,0.09348561096338737,0.3800416247345356,0.8217784639859034,0.308298683782603,0.5134797802033004,32.6,-1.1,33.7,-31.5
Shallow,SNTL,SNTL:399,7,2883,2651,-111.28363,39.86671,0.7616444268801885,0.5905519783462708,0.1710924485339177,0.8488998944945764,0.6646356516674928,0.18426424282708354,12.6,16.2,-3.5999999999999996,3.5999999999999996
Shallow,SNTL,SNTL:400,10,3297,3137,-111.25154,39.89275,0.53016115921887,0.2217398782490103,0.30842128096985966,0.8772412169231821,0.750220927799423,0.12702028912375918,44.3,57.7,-13.400000000000006,13.400000000000006
Shallow,SNTL,SNTL:415,4,1485,1458,-106.17154,39.48917,0.4519357277422702,0.07199897508978681,0.3799367526524834,0.5803521483832065,0.27846526925150916,0.3018868791316973,11.4,33.1,-21.700000000000003,21.700000000000003
Shallow,SNTL,SNTL:417,8,3013,2781,-115.54017,40.27551,0.08737409080497771,-0.48594238132998946,0.5733164721349672,0.845613493772333,0.7229579768417944,0.12265551693053856,89.9,140.8,-50.900000000000006,50.900000000000006
Shallow,SNTL,SNTL:424,1,2564,2537,-111.99384,44.437000000000005,0.7022403635208955,0.4742418787164241,0.22799848480447138,0.8411471091711994,0.7392005274953118,0.10194658167588755,-22.2,9.4,-31.6,-12.799999999999999
Shallow,SNTL,SNTL:425,8,1124,1098,-115.28903,46.56394,0.73010053601504,0.5991712261907799,0.1309293098242601,0.8335022471428155,0.6678602408632336,0.16564200627958192,-21.2,21.7,-42.9,0.5
Shallow,SNTL,SNTL:428,6,4450,4423,-120.36807,39.32565000000001,-0.14193669374524953,-1.8354398072608835,1.693503113515634,0.656612423819203,0.36219842087732457,0.29441400294187847,107.9,274.1,-166.20000000000002,166.20000000000002
Shallow,SNTL,SNTL:430,9,2281,2051,-105.19988,37.20939,0.4662262305831061,-0.003033357623404065,0.46925958820651015,0.5838157843262526,0.15188723552622585,0.43192854880002673,-4.9,40.9,-45.8,36
Shallow,SNTL,SNTL:432,6,4686,3962,-111.08993,40.35746999999999,0.7574239775689505,0.6667422314022687,0.09068174616668179,0.8878808870064528,0.7812843187544408,0.10659656825201203,15.4,25,-9.6,9.6
Shallow,SNTL,SNTL:435,8,3875,3732,-111.25677,40.2953,0.49043299404352314,-0.029654575141020434,0.5200875691845436,0.8144356375806026,0.5703357122798939,0.24409992530070868,45.4,88.3,-42.9,42.9
Shallow,SNTL,SNTL:443,5,4449,4136,-115.84421,39.56361,0.5503162891764671,0.38746236858084904,0.1628539205956181,0.8736181194553402,0.7956284318353856,0.07798968761995462,-22.2,-1.2,-21,-21
Shallow,SNTL,SNTL:444,9,3837,3436,-111.46875,39.04554,-0.4431427607967233,-0.378194164015065,-0.06494859678165832,0.6743334946820502,0.3348677599669119,0.33946573471513825,140.2,119.8,20.39999999999999,-20.39999999999999
Shallow,SNTL,SNTL:445,6,4911,4701,-118.18934000000002,41.96737,0.6853309348111808,0.6256871731851685,0.05964376162601226,0.8673025474218882,0.7594851041512877,0.1078174432706005,-15.9,18.7,-34.6,2.799999999999999
Shallow,SNTL,SNTL:450,5,373,346,-114.67417000000002,43.602500000000006,0.11414548619483755,-0.23580199302472948,0.34994747921956704,0.8044014696353394,0.7273760407487112,0.07702542888662822,71.5,105.4,-33.900000000000006,33.900000000000006
Shallow,SNTL,SNTL:452,7,3888,3521,-111.47412,38.2084,0.5433658786088904,0.3278424428948278,0.21552343571406263,0.6785190368150998,0.640063233642633,0.038455803172466885,-4,-11.5,7.5,7.5
Shallow,SNTL,SNTL:453,9,3284,3038,-115.21104,40.893429999999995,0.6345474693280018,0.2032452570706268,0.431302212257375,0.8363087531495617,0.7675423353200427,0.06876641782951898,29.1,66.8,-37.699999999999996,37.699999999999996
Shallow,SNTL,SNTL:454,10,4382,3583,-115.3234,41.661,0.5654807535459707,0.6618897376012753,-0.09640898405530463,0.7177926911752853,0.7084148053881416,0.009377885787143714,-25.7,-0.7,-25,-25
Shallow,SNTL,SNTL:455,6,4368,3725,-111.5377,41.41288999999999,0.75300907865202,0.2284470328082604,0.52456204584375965,0.8390599252130407,0.6360791344707423,0.20298079074229847,6.5,66.7,-60.2,60.2
Shallow,SNTL,SNTL:457,10,4254,3844,-106.7814,40.5337,0.655396159881803,0.148809761801051,0.506586398080752,0.7575194479817403,0.6669498226668118,0.09056962531492851,24.3,74.4,-50.10000000000001,50.10000000000001
Shallow,SNTL,SNTL:460,6,2222,2195,-110.2023,43.13097,0.39733420747884807,-0.1474664854239942,0.5448006929028423,0.7897341770392048,0.46877606972234553,0.32095810731685925,52.7,97.6,-44.89999999999999,44.89999999999999
Shallow,SNTL,SNTL:461,6,3935,3513,-109.53179,39.31213,0.5172902680339382,0.36843157144679806,0.14885869658714013,0.8233167443963643,0.6833316101301816,0.13998513426618264,-34.5,-20.9,-13.600000000000001,-13.600000000000001
Shallow,SNTL,SNTL:462,9,3719,3692,-119.80468,38.5497,-0.11306045070647852,-1.7273876339864476,1.614327183279969,0.5434686622764099,0.061586606912728645,0.4818820553636812,96,241.3,-145.3,145.3
Shallow,SNTL,SNTL:463,2,4622,3736,-120.0795,38.849,0.3694473337976759,-1.5817838158211774,1.9512311496188532,0.7469185514340831,0.5159262462108131,0.23099230522327008,56.8,249.9,-193.10000000000002,193.10000000000002
Shallow,SNTL,SNTL:473,6,6481,5746,-120.0545,38.93403,0.5088715609132487,0.4998676794411615,0.009003881472087194,0.7373431620871645,0.5452295492730318,0.19211361281413275,-16.3,-0.9,-15.4,-15.4
Shallow,SNTL,SNTL:474,7,3126,3099,-111.80975,40.97462,0.7181879113966438,0.015347372842621665,0.7028405385540222,0.8674026135053089,0.6632170649145966,0.20418554859071225,21.8,82,-60.2,60.2
Shallow,SNTL,SNTL:475,4,3660,3017,-111.67662,38.77246,0.4256847444674903,0.3049613559815616,0.12072338848592867,0.6674804562905363,0.6174618654546942,0.05001859083584215,-27.1,-40.6,13.5,13.5
Shallow,SNTL,SNTL:476,5,3295,3268,-116.10153,41.82097999999999,0.5992971374563965,0.6082140727988906,-0.008916935342494159,0.7911969710555566,0.6733831112139067,0.11781385984164994,-28.8,-9.1,-19.700000000000003,-19.700000000000003
Shallow,SNTL,SNTL:481,1,2694,2667,-110.46721,40.71785,0.4068205941168621,0.20577160431003905,0.20104898980682306,0.6569400403966037,0.31781873630716145,0.33912130408944224,-11,-4.4,-6.6,-6.6
Shallow,SNTL,SNTL:484,10,4516,4019,-111.6012,42.05050000000001,0.8277542457604976,0.4853710905984877,0.3423831551620099,0.8397460046765968,0.5264435005420529,0.31330250413454386,-2.5,18,-20.5,15.5
Shallow,SNTL,SNTL:485,10,1585,1558,-106.19784,39.38013999999999,0.3371717533055042,-0.027940766430919695,0.3651125197364239,0.7968249174430061,0.16488624391285583,0.6319386735301502,-34.1,-6.9,-27.200000000000003,-27.200000000000003
Shallow,SNTL,SNTL:490,6,1531,1504,-114.71363,43.87496999999999,0.7092584457824436,0.37783040497434106,0.3314280408081025,0.8873052504302135,0.5917146862731868,0.29559056415702667,-7.1,16.1,-23.200000000000003,9.000000000000002
Shallow,SNTL,SNTL:491,4,2354,2327,-105.55742,36.19418,0.3983308652458355,0.2751418626067681,0.1231890026390674,0.7324785681155054,0.4602464483989115,0.2722321197165939,5.5,16,-10.5,10.5
Shallow,SNTL,SNTL:493,10,2651,2487,-111.1663,42.4132,0.6577161510497308,0.3450298261371627,0.3126863249125681,0.7865279908327762,0.772046973503923,0.014481017328853207,6.9,25.7,-18.799999999999997,18.799999999999997
Shallow,SNTL,SNTL:495,6,4436,3925,-111.68333,38.80033999999999,0.7111337899952368,0.5879083788050277,0.12322541119020913,0.8844556939462187,0.6842927604546883,0.20016293349153036,11.4,5.9,5.5,-5.5
Shallow,SNTL,SNTL:497,5,1450,1442,-110.43495,43.34298,0.48302885886950486,0.4646554055446954,0.01837345332480944,0.81130559636663,0.7912562026363613,0.020049393730268705,-36,-30.5,-5.5,-5.5
Shallow,SNTL,SNTL:498,3,2446,2358,-117.56668000000002,41.67032,0.31271807760895765,0.49595485313539034,-0.1832367755264327,0.7918136990052392,0.803176095897657,-0.011362396892417803,-60.4,-17.9,-42.5,-42.5
Shallow,SNTL,SNTL:503,2,4511,4231,-115.52757,40.3848,0.7570786182046825,0.5332673216942462,0.2238112965104363,0.7906069041500052,0.6964625199767606,0.09414438417324467,3.4,32.4,-29,29
Shallow,SNTL,SNTL:505,1,1619,1592,-105.8694,39.64645999999999,-0.7667782444542386,-3.186504582216222,2.4197263377619835,0.5705473954513423,0.30216703087587204,0.2683803645754702,170.9,412.6,-241.70000000000002,241.70000000000002
Shallow,SNTL,SNTL:508,3,6579,5778,-119.9374,38.8519,-1.0745642973637475,-7.649396213503426,6.574831916139678,0.6355522901537984,0.4234549705666889,0.21209731958710953,203.5,849.8,-646.3,646.3
Shallow,SNTL,SNTL:514,9,4421,4394,-112.57602,37.48997,0.41758582949417544,0.30725566886249034,0.1103301606316851,0.6836682755234194,0.6366232929782683,0.047044982545151104,-30.1,-27.6,-2.5,-2.5
Shallow,SNTL,SNTL:517,10,3243,3216,-110.88472,40.79669,0.4969129445751814,0.26251315399789055,0.23439979057729088,0.6883533825104501,0.3865229653778992,0.3018304171325509,-30.3,-26.2,-4.100000000000001,-4.100000000000001
Shallow,SNTL,SNTL:518,3,1676,1649,-119.91641,38.92431,-0.2625063830800207,-0.19086955744209022,-0.0716368256379305,0.07311173493740002,0.0643173559699458,0.00879437896745422,-83.9,-73.7,-10.200000000000003,-10.200000000000003
Shallow,SNTL,SNTL:521,10,3920,3311,-110.48419,40.95009,0.5735455205410761,0.3799222796449623,0.19362324089611382,0.8463706526619164,0.51178645826586,0.33458419439605636,17.1,-2.6,19.700000000000003,-14.500000000000002
Shallow,SNTL,SNTL:522,4,2997,2970,-109.96287,40.90663,0.6749239310059387,0.2421641442909236,0.43275978671501514,0.8503405465302254,0.4797896921597708,0.3705508543704546,-20,-34.4,14.399999999999999,14.399999999999999
Shallow,SNTL,SNTL:524,3,2098,1940,-113.4723,44.01897,0.30883754945051667,0.2189630565912879,0.08987449285922877,0.7005901470508097,0.5824675322505813,0.11812261480022834,-58.6,-31.8,-26.8,-26.8
Shallow,SNTL,SNTL:527,9,3518,3255,-115.0954,40.94168,0.6832426371663136,0.4658770888128083,0.2173655483535053,0.855461577315039,0.7218560419714511,0.13360553534358788,14.7,37,-22.3,22.3
Shallow,SNTL,SNTL:528,6,3180,3153,-110.18623,40.92167,0.5684785790028242,0.15589569122516256,0.4125828877776616,0.8112831915306286,0.3491973258739481,0.4620858656566805,28.8,27.1,1.6999999999999993,-1.6999999999999993
Shallow,SNTL,SNTL:529,4,264,264,-122.56877,43.66917,0.8690770482895673,0.3694483573631584,0.49962869092640894,0.9500072557044742,0.8534585744449376,0.09654868125953664,11.1,55.9,-44.8,44.8
Shallow,SNTL,SNTL:531,9,2444,2417,-106.05999,39.36092,0.6997377266087977,0.511432775675041,0.18830495093375677,0.8038979950777335,0.516472166418551,0.28742582865918254,-22.5,-7,-15.5,-15.5
Shallow,SNTL,SNTL:532,2,2074,2047,-106.2637,36.71632,0.25234275815978624,0.14729619208595368,0.10504656607383256,0.3573641387777089,0.2028509631733086,0.15451317560440028,-7.2,7.1,-14.3,-0.10000000000000053
Shallow,SNTL,SNTL:533,4,3403,3051,-111.44624,41.313720000000004,0.7295852249771086,0.11628755823216663,0.613297666744942,0.929240535153326,0.7079317274691305,0.22130880768419559,25.9,78.9,-53.00000000000001,53.00000000000001
Shallow,SNTL,SNTL:537,5,2261,2196,-114.15894,43.71077,0.5405853038577575,0.004098287555495572,0.5364870163022619,0.8378557409860193,0.7809442339041268,0.05691150708189252,37.9,84.7,-46.800000000000004,46.800000000000004
Shallow,SNTL,SNTL:539,6,3266,3239,-120.29367,39.45269,-2.2432101938705524,-5.846542539099675,3.603332345229122,0.8459758095544632,0.523316494400808,0.3226593151536552,307.4,681.3,-373.9,373.9
Shallow,SNTL,SNTL:540,1,3761,3734,-120.28226,39.49001,0.805951105022937,-0.020626907133880046,0.826578012156817,0.9327156309722919,0.8301999411255248,0.10251568984676718,15.8,95.7,-79.9,79.9
Shallow,SNTL,SNTL:541,2,3639,3120,-120.31341999999998,39.42752,-0.16541238324075058,-2.5457465705156084,2.380334187274858,0.4728780111193229,0.25815383128322406,0.21472417983609887,103.3,344.6,-241.3,241.3
Shallow,SNTL,SNTL:543,4,3238,3103,-110.74604,39.89166,0.5727297690346718,0.2847930442465131,0.2879367247881587,0.8402073855614666,0.6545260901438582,0.18568129541760836,-16.5,-12.8,-3.6999999999999993,-3.6999999999999993
Shallow,SNTL,SNTL:546,8,1169,1169,-111.38512,44.4203,0.8701814587974592,0.35293503401372117,0.5172464247837381,0.9504407048549232,0.787520306433144,0.1629203984217792,11.9,47.4,-35.5,35.5
Shallow,SNTL,SNTL:548,9,3226,3196,-116.00517000000002,41.54675,0.8814789552833675,0.5079660777747732,0.3735128775085943,0.8821226392464321,0.7268421587474501,0.15528048049898202,-0.5,24,-24.5,23.5
Shallow,SNTL,SNTL:549,10,2879,2852,-116.01170000000002,41.5136,0.6220885193161081,0.2329714581230724,0.3891170611930357,0.9460111317887141,0.8006256183452061,0.14538551344350803,29.7,55.3,-25.599999999999998,25.599999999999998
Shallow,SNTL,SNTL:550,6,2790,2406,-115.44322,44.05092,0.3443981462107557,0.3955113191930023,-0.0511131729822466,0.879273034489735,0.8371023890156187,0.04217064547411631,-48.8,16.9,-65.69999999999999,-31.9
Shallow,SNTL,SNTL:554,3,1475,1449,-110.80177,42.26554000000001,0.8161351871959528,0.361894787708797,0.4542403994871558,0.9328578138891429,0.7269969015952678,0.20586091229387515,-4.8,23,-27.8,18.2
Shallow,SNTL,SNTL:557,2,3587,3237,-112.39273,38.48383,0.7193335817020003,0.35963083670255036,0.35970274499945,0.800640272111451,0.535739230280271,0.2649010418311799,-13.2,-7,-6.199999999999999,-6.199999999999999
Shallow,SNTL,SNTL:559,8,4539,3705,-109.54401,40.71632,0.7810025205896196,0.6127267432647863,0.16827577732483334,0.7847693126561813,0.651222450298523,0.13354686235765834,-4,-16,12,12
Shallow,SNTL,SNTL:561,8,4545,3866,-113.05386,37.52664,0.6464994523307195,0.26213546495030093,0.38436398738041855,0.8219470781874764,0.6051598064573034,0.21678727173017298,18.2,56.9,-38.7,38.7
Shallow,SNTL,SNTL:566,2,1576,1159,-110.43316,40.59709,0.425492156796085,0.40958103277219393,0.015911124023891055,0.8189108285289018,0.5298284786701806,0.2890823498587213,-45,-35.2,-9.799999999999997,-9.799999999999997
Shallow,SNTL,SNTL:569,4,4207,3745,-117.63197,41.51542,0.5740656981660563,0.3529414266559714,0.22112427151008496,0.8786055823704442,0.8247771597743038,0.0538284225961404,40.3,57.7,-17.400000000000006,17.400000000000006
Shallow,SNTL,SNTL:570,7,3726,3617,-115.3812,40.6448,0.7485080055816702,0.5753929022969926,0.1731151032846776,0.8704933336940432,0.7290309185925258,0.14146241510151747,-14.7,27,-41.7,12.3
Shallow,SNTL,SNTL:571,9,4058,3523,-105.86051,42.43566,0.6967337022862666,0.267886659079274,0.42884704320699263,0.8450509962174285,0.6209057938340101,0.2241452023834184,18,45,-27,27
Shallow,SNTL,SNTL:572,3,5648,4818,-109.27198,38.48225999999999,0.6502937490448604,0.4275548278988527,0.22273892114600768,0.7560128469561739,0.5953188800374856,0.1606939669186883,24.8,40.1,-15.3,15.3
Shallow,SNTL,SNTL:573,4,3959,3623,-116.02957,41.77636999999999,0.6896697785359233,0.641155129246574,0.04851464928934923,0.8827697614845126,0.856123992229832,0.02664576925468054,-28.7,-6.3,-22.4,-22.4
Shallow,SNTL,SNTL:574,8,2779,2549,-119.61281,38.27593999999999,0.19049823336934302,-2.0908075292797665,2.28130576264911,0.6757474413135399,0.3591996721380114,0.3165477691755285,72.8,302.3,-229.5,229.5
Shallow,SNTL,SNTL:575,6,4478,4451,-119.55111,38.30367,0.4702696289804771,-0.4362638980983149,0.906533527078792,0.8687099144089518,0.7431455083521636,0.1255644060567882,9.9,109.3,-99.39999999999999,99.39999999999999
Shallow,SNTL,SNTL:577,6,2657,2516,-110.66628,44.20862,0.6779127038332033,0.13855929468654338,0.53935340914666,0.7072820732541819,0.21299091503215792,0.49429115822202396,-10.7,17.5,-28.2,6.800000000000001
Shallow,SNTL,SNTL:579,6,3751,3113,-110.79813,40.864929999999994,0.1439036240628,-0.15152886527597653,0.2954324893387765,0.8070828301532383,0.4435149691326314,0.36356786102060695,83.1,100.6,-17.5,17.5
Shallow,SNTL,SNTL:580,6,3013,2438,-106.54823,37.38028,0.4040881307277132,0.16576266058706557,0.23832547014064764,0.5684005505326644,0.2792110128589037,0.28918953767376065,-40.6,-27.1,-13.5,-13.5
Shallow,SNTL,SNTL:582,1,3922,3509,-111.82607,41.40562,0.8088884105397012,0.4134648435975955,0.3954235669421057,0.8212373637067278,0.776036700801969,0.04520066290475888,5,50.2,-45.2,45.2
Shallow,SNTL,SNTL:583,8,5585,4789,-113.84582,37.48631,0.42097765128269105,0.23162323854221345,0.1893544127404776,0.8708459282531082,0.7810520140039902,0.08979391424911809,36.4,58.2,-21.800000000000004,21.800000000000004
Shallow,SNTL,SNTL:586,9,2370,2343,-107.92475,37.79895,0.6305591033855313,0.3091049995984263,0.32145410378710504,0.7757419682640314,0.48380755890365557,0.29193440936037585,-10.9,-18.2,7.299999999999999,7.299999999999999
Shallow,SNTL,SNTL:587,8,3417,3273,-119.36572,38.43745,0.8573418349378493,0.07974011704190098,0.7776017178959483,0.9359639412511187,0.697652282690445,0.2383116585606737,-3.1,78.1,-81.19999999999999,75
Shallow,SNTL,SNTL:589,6,3312,3285,-108.19636,37.89169,0.7496380888203519,0.37158230463057207,0.3780557841897798,0.8583519798986778,0.569823928351095,0.2885280515475829,-11,-0.2,-10.8,-10.8
Shallow,SNTL,SNTL:592,2,3829,3802,-113.39661,37.51255,0.5966866203859549,0.17717266400666332,0.41951395637929156,0.7955676152395268,0.7558567053764168,0.03971090986310999,27.2,70.6,-43.39999999999999,43.39999999999999
Shallow,SNTL,SNTL:593,8,3545,3414,-112.51458,37.48756000000001,0.1418455256934067,-0.1700346149514469,0.3118801406448536,0.6108033421985946,0.4668809461561392,0.14392239604245538,76,100,-24,24
Shallow,SNTL,SNTL:594,8,2744,2717,-115.70457,47.45749,0.742948750890889,0.28220295750491786,0.4607457933859711,0.8674501913482204,0.8103042090869705,0.057145982261249895,-3,45.7,-48.7,42.7
Shallow,SNTL,SNTL:596,10,2926,2781,-111.70965,40.83731,0.5267143577657865,0.20042219762243607,0.3262921601433504,0.7912045068797378,0.7462471386948081,0.04495736818492968,37.5,70.7,-33.2,33.2
Shallow,SNTL,SNTL:607,8,3060,3033,-106.67095,40.07832,0.3866478690904879,0.06578646703424351,0.32086140205624436,0.4045950113832701,0.15970101478066148,0.2448939966026086,-10.4,8.8,-19.200000000000003,-1.5999999999999996
Shallow,SNTL,SNTL:610,4,2445,2359,-114.28662,42.18072,0.7681997585665479,0.11894014753588011,0.6492596110306678,0.8839367188838954,0.7203001706256789,0.1636365482582165,-5.4,60.9,-66.3,55.5
Shallow,SNTL,SNTL:612,1,3553,3030,-111.31818,39.68338,0.5687547177065555,0.4128885853297849,0.1558661323767706,0.8062109113713363,0.529919326327198,0.2762915850441383,-21.2,-12.8,-8.399999999999999,-8.399999999999999
Shallow,SNTL,SNTL:615,7,4841,4294,-119.89672,39.16395,0.6760404870418752,0.2305306356639485,0.44550985137792676,0.7770877841810901,0.4990495764954777,0.27803820768561244,9.7,56.4,-46.7,46.7
Shallow,SNTL,SNTL:621,5,3265,2927,-112.43637,38.30285,0.26835968910524177,0.08977747044939721,0.17858221865584456,0.4951803516645252,0.31368175087747363,0.18149860078705154,-32,-27.6,-4.399999999999999,-4.399999999999999
Shallow,SNTL,SNTL:623,9,2793,2766,-116.26643,47.15044999999999,0.598112609351166,0.362750964330117,0.23536164502104895,0.8474285864843746,0.7518251721971559,0.09560341428721864,-27.3,39.6,-66.9,12.3
Shallow,SNTL,SNTL:626,1,3788,3038,-112.83849,37.569329999999994,0.7122979260126694,0.4563296283227607,0.2559682976899087,0.7871120955538016,0.4919067566825456,0.295205338871256,-1.1,12.4,-13.5,11.3
Shallow,SNTL,SNTL:628,6,3106,2955,-111.63683,40.658829999999995,0.7306066635273429,0.320019571693849,0.41058709183349396,0.8627199562156284,0.7335176579583785,0.12920229825724983,15.4,55.5,-40.1,40.1
Shallow,SNTL,SNTL:631,3,4013,3252,-112.61141,40.49384,0.6990663339504815,0.3287443026836463,0.37032203126683516,0.7604133046860257,0.4524633951473956,0.30794990953863016,16,30.7,-14.7,14.7
Shallow,SNTL,SNTL:633,2,3493,3467,-119.60869999999998,38.6683,0.3905025611631392,0.47118729201873866,-0.08068473085559946,0.8005578918636045,0.7879257304839143,0.012632161379690143,-38.9,25.1,-64,-13.799999999999997
Shallow,SNTL,SNTL:634,9,2920,2353,-111.49688,41.46547,0.7830780132386992,0.5026280761685548,0.28044993707014443,0.859211641484618,0.6981278890195796,0.16108375246503848,-6.7,38.3,-45,31.599999999999998
Shallow,SNTL,SNTL:640,3,2818,2791,-111.51864,34.94141,0.6427561990749509,0.5399417888827864,0.10281441019216442,0.9172836614804759,0.6745628593715354,0.24272080210894054,-18,-17.6,-0.3999999999999986,-0.3999999999999986
Shallow,SNTL,SNTL:643,1,3935,3290,-109.8881,40.60797999999999,0.4418535711919338,0.21132931542399103,0.23052425576794278,0.6371205467981329,0.3643769780110991,0.2727435687870338,40.7,42.8,-2.0999999999999943,2.0999999999999943
Shallow,SNTL,SNTL:644,2,448,448,-119.08158000000002,48.36166,0.764074372277644,-0.4897531516862912,1.2538275239639352,0.83183391542602,0.29868574128716335,0.5331481741388566,16.5,131.1,-114.6,114.6
Shallow,SNTL,SNTL:645,6,2222,2195,-116.23055,48.05726,0.6967457702063716,-0.007824010493771016,0.7045697807001426,0.7012405403441007,0.5645482816296024,0.1366922587144983,3.7,86.9,-83.2,83.2
Shallow,SNTL,SNTL:652,9,2416,2389,-119.89473,39.31573,-3.240117271890636,-5.16360186579037,1.923484593899734,0.2222982217698463,0.11117856407293153,0.11111965769691476,416.8,609.9,-193.09999999999997,193.09999999999997
Shallow,SNTL,SNTL:653,10,203,203,-117.17373,45.265220000000006,0.2124812582698542,0.12572577759871595,0.08675548067113825,0.2624063928302725,0.2978586198816759,-0.035452227051403384,-19.7,34.3,-54,14.599999999999998
Shallow,SNTL,SNTL:654,6,3409,3204,-116.55925000000002,42.6004,0.6894040472290532,0.5761719188068424,0.11323212842221086,0.8687553430039588,0.807890936587699,0.0608644064162599,-20.9,12.5,-33.4,-8.399999999999999
Shallow,SNTL,SNTL:679,1,195,195,-121.74765,46.78265,0.5063407829904483,-0.22019155515045297,0.7265323381409012,0.7014582326830056,0.5295405222366002,0.17191771044640536,36.6,111.4,-74.80000000000001,74.80000000000001
Shallow,SNTL,SNTL:680,6,1997,1970,-106.58962,38.81982,0.47464794940114763,0.4385941331076194,0.03605381629352822,0.6781649790149732,0.6669203328416432,0.011244646173329986,-41.3,-30.6,-10.699999999999996,-10.699999999999996
Shallow,SNTL,SNTL:682,2,1596,1569,-107.87951,39.04433000000001,0.4905810212813413,0.31661707290474406,0.17396394837659723,0.7122163484361873,0.4906898568052517,0.22152649163093563,-41.7,-41.8,0.09999999999999432,0.09999999999999432
Shallow,SNTL,SNTL:684,8,4199,3871,-111.62917,40.76184,0.5945707687897297,0.5351998023597775,0.05937096642995221,0.8890986808557241,0.7006182958373405,0.1884803850183836,-32.2,-6.1,-26.1,-26.1
Shallow,SNTL,SNTL:686,7,4539,3885,-111.63109,39.92976,0.6036604032025454,0.5385824829717172,0.06507792023082826,0.8074253237493798,0.6892835178717502,0.11814180587762957,-28.6,-16.5,-12.100000000000001,-12.100000000000001
Shallow,SNTL,SNTL:688,9,1616,1589,-105.84606,40.39803,0.5980036050122675,-0.09380149975485885,0.6918051047671263,0.7978397160583599,0.560936327526951,0.2369033885314089,29,83.8,-54.8,54.8
Shallow,SNTL,SNTL:691,2,3894,3597,-111.58259,39.01219,0.6359829300650012,0.4953495341486842,0.14063339591631696,0.7330228017094078,0.5830876886174386,0.14993511309196916,-20.5,-20.6,0.10000000000000142,0.10000000000000142
Shallow,SNTL,SNTL:694,2,3292,3265,-112.24915,38.88185,0.32040423815067287,-0.013826126166185171,0.33423036431685804,0.8356851962121695,0.5946370099181912,0.24104818629397828,65.1,90.1,-25,25
Shallow,SNTL,SNTL:697,1,4281,3870,-119.62624,38.50576,-0.10374141371243528,0.1316193603813598,-0.23536077409379508,0.5102781365774255,0.302355643888222,0.2079224926892035,-75.9,-33.4,-42.50000000000001,-42.50000000000001
Shallow,SNTL,SNTL:698,7,1832,1806,-115.24713,41.87255,0.5690161492563239,0.3996249369102204,0.16939121234610355,0.8449949141666043,0.7280199551260365,0.11697495904056787,-22.2,14.5,-36.7,-7.699999999999999
Shallow,SNTL,SNTL:701,9,1730,1703,-106.33967,38.48864,0.20297905742260203,-0.038555640632220056,0.24153469805482208,0.451665785617715,0.19664314174165182,0.25502264387606316,-47.7,-37,-10.700000000000003,-10.700000000000003
Shallow,SNTL,SNTL:706,3,585,400,-120.82533,42.31923,0.7629830066706769,0.16999719503723176,0.5929858116334451,0.9246230052567659,0.7498200242389975,0.17480298101776837,12.2,78.8,-66.6,66.6
Shallow,SNTL,SNTL:707,7,4207,3848,-117.08938,47.87927,0.5927731529729883,-0.22752999701337817,0.8203031499863664,0.7449675727113326,0.6246261050316914,0.12034146767964127,30,116.7,-86.7,86.7
Shallow,SNTL,SNTL:708,2,2095,2095,-106.39179,35.92195,-0.2562287047383647,-0.3291992545948885,0.07297054985652385,0.6255971340446098,0.43146037182583863,0.19413676221877119,119.5,115.7,3.799999999999997,-3.799999999999997
Shallow,SNTL,SNTL:714,1,3145,3049,-111.27221,39.45197,0.55175801352912,0.2649980592810406,0.28675995424807943,0.8047607036488956,0.4467653433811363,0.3579953602677593,-33.1,-20.2,-12.900000000000002,-12.900000000000002
Shallow,SNTL,SNTL:715,4,4409,4193,-105.34145,36.69935,-3.23343240845698,-5.014874610463829,1.7814422020068488,0.37781082021615614,-0.055536473122769034,0.4333472933389252,412.6,588.6,-176,176
Shallow,SNTL,SNTL:720,5,3202,3175,-110.69292,40.54875,0.7288506647268571,0.5218745071713677,0.20697615755548937,0.7471300247822814,0.5958888038611572,0.15124122092112424,1.8,19.9,-18.099999999999998,18.099999999999998
Shallow,SNTL,SNTL:723,2,2677,2471,-112.22377,40.44293,0.7164723670705859,0.3815964709773514,0.33487589609323454,0.8763854293337818,0.7133745983993234,0.16301083093445845,8.6,31,-22.4,22.4
Shallow,SNTL,SNTL:724,1,4864,4209,-120.13139,38.99927,0.5433877285571462,-0.2018453412832164,0.7452330698403626,0.6685418965850928,0.5481273308483533,0.12041456573673948,12.5,108.6,-96.1,96.1
Shallow,SNTL,SNTL:730,6,2623,2596,-110.9099,42.5075,0.8374692930683506,0.4300368751024811,0.4074324179658695,0.9080741750976625,0.6524413428408381,0.2556328322568244,8.2,39.5,-31.3,31.3
Shallow,SNTL,SNTL:732,2,1120,1120,-107.17043,41.11179,0.37351018388588875,0.31123366920266804,0.06227651468322071,0.8305022286409498,0.7269336070101524,0.10356862163079739,-48,-35.6,-12.399999999999999,-12.399999999999999
Shallow,SNTL,SNTL:735,1,2560,2533,-114.63333,46.46633,0.3821438786936474,-0.15946798552427954,0.541611864217927,0.4067568185960161,0.2517500974589812,0.1550067211370349,-5.2,54.3,-59.5,49.099999999999994
Shallow,SNTL,SNTL:736,3,426,426,-117.16522000000002,45.00107,0.7359153819208597,0.37933128312516695,0.35658409879569275,0.8604679934533104,0.8054822806763492,0.05498571277696118,0.7,53,-52.3,52.3
Shallow,SNTL,SNTL:737,8,1262,1235,-107.04933,39.01467000000001,0.5772340950249684,0.07033458135895954,0.5068995136660088,0.720443689638543,0.27254318157874174,0.44790050805980125,20.9,31.8,-10.900000000000002,10.900000000000002
Shallow,SNTL,SNTL:742,8,2717,2690,-111.43297,39.31042000000001,0.6343696125041925,0.29478502388041594,0.3395845886237766,0.752233057973639,0.5605242296985256,0.19170882827511349,13.5,28.1,-14.600000000000001,14.600000000000001
Shallow,SNTL,SNTL:744,9,1935,1908,-106.83408,36.001520000000006,0.6229241350581619,0.36652772896978547,0.25639640608837644,0.7377232909172183,0.6767959231531728,0.060927367764045504,-19.5,-23.3,3.8000000000000007,3.8000000000000007
Shallow,SNTL,SNTL:746,1,3667,3640,-115.47215,41.73732,0.4927382943843257,0.36717491873981367,0.12556337564451203,0.7379601630965905,0.5966729305912427,0.1412872325053478,-19,2.4,-21.4,-16.6
Shallow,SNTL,SNTL:747,5,3174,3054,-115.74216,46.56603,0.8340367465237879,-0.14080342748775254,0.9748401740115404,0.8719439408954048,0.8473779075717036,0.02456603332370122,9.2,107.7,-98.5,98.5
Shallow,SNTL,SNTL:749,4,2661,2634,-111.68792,43.2103,0.8717062653902349,0.5849849622874466,0.2867213031027883,0.8879524441360174,0.7877304279638371,0.1002220161721803,-4.1,17.2,-21.299999999999997,13.1
Shallow,SNTL,SNTL:750,7,7166,4844,-119.44464,41.90435,0.6252800513251698,0.4971421079357219,0.12813794338944795,0.8132286472781862,0.6099893467279873,0.2032393005501989,-19.6,26.1,-45.7,6.5
Shallow,SNTL,SNTL:752,4,1555,1528,-116.33972,46.95028,0.6647018626135719,0.42980108973885733,0.23490077287471456,0.9205799856335853,0.9247525771804359,-0.004172591546850568,-15.7,20.2,-35.9,4.5
Shallow,SNTL,SNTL:756,4,1126,863,-121.18123,42.95615,0.560540999129608,0.4197249275450896,0.14081607158451837,0.9150181320533167,0.6034253981110214,0.31159273394229536,-35.7,-34,-1.7000000000000028,-1.7000000000000028
Shallow,SNTL,SNTL:762,1,2502,2475,-107.20392,37.99076,0.3790330876973582,0.10530679231356643,0.2737262953837918,0.5283713081040088,0.3588530454991156,0.16951826260489317,-30.2,-25.9,-4.300000000000001,-4.300000000000001
Shallow,SNTL,SNTL:763,5,3677,3041,-111.09192,40.78931000000001,0.4684912517890153,0.17146725201360424,0.29702399977541105,0.5046366928426286,0.28406824856755286,0.22056844427507571,14.3,41.1,-26.8,26.8
Shallow,SNTL,SNTL:764,3,2023,1996,-110.66917,44.13361,-0.5478273718851008,-1.0528090899535698,0.504981718068469,0.932699299641606,0.6685106527043064,0.2641886469372996,151.9,201.7,-49.79999999999998,49.79999999999998
Shallow,SNTL,SNTL:766,10,2497,2470,-111.65852,40.56914,0.0828611255501297,-0.35643429229000856,0.43929541784013826,0.6259715551765772,0.6672927412975985,-0.041321186121021314,81.4,130.4,-49,49
Shallow,SNTL,SNTL:770,2,2917,2890,-111.35933,42.952749999999995,0.8245765810898424,0.636345895668579,0.18823068542126342,0.8992257197049244,0.8005118367128881,0.09871388299203632,-7.7,3.8,-11.5,-3.9000000000000004
Shallow,SNTL,SNTL:771,2,4401,3989,-119.6003,38.31021,0.4931159553641603,0.06527345001738494,0.42784250534677537,0.7759228700668165,0.7128662883591962,0.0630565817076203,-32.7,84.2,-116.9,51.5
Shallow,SNTL,SNTL:772,9,1129,1129,-106.5025,41.32950000000001,0.5231050297565685,-0.044237919438290696,0.5673429491948592,0.7026918389107085,0.21147981270655664,0.4912120262041519,0.5,44.9,-44.4,44.4
Shallow,SNTL,SNTL:774,9,2888,2861,-116.90037,42.76478,0.36790927210846647,-0.42108249743304893,0.7889917695415154,0.7990056653030012,0.7512517058004662,0.047753959502535026,59.9,136.9,-77,77
Shallow,SNTL,SNTL:778,7,4742,4715,-119.81741,38.66627,-3.938352402207352,-4.26416190974022,0.32580950753286775,0.8127103430415196,0.7182804155390807,0.09442992750243884,454.4,483.5,-29.100000000000023,29.100000000000023
Shallow,SNTL,SNTL:783,8,561,561,-114.33371,47.179019999999994,0.49409579018865146,-0.3023429441514729,0.7964387343401244,0.7696485615351395,0.683413245387902,0.08623531614723745,44.9,116.9,-72,72
Shallow,SNTL,SNTL:784,10,3705,3584,-120.26576,39.18986000000001,0.3744637103619085,0.2979399731708178,0.07652373719109073,0.5910455884331107,0.35016163783895093,0.2408839505941598,-43.1,-15.2,-27.900000000000002,-27.900000000000002
Shallow,SNTL,SNTL:790,7,2525,2148,-110.50462,40.90862,0.5685027211849526,0.2583316006711842,0.3101711205137684,0.7552460587995935,0.407080183649219,0.3481658751503745,-18,-21.6,3.6000000000000014,3.6000000000000014
Shallow,SNTL,SNTL:792,2,1907,1907,-114.20902,43.861169999999994,0.6725693218381377,-0.35661087948501935,1.029180201323157,0.8112421623307111,0.3087388108035371,0.502503351527174,26.7,110,-83.3,83.3
Shallow,SNTL,SNTL:793,6,587,587,-105.9198,40.22532,0.48900776526467093,0.13191144064193283,0.3570963246227381,0.7729821971555909,0.1521040839823134,0.6208781131732775,-45.6,-17,-28.6,-28.6
Shallow,SNTL,SNTL:795,8,3592,3187,-111.20665,40.16483,0.5447509814273319,0.2755516474752123,0.2691993339521196,0.8311796786730881,0.6754763724258044,0.15570330624728368,38.8,59.5,-20.700000000000003,20.700000000000003
Shallow,SNTL,SNTL:798,6,322,322,-107.40035,44.72279,0.671943956785161,-0.1755866401191697,0.8475305969043306,0.8441876010256946,0.24967809114649114,0.5945095098792035,14.6,69.3,-54.699999999999996,54.699999999999996
Shallow,SNTL,SNTL:802,5,3470,3366,-106.1577,39.71802999999999,0.17217425344076376,-0.1861699470676419,0.35834420050840565,0.21145532380492346,-0.02118389714512713,0.2326392209500506,24.8,60,-35.2,35.2
Shallow,SNTL,SNTL:803,1,812,812,-115.82422,47.55545000000001,0.6556001772093412,-0.1759065563393276,0.8315067335486688,0.928486324073423,0.8670742761227482,0.061412047950674786,26.9,101.8,-74.9,74.9
Shallow,SNTL,SNTL:805,5,1892,1865,-113.96887,43.626,0.7303971758190055,-0.15775930930504112,0.8881564851240467,0.9132596474377825,0.7101466316979504,0.2031130157398321,19.2,98.4,-79.2,79.2
Shallow,SNTL,SNTL:809,10,4966,4608,-120.15362,39.17162,0.5641739549782278,0.5302077144611258,0.03396624051710195,0.9273237442322009,0.7960414973931002,0.13128224683910072,-29.9,-0.4,-29.5,-29.5
Shallow,SNTL,SNTL:811,7,4145,3980,-116.02930000000002,41.22870000000001,0.51676287093393,0.4064280829837428,0.11033478795018725,0.8274765827603108,0.6756834728959027,0.15179310986440808,-39.3,-17,-22.299999999999997,-22.299999999999997
Shallow,SNTL,SNTL:814,7,3119,3078,-111.53322,40.6235,0.6170521489031193,0.17311089462129858,0.44394125428182074,0.7164532454363307,0.6342197980090277,0.08223344742730299,24,74.1,-50.099999999999994,50.099999999999994
Shallow,SNTL,SNTL:816,2,1338,1311,-110.57717,44.36916999999999,0.3836976016763085,-0.11910918054999065,0.5028067822262992,0.8892538971893239,0.651669060091419,0.2375848370979049,59.9,102.8,-42.9,42.9
Shallow,SNTL,SNTL:820,8,3758,3732,-111.61633,40.42817,0.4153152327748908,-0.064596868622254,0.4799121013971448,0.855921391644243,0.6473441243795756,0.2085772672646674,56.3,98.7,-42.400000000000006,42.400000000000006
Shallow,SNTL,SNTL:823,4,2538,2511,-111.62957,41.89833000000001,0.6232542746524392,0.2574402420178118,0.3658140326346274,0.7912755931870673,0.6361899560993254,0.15508563708774192,28.9,50.1,-21.200000000000003,21.200000000000003
Shallow,SNTL,SNTL:826,10,372,372,-108.89572,42.695249999999994,-0.34068828713858235,-0.861313753989386,0.5206254668508037,0.3687780885054868,-0.01945644824272275,0.38823453674820957,115.9,151.8,-35.900000000000006,35.900000000000006
Shallow,SNTL,SNTL:828,3,3343,2764,-110.94873,40.678,0.610204899922468,0.3580747426506258,0.2521301572718422,0.6888899079131001,0.4581714049164539,0.2307185029966462,-0.4,29.8,-30.2,29.400000000000002
Shallow,SNTL,SNTL:831,2,984,984,-110.5914,42.76393,0.7145247864210433,0.46503040351951597,0.24949438290152737,0.8251881921250268,0.7443606551073834,0.08082753701764345,-8.5,10.4,-18.9,1.9000000000000004
Shallow,SNTL,SNTL:832,7,876,688,-120.29412,47.23328,0.5471027909831565,0.7610444697374258,-0.21394167875426928,0.9521320281390346,0.7899347767640111,0.1621972513750235,-32,2.9,-34.9,-29.1
Shallow,SNTL,SNTL:833,9,2759,2663,-109.6728,40.739,0.4896719132659453,0.3293495457851814,0.1603223674807639,0.7272019098078523,0.5209769648429824,0.20622494496486987,38.3,30.7,7.599999999999998,-7.599999999999998
Shallow,SNTL,SNTL:834,4,3803,3382,-120.18407000000002,39.30087,-0.05456769447951193,-1.8500032812816927,1.7954355868021807,0.8425009882605349,0.7334533627815129,0.10904762547902203,104.3,283.6,-179.3,179.3
Shallow,SNTL,SNTL:835,5,1426,1426,-114.44755,46.14287,0.28186718630732766,0.2159951960511417,0.06587199025618595,0.6947902004853096,0.3937325130232695,0.3010576874620401,-17,22.5,-39.5,5.5
Shallow,SNTL,SNTL:837,1,200,200,-110.22122,44.15178,-0.17100326121087717,0.33769580644505626,-0.5086990676559334,-0.1298284893062745,0.3532136567781745,-0.483042146084449,-6,10.4,-16.4,4.4
Shallow,SNTL,SNTL:839,1,3116,2983,-107.25971,37.72172,0.5632194476616648,0.1841310184072914,0.37908842925437336,0.6196277919030947,0.3837305607180628,0.23589723118503192,14.7,43,-28.3,28.3
Shallow,SNTL,SNTL:840,5,2260,2049,-106.83528,37.48563,0.6339461459882552,0.3657623440861705,0.2681838019020847,0.7220534252107764,0.5345718706617003,0.1874815545490761,22.9,43.1,-20.200000000000003,20.200000000000003
Shallow,SNTL,SNTL:844,7,4502,4341,-112.41478,39.93667000000001,0.7149010663008843,0.27425598105518345,0.4406450852457009,0.8515632310519474,0.574260782357975,0.27730244869397247,17.3,57.8,-40.5,40.5
Shallow,SNTL,SNTL:846,8,4359,3905,-119.23433,38.07298000000001,0.29848647761001,-1.5072985458529056,1.8057850234629156,0.7404659439004387,0.43691056461355443,0.3035553792868843,63.2,243.9,-180.7,180.7
Shallow,SNTL,SNTL:848,10,4133,3739,-120.21865,39.13545,0.5992541591960738,0.5713058307657511,0.02794832843032269,0.780157826679718,0.6150498322532748,0.1651079944264432,-33.2,-16,-17.200000000000003,-17.200000000000003
Shallow,SNTL,SNTL:849,7,3164,3138,-114.95575,39.13242,0.5861542066900525,0.4479207359494898,0.1382334707405627,0.8556649423164698,0.7530843214927792,0.10258062082369068,-18.1,26.2,-44.3,8.099999999999998
Shallow,SNTL,SNTL:853,6,4781,4046,-112.90155,37.575,0.5893096618850173,0.378093725282001,0.2112159366030163,0.7835912691797252,0.5073593988023541,0.27623187037737107,-13.3,-8.9,-4.4,-4.4
Shallow,SNTL,SNTL:854,8,2667,2640,-105.54337,35.77584,0.14138667839836982,-0.15013640157482966,0.2915230799731995,0.5372376748651969,0.08125316581009177,0.4559845090551051,71,63,8,-8
Shallow,SNTL,SNTL:857,5,2566,2439,-105.12262,37.21423,0.15032784073485383,0.18459071805445648,-0.03426287731960265,0.32636039234566006,0.46638701936558535,-0.1400266270199253,42.5,47.3,-4.799999999999997,4.799999999999997
Shallow,SNTL,SNTL:861,4,4683,3776,-112.14966,35.141890000000004,0.20421404056615788,0.14554936718790856,0.05866467337824932,0.43319300894702073,0.3496503495516405,0.08354265939538025,-12.4,-5.7,-6.7,-6.7
Shallow,SNTL,SNTL:862,6,322,322,-109.90987,45.04575,0.005700679256885777,0.21217270769145613,-0.20647202843457035,0.3690318420557538,0.8441375185895322,-0.47510567653377844,-24.7,34.5,-59.2,9.8
Shallow,SNTL,SNTL:864,10,3617,3237,-110.98845,39.9645,0.6050088482388007,0.34532379596623386,0.2596850522725669,0.8360158814120072,0.5869039774965118,0.24911190391549543,35.9,26.4,9.5,-9.5
Shallow,SNTL,SNTL:865,4,3379,3093,-111.88163,37.83633,0.5110816886607561,0.23543799639471197,0.2756436922660441,0.8152266080073688,0.6146538001549131,0.20057280785245568,-23.9,-22.9,-1,-1
Shallow,SNTL,SNTL:867,10,1445,1418,-112.47783,42.75743,0.739878775050043,0.39265076888969963,0.34722800616034333,0.8930357225405527,0.7011040471572337,0.191931675383319,-5,7.4,-12.4,2.4000000000000004
Shallow,SNTL,SNTL:871,7,2888,2800,-115.00278,42.01257,0.49384728491396546,0.14855934412017513,0.3452879407937903,0.8208923773287753,0.7658306776827248,0.055061699646050455,47.2,74.9,-27.700000000000003,27.700000000000003
Shallow,SNTL,SNTL:872,8,3012,2708,-105.57782,42.27991,0.040200541471484885,-0.12015144199899952,0.1603519834704844,0.501845414531931,0.45355278474214045,0.04829262978979054,81.2,91.2,-10,10
Shallow,SNTL,SNTL:874,10,3465,3332,-106.80234,37.47903,0.22561352497733778,0.06003409938112492,0.16557942559621286,0.3335079287242775,0.06481300075027135,0.2686949279740061,-20.8,-3.8,-17,-17
Shallow,SNTL,SNTL:895,2,2832,2539,-114.41812,43.7685,0.45836314898128194,0.3914754646141152,0.06688768436716674,0.8068394731419727,0.7623679839429199,0.04447148919905275,-40.6,-5.8,-34.800000000000004,-34.800000000000004
Shallow,SNTL,SNTL:897,9,640,640,-121.47197,47.28312,-0.07345349934982459,-1.2147611128995428,1.1413076135497182,0.2562729009842914,0.011386921194345846,0.24488597978994556,70.9,197.9,-127,127
Shallow,SNTL,SNTL:907,7,3703,3676,-112.27118,37.52217,0.5433561210341625,0.3285715473891505,0.21478457364501202,0.8665943413776331,0.6947044372542158,0.17188990412341731,-6.5,1.2,-7.7,-5.3
Shallow,SNTL,SNTL:914,8,2543,2516,-105.43666,37.85191999999999,0.709648507114807,0.4807420070088112,0.22890650010599578,0.8268406409432528,0.757432377631401,0.06940826331185179,23.3,17.8,5.5,-5.5
Shallow,SNTL,SNTL:921,1,2166,2166,-105.80584,35.7073,-1.0932610633951438,-0.6317575814420966,-0.46150348195304725,0.678681311251905,0.7069504495479036,-0.02826913829599864,206.5,157,49.5,-49.5
Shallow,SNTL,SNTL:922,1,1376,1349,-105.78487,35.77154,-0.18537362267806579,0.07895184338971162,-0.2643254660677774,0.6642440578651232,0.4668986653835568,0.1973453924815664,113.7,66.7,47,-47
Shallow,SNTL,SNTL:926,9,1550,1227,-113.83402,43.72718,0.6007115173821674,0.04394169794915681,0.5567698194330106,0.802129473572692,0.33012457690943997,0.47200489666325207,2.5,28.2,-25.7,25.7
Shallow,SNTL,SNTL:935,9,2713,2686,-105.80355,39.57096,0.19778259943304688,-0.49827016739835805,0.6960527668314049,0.4515066778892142,0.31840189993954177,0.13310477794967246,42.4,130.6,-88.19999999999999,88.19999999999999
Shallow,SNTL,SNTL:937,8,2829,2802,-105.91072,39.43579,0.3836162772271037,-0.07304233398776083,0.4566586112148645,0.5726225515202688,0.29690472454122346,0.2757178269790453,38.3,81,-42.7,42.7
Shallow,SNTL,SNTL:938,9,1915,1888,-106.11316,39.30378,0.6529286742232774,0.4023183902202422,0.2506102840030352,0.6991182154073792,0.597521493568762,0.10159672183861712,4.8,25.2,-20.4,20.4
Shallow,SNTL,SNTL:939,10,3151,3124,-106.08063,39.02611,0.6735961738002905,0.40880714894730064,0.26478902485298983,0.7174834844993364,0.6964515046076633,0.021031979891673158,13.6,4.8,8.8,-8.8
Shallow,SNTL,SNTL:940,8,3747,3720,-106.74833,40.81557,0.7198415926070124,0.4583269183474933,0.26151467425951913,0.8726760581837751,0.8242112090974317,0.04846484908634341,-12.4,50.7,-63.1,38.300000000000004
Shallow,SNTL,SNTL:942,3,955,762,-121.94032,47.0444,-0.7990950592874149,-3.655895898068499,2.856800838781084,0.4437844323488605,0.4875402364998037,-0.04375580415094321,169.7,460.1,-290.40000000000003,290.40000000000003
Shallow,SNTL,SNTL:969,3,5695,4853,-111.41219,34.74594,0.54411356144074,0.43358970621224613,0.11052385522849384,0.8013932255769087,0.6711705434183401,0.13022268215856858,-4.4,-13,8.6,8.6
Shallow,SNTL,SNTL:970,9,732,732,-105.90655,39.7645,-3.4301176228363692,-9.754968678852808,6.324851056016439,0.37558553003557804,-0.022228147967289953,0.397813678002868,432.5,1066.6,-634.0999999999999,634.0999999999999
Shallow,SNTL,SNTL:971,8,7024,5306,-111.81372,40.93417,0.5676643347352909,0.43830275133082586,0.12936158340446502,0.7141002252028934,0.5035981980660607,0.21050202713683275,-2.2,25.9,-28.099999999999998,23.7
Shallow,SNTL,SNTL:972,4,5259,4033,-111.76457,40.83032999999999,0.8017591817132486,0.7012325315074179,0.10052665020583063,0.8987859062002848,0.7778978981635235,0.12088800803676125,-13.5,18.9,-32.4,5.399999999999999
Shallow,SNTL,SNTL:978,6,4905,4879,-116.09685000000002,43.76377,0.7557747272355082,0.2878729360107767,0.4679017912247315,0.8897101138942557,0.6746116669560444,0.21509844693821134,-12.7,58,-70.7,45.3
Shallow,SNTL,SNTL:979,1,895,NA,-116.3366,44.37665,0.6616180802045615,NA,NA,0.9202520901490312,NA,NA,3,NA,NA,NA
Shallow,SNTL,SNTL:983,5,3602,3247,-111.83355,37.9725,0.7308132276819141,0.6094499910813047,0.12136323660060944,0.8620574819591121,0.6525864740473184,0.20947100791179374,17.4,10.4,6.999999999999998,-6.999999999999998
Shallow,SNTL,SNTL:985,1,5386,4841,-117.39438,46.23718000000001,0.5081996317476536,0.546055953398636,-0.037856321650982405,0.8508580237088199,0.7996500351807947,0.05120798852802522,-34.2,7.1,-41.300000000000004,-27.1
Shallow,SNTL,SNTL:989,5,5314,4029,-116.8535,46.805,0.4745554408697221,0.5597350309915572,-0.08517959012183507,0.8381124423795371,0.7671468313260014,0.07096561105353572,-42.7,1.4,-44.1,-41.300000000000004
Shallow,SNTL,SNTL:992,9,2563,2536,-110.8277,40.8852,0.6204732084808808,0.30516209477280254,0.3153111137080783,0.9022798531250145,0.5467005251390953,0.3555793279859192,35.1,52.5,-17.4,17.4
Shallow,UMRB Mesonet,AIDN8,1,736,231,-103.31629,46.48844,0.35636260311495926,0.2318353722242985,0.12452723089066076,0.8496430094508606,0.8113477370909647,0.03829527235989583,-0,-27.8,27.8,27.8
Shallow,UMRB Mesonet,ATRS2,8,586,113,-103.2888,45.5193,0.42155638483176305,-0.27721562039027514,0.6987720052220382,0.770913458877181,-0.17511176129405887,0.9460252201712398,-5.1,49.5,-54.6,44.4
Shallow,UMRB Mesonet,BBMW4,7,619,56,-109.3083,44.4817,0.45434815766401415,0.21676830960808158,0.23757984805593257,0.7918978802453279,0.7789967063081672,0.012901173937160726,41,51.1,-10.100000000000001,10.100000000000001
Shallow,UMRB Mesonet,BCHN8,7,556,45,-103.96629,46.78941,0.21271526160033916,0.18847430199178838,0.02424095960855077,0.7462560360452749,0.5942271080445176,0.1520289280007573,73.5,59.3,14.200000000000003,-14.200000000000003
Shallow,UMRB Mesonet,BDVM8,8,777,264,-108.75544,46.12817,0.6778600029381633,0.5188813538885599,0.15897864904960335,0.8170548621875519,0.5998594600567433,0.21719540213080857,20.6,18.2,2.400000000000002,-2.400000000000002
Shallow,UMRB Mesonet,BFMS2,1,726,149,-96.9011,43.0404,0.7850580976371206,-0.023250299911264483,0.8083083975483851,0.8740450261482089,0.540094843668112,0.3339501824800969,6.1,89.7,-83.60000000000001,83.60000000000001
Shallow,UMRB Mesonet,BKMS2,2,750,238,-96.7685,44.325,0.7585429748442525,0.8041630165138451,-0.04562004166959266,0.8612673246099655,0.8436153622869574,0.01765196232300803,-4.6,-9.8,5.200000000000001,5.200000000000001
Shallow,UMRB Mesonet,BLWM8,1,643,18,-111.47361,47.69075,0.7151479142977918,-0.11822077981991197,0.8333686941177038,0.851110862687299,0.05361458264846476,0.7974962800388342,-4.6,-18.6,14.000000000000002,14.000000000000002
Shallow,UMRB Mesonet,BOMN8,7,744,242,-103.47303,46.19958,0.4008265020794728,0.49269439271194204,-0.09186789063246925,0.862750555573828,0.7670773565489176,0.09567319902491034,51.5,28,23.5,-23.5
Shallow,UMRB Mesonet,BWLS2,9,681,224,-99.6729,45.4388,0.9039602573252605,0.8547021058093199,0.049258151515940596,0.9123383097533873,0.8581183927203117,0.054219917033075604,3.8,-0.5,4.3,-3.3
Shallow,UMRB Mesonet,BYMW4,8,609,70,-108.1332,43.3238,0.4586761957524199,-1.7218799233903108,2.1805561191427305,0.6520016832943454,0.025635426797697404,0.626366256496648,-29.8,-34.1,4.300000000000001,4.300000000000001
Shallow,UMRB Mesonet,BZNM8,8,754,264,-111.07218,45.66341,0.5809989513073472,0.518388451028824,0.06261050027852322,0.8621771085898878,0.9073143592552206,-0.045137250665332806,-17,-23.6,6.600000000000001,6.600000000000001
Shallow,UMRB Mesonet,CFCM8,10,643,51,-110.10835,47.39345,0.7711650527882241,0.49114156801376707,0.28002348477445704,0.8382909665598473,0.8641958465467936,-0.02590487998694635,-15.1,-10.3,-4.799999999999999,-4.799999999999999
Shallow,UMRB Mesonet,COOM8,2,660,90,-109.2597,45.46583,0.8176474467368683,0.34493340965791264,0.47271403707895565,0.9057142499332239,0.5855815223003534,0.3201327276328705,6.9,47.2,-40.300000000000004,40.300000000000004
Shallow,UMRB Mesonet,CPTS2,10,828,251,-103.0008,44.0008,0.6475462036745869,0.11149317125278324,0.5360530324218037,0.7419168879804797,0.46088289669106997,0.28103399128940976,-16.6,-47.1,30.5,30.5
Shallow,UMRB Mesonet,CRGN8,3,685,234,-99.13215,47.50865,0.6695431217253776,0.7290634416409123,-0.05952031991553475,0.84133254782132,0.8523520636181864,-0.01101951579686633,12.2,17.5,-5.300000000000001,5.300000000000001
Shallow,UMRB Mesonet,CROM8,6,828,300,-107.43834,45.58605,0.7451695386379125,0.4294854379379477,0.3156841006999648,0.7903215973565365,0.7206998350521209,0.06962176230441564,2.5,42.3,-39.8,39.8
Shallow,UMRB Mesonet,CSRN8,3,749,258,-101.37384,46.44304,0.7306747675926331,0.7240680127505452,0.006606754842087836,0.9035320612937955,0.8580333778067442,0.04549868348705133,-6.3,-4.2,-2.0999999999999996,-2.0999999999999996
Shallow,UMRB Mesonet,CTWS2,6,842,250,-101.8541,43.9601,0.8115677832053911,0.4886749482787478,0.32289283492664334,0.8596255094048584,0.5478519047546186,0.31177360465023973,-11.7,-4.2,-7.499999999999999,-7.499999999999999
Shallow,UMRB Mesonet,CURN8,1,671,236,-98.67987,47.22119,0.6755571200984829,0.7423451696574156,-0.0667880495589327,0.8245825088874444,0.8351172131741245,-0.010534704286680019,17.6,19.3,-1.6999999999999993,1.6999999999999993
Shallow,UMRB Mesonet,CYMW4,10,581,17,-108.43242,44.92915,0.5250905594813091,-5.759969990577946,6.285060550059255,0.8015409859079202,0.5428893393844862,0.258651646523434,23.6,606.9,-583.3,583.3
Shallow,UMRB Mesonet,DDMW4,6,553,4,-108.95152,43.23143,0.7406087861797869,-0.16504963673091044,0.9056584229106973,0.8378347459753827,-0.15007649223514777,0.9879112382105304,11,18.6,-7.600000000000001,7.600000000000001
Shallow,UMRB Mesonet,DKSN8,1,554,41,-102.81284,46.89483,0.33287435136897603,-0.0266382230130644,0.35951257438204043,0.7639399935038462,0.3842234167087475,0.37971657679509874,53.9,29,24.9,-24.9
Shallow,UMRB Mesonet,EDGN8,1,524,56,-98.76608,46.31913,0.6991348677629008,0.41361307866619446,0.28552178909670634,0.86112833351548,0.8311466762554296,0.02998165726005042,-19.7,-35.3,15.599999999999998,15.599999999999998
Shallow,UMRB Mesonet,EDTS2,8,809,243,-103.972,43.4739,0.6246672539295273,0.42911629917990257,0.1955509547496247,0.8060732168616667,0.699044006146876,0.10702921071479066,-11.7,7.8,-19.5,-3.8999999999999995
Shallow,UMRB Mesonet,FLNS2,5,612,108,-96.5847,44.087,0.7491356286721746,0.512583542033664,0.23655208663851068,0.9214321592511181,0.6675002813591271,0.253931877891991,19.7,6.4,13.299999999999999,-13.299999999999999
Shallow,UMRB Mesonet,FTUN8,3,684,226,-103.80585,48.96375,0.6690720891477311,0.6422275913571218,0.026844497790609267,0.8812075549159972,0.7959030074802813,0.08530454743571592,4.3,-11.5,15.8,7.2
Shallow,UMRB Mesonet,GANN8,6,520,40,-101.67955,47.71023,0.5928973986700052,0.5649495059719791,0.02794789269802611,0.7697414374137092,0.8413961980474721,-0.07165476063376297,-1.4,-37.9,36.5,36.5
Shallow,UMRB Mesonet,GGMS2,7,543,NA,-99.4934,43.1373,0.6219195801776126,NA,NA,0.847618693340054,NA,NA,18.5,NA,NA,NA
Shallow,UMRB Mesonet,GOTS2,9,693,191,-98.0302,45.5735,0.8567565732466392,0.7351895187422983,0.12156705450434091,0.8684917768053642,0.9024210469496959,-0.03392927014433178,3.2,-4.4,7.6000000000000005,1.2000000000000002
Shallow,UMRB Mesonet,GREN8,6,713,235,-103.88123,48.73502,0.6622861273429732,0.7061708906378752,-0.043884763294901985,0.8361585053653015,0.7446313932137782,0.0915271121515232,4.5,-7.3,11.8,2.8
Shallow,UMRB Mesonet,GSBN8,7,541,40,-103.20628,47.38661,0.31892838366335086,0.4942183217181835,-0.17528993805483262,0.83959841402765,0.7830943856956395,0.056504028332010514,44.3,31.7,12.599999999999998,-12.599999999999998
Shallow,UMRB Mesonet,HAEM8,6,813,268,-109.79939,48.48906,0.7050508129274538,0.3954069420354853,0.30964387089196843,0.7596356829395905,0.5178310124236969,0.2418046705158936,0.7,36.4,-35.699999999999996,35.699999999999996
Shallow,UMRB Mesonet,HAMS2,10,616,30,-101.1291,44.3125,0.5669163647102833,0.11115387245442443,0.45576249225585885,0.7608352346248985,0.9083313852674948,-0.14749615064259625,27.6,64.1,-36.49999999999999,36.49999999999999
Shallow,UMRB Mesonet,HAZN8,4,733,236,-101.67933,47.30177,0.3589863515056517,0.23530451168664357,0.12368183981900815,0.8944231344663287,0.8318541319879463,0.06256900247838237,58.9,74.2,-15.300000000000004,15.300000000000004
Shallow,UMRB Mesonet,HIHS2,4,763,217,-99.4614,44.5258,0.7567335593552382,0.4541041117951722,0.30262944756006604,0.8889034214401994,0.8629516038490453,0.02595181759115406,6.7,-27.7,34.4,21
Shallow,UMRB Mesonet,HMLS2,4,748,133,-99.7121,43.5938,0.5968563419298313,-0.2433195846719003,0.8401759266017316,0.8801370510849227,0.11680377415375,0.7633332769311727,30.8,13.2,17.6,-17.6
Shallow,UMRB Mesonet,HNTM8,3,777,52,-108.23296,45.92637,0.6750662916719825,-0.09924136009671414,0.7743076517686966,0.7307860170564394,-0.09873875321601665,0.8295247702724561,14.1,-2.4,16.5,-11.7
Shallow,UMRB Mesonet,HTGN8,2,736,249,-102.64564,46.01255,0.5426624655217356,0.39422692488439537,0.1484355406373402,0.8417484083554263,0.7981726174588925,0.04357579089653385,-17.7,-43.7,26.000000000000004,26.000000000000004
Shallow,UMRB Mesonet,IGMM8,2,777,266,-107.22383,46.65685,0.20952249317218852,0.29969067435567287,-0.09016818118348435,0.8530015334388851,0.5936771700399892,0.25932436339889586,77.7,53.8,23.900000000000006,-23.900000000000006
Shallow,UMRB Mesonet,JSTN8,6,502,43,-98.92778,46.90669,0.6163085095224297,-0.6885385477170913,1.304847057239521,0.8737076462138816,0.4939053115604269,0.37980233465345475,0.6,47.2,-46.6,46.6
Shallow,UMRB Mesonet,KEEM8,3,857,274,-109.6112,45.55735,0.7120980273165213,0.19581317035796542,0.5162848569585559,0.7429024996076645,0.3679447603095398,0.3749577392981247,-8.2,33.5,-41.7,25.3
Shallow,UMRB Mesonet,KEEN8,4,527,41,-103.04803,47.89372,0.45470099147289367,0.2995340708429277,0.15516692062996595,0.856294118538998,0.6017888543359056,0.2545052642030924,32.1,50.9,-18.799999999999997,18.799999999999997
Shallow,UMRB Mesonet,LCMS2,5,612,26,-98.1096,43.9028,0.690664893794652,-0.4916883036066493,1.1823531974013013,0.8294595464801142,0.5396480591387176,0.2898114873413966,1.4,35.6,-34.2,34.2
Shallow,UMRB Mesonet,LLAS2,3,709,229,-98.9314,45.7167,0.685515504861715,0.5844684972281502,0.10104700763356478,0.871798994513844,0.9221847754777683,-0.05038578096392432,-2.8,-32.2,29.400000000000002,29.400000000000002
Shallow,UMRB Mesonet,MARN8,9,554,72,-98.32759,46.56453,0.5752060082189192,0.09393655237494392,0.4812694558439753,0.6778217038272083,0.25957954233199054,0.41824216149521776,-12.1,-31.8,19.700000000000003,19.700000000000003
Shallow,UMRB Mesonet,MATN8,1,737,246,-102.32195,46.37979,0.10492758007741487,0.25178780141820245,-0.14686022134078758,0.895114358807137,0.8274861142913168,0.06762824451582017,88.1,72.5,15.599999999999994,-15.599999999999994
Shallow,UMRB Mesonet,MCIM8,2,816,272,-109.95352,47.05849,0.785498463642994,0.5584623570003373,0.22703610664265672,0.808935689342242,0.6387764081705469,0.1701592811716951,-6.8,5.7,-12.5,-1.0999999999999996
Shallow,UMRB Mesonet,MCYM8,2,797,261,-105.95432,46.40541,0.7211161067335342,0.34752539964618956,0.37359070708734465,0.7865967497681036,0.5147815981670582,0.2718151516010454,-16,-39.3,23.299999999999997,23.299999999999997
Shallow,UMRB Mesonet,MLVM8,4,814,276,-109.84163,46.00145,0.7998814120707981,0.5007025335793386,0.2991788784914595,0.8349629889427467,0.7507575002531167,0.08420548868962996,-4.2,-16.3,12.100000000000001,12.100000000000001
Shallow,UMRB Mesonet,MMDN8,4,509,52,-100.91401,46.77356,0.5584145736076082,-0.472630936013561,1.031045509621169,0.8846994065615419,-0.10561838871306745,0.9903177952746094,34.1,41.1,-7,7
Shallow,UMRB Mesonet,MVMS2,3,627,33,-101.8991,44.4748,0.365380796498986,-0.6111420047553373,0.9765228012543233,0.8510355318104149,0.6270326938904406,0.22400283791997433,50.8,99.5,-48.7,48.7
Shallow,UMRB Mesonet,NISS2,8,712,122,-103.5603,44.6782,0.7632052115775679,-0.12328785475185478,0.8864930663294227,0.8428329325121902,0.031934701773374076,0.8108982307388161,1.1,30.8,-29.7,29.7
Shallow,UMRB Mesonet,NOMS2,8,644,32,-101.1014,43.5999,0.47642612880848056,0.8008596500849893,-0.3244335212765087,0.8074936994166888,0.8531821286197,-0.045688429203011194,-17.9,-5.5,-12.399999999999999,-12.399999999999999
Shallow,UMRB Mesonet,OCMS2,6,811,244,-99.4157,43.7982,0.5434886852467657,0.14047060053414417,0.40301808471262157,0.5827949094731403,0.22673360956797514,0.3560612999051651,1.1,-26.2,27.3,25.099999999999998
Shallow,UMRB Mesonet,OILM8,2,597,49,-111.60108,48.78158,0.35351105807809236,-2.6973462583851378,3.05085731646323,0.6331456509356179,0.14972325562846794,0.48342239530715,32.8,167.6,-134.8,134.8
Shallow,UMRB Mesonet,OKNN8,7,692,239,-98.10281,46.06672,0.37182594212081266,0.36103020261381846,0.010795739506994195,0.7906583848532742,0.9331387842976233,-0.1424803994443491,-42.8,-42.7,-0.09999999999999432,-0.09999999999999432
Shallow,UMRB Mesonet,ONMS2,6,540,10,-100.32,44.6465,0.5945603851871195,-0.39900487314137334,0.9935652583284929,0.7959889305585446,-0.15776949586124203,0.9537584264197866,1.4,78.4,-77,77
Shallow,UMRB Mesonet,PLMW4,7,778,236,-108.759,44.7764,0.521949527993806,0.4622800598639748,0.059669468129831205,0.5770514256430863,0.4629207938692795,0.11413063177380683,15.4,-2.3,17.7,-13.100000000000001
Shallow,UMRB Mesonet,PVMS2,7,620,32,-103.7986,43.0375,0.7606837041276955,-0.44237642422266754,1.203060128350363,0.8318896536471438,0.06177699327083471,0.7701126603763091,12,105.2,-93.2,93.2
Shallow,UMRB Mesonet,RAMS2,6,522,7,-102.9226,45.9059,0.6935546209265049,0.5806741524710247,0.11288046845548017,0.7652547713139036,0.6934960035807002,0.07175876773320344,-13.8,-7,-6.800000000000001,-6.800000000000001
Shallow,UMRB Mesonet,RAYN8,7,679,212,-103.16926,48.40095,0.6324565553436495,0.802760164539754,-0.17030360919610443,0.8695065411357404,0.8188196421215413,0.050686899014199094,9.9,-5.3,15.2,-4.6000000000000005
Shallow,UMRB Mesonet,RBMS2,9,686,113,-100.7205,43.2,0.8039898595285979,0.6211293708273352,0.1828604887012627,0.9233346176451501,0.766656003315831,0.15667861432931918,-12.1,7.9,-20,-4.199999999999999
Shallow,UMRB Mesonet,ROBN8,5,691,237,-99.79807,47.17305,0.547715637936716,0.568638756899009,-0.02092311896229304,0.8111950527163787,0.7122993250291715,0.09889572768720722,15.6,9.3,6.299999999999999,-6.299999999999999
Shallow,UMRB Mesonet,ROUM8,5,818,277,-108.42432,46.57848,0.8135724284343874,0.522091242624783,0.29148118580960436,0.8230977305872968,0.5411217241809367,0.2819760064063601,5.7,-2.8,8.5,-2.9000000000000004
Shallow,UMRB Mesonet,SEEN8,7,504,57,-99.99273,46.89402,0.7264172706206392,0.07371643695573027,0.6527008336649089,0.9044322687842697,0.5271556685898307,0.3772766001944391,17.2,11.5,5.699999999999999,-5.699999999999999
Shallow,UMRB Mesonet,SFSS2,2,696,127,-96.7623,43.5048,0.7781162087296185,0.644163999699684,0.13395220902993454,0.885726795587207,0.7587912962828994,0.1269354993043076,-11.2,-16.4,5.199999999999999,5.199999999999999
Shallow,UMRB Mesonet,SHMW4,7,1200,566,-106.839,44.8408,0.738989355508008,0.5727329809321207,0.16625637457588738,0.7840302038612975,0.7150949908798433,0.06893521298145422,-10.3,18.7,-29,8.399999999999999
Shallow,UMRB Mesonet,SHSS2,3,629,194,-97.1025,45.1054,0.7284705956521624,0.6375456904086659,0.0909249052434965,0.9050898748207281,0.8907874966682107,0.014302378152517448,-24.3,-34.5,10.2,10.2
Shallow,UMRB Mesonet,SIYM8,3,759,246,-104.24789,47.78229,0.713119560179938,0.6576343255231993,0.05548523465673871,0.7569373130466598,0.7830497863958396,-0.026112473349179766,-5.9,-21.3,15.4,15.4
Shallow,UMRB Mesonet,STMS2,10,895,255,-103.3792,44.4245,0.8251708536881291,0.6435425904667689,0.18162826322136028,0.844476015015571,0.726632752899519,0.117843262116052,-8,-4.6,-3.4000000000000004,-3.4000000000000004
Shallow,UMRB Mesonet,STRN8,2,689,231,-99.46081,46.71797,0.65526763021952,0.48166135148701694,0.173606278732503,0.8733204600986902,0.8712380890898005,0.0020823710088897496,-2.3,-42.9,40.6,40.6
Shallow,UMRB Mesonet,TIMS2,5,733,236,-101.085,45.4166,0.6776413942903037,0.6001786038656208,0.07746279042468285,0.8683834584116916,0.7859241461632993,0.08245931224839231,-25.4,-23.6,-1.7999999999999972,-1.7999999999999972
Shallow,UMRB Mesonet,TTNM8,1,586,47,-111.5432,46.13646,0.5499751427284605,0.1539161984036298,0.3960589443248307,0.7823603942815518,0.28290597587124583,0.49945441841030597,-28.3,-43.2,14.900000000000002,14.900000000000002
Shallow,UMRB Mesonet,TURN8,9,508,40,-100.91529,47.56793,0.33466378712576683,-0.1796388646342426,0.5143026517600094,0.8539772786701643,0.9206821328242992,-0.06670485415413496,64.5,100.1,-35.599999999999994,35.599999999999994
Shallow,UMRB Mesonet,UNIS2,2,779,239,-102.6709,44.5664,0.3278746165754175,0.3642617110754155,-0.036387094499997996,0.662988794423633,0.5110705607649896,0.15191823365864343,41.8,9.7,32.099999999999994,-32.099999999999994
Shallow,UMRB Mesonet,VGAS2,2,451,NA,-96.9188,44.304,0.5594544835853834,NA,NA,0.8604991439486434,NA,NA,-19.1,NA,NA,NA
Shallow,UMRB Mesonet,WISN8,9,532,49,-99.66585,46.26033,0.5768463327384676,-0.42464797343558214,1.0014943061740498,0.8472287485139458,0.0289908010936573,0.8182379474202885,0.8,94.9,-94.10000000000001,94.10000000000001
Shallow,UMRB Mesonet,WLLN8,1,726,237,-103.73859,48.13308,0.30420707442215733,0.3357864321243442,-0.031579357702186894,0.8424589153378123,0.8105957799530465,0.031863135384765706,67.7,63.4,4.300000000000004,-4.300000000000004
Shallow,UMRB Mesonet,WNMS2,5,584,NA,-99.6931,43.3142,0.7291779724409599,NA,NA,0.7726519409267607,NA,NA,3.7,NA,NA,NA
Shallow,UMRB Mesonet,WRIS2,1,910,264,-100.7423,43.5586,0.7624425821500433,0.46980213910835167,0.2926404430416917,0.8793774625277581,0.6691166566527794,0.21026080587497864,-11.6,7.2,-18.8,-4.3999999999999995
Shallow,UMRB Mesonet,WRMW4,8,600,47,-107.90498,44.00257,-1.6236843956771687,-6.391094859901752,4.767410464224584,0.7115611569631195,0.05400726395536448,0.657553893007755,247.8,425.3,-177.5,177.5
Shallow,UMRB Mesonet,WTES2,10,780,152,-98.6936,43.7373,0.6743889935317469,-0.5172866836464418,1.1916756771781887,0.7732778874413426,-0.3969714733704419,1.1702493608117845,-5.7,-4.5,-1.2000000000000002,-1.2000000000000002
Shallow,UMRB Mesonet,ZELN8,1,536,45,-99.68768,46.01351,0.5991512019561513,-0.16474289841650824,0.7638941003726596,0.777137734137366,0.30813949000808005,0.4689982441292859,20,83.4,-63.400000000000006,63.400000000000006
Shallow,USCRN,1001,3,2592,2565,-105.1,48.29999999999999,0.6056958138204369,0.39725299899394895,0.20844281482648797,0.7994063343791878,0.7027665887370964,0.09663974564209143,-20.3,-27.4,7.099999999999998,7.099999999999998
Shallow,USCRN,1002,7,2989,2962,-105.2,48.48,0.7677184993146305,0.5850910790899275,0.18262742022470302,0.8254167661202672,0.7247192515434049,0.10069751457686227,-2.8,-20.5,17.7,17.7
Shallow,USCRN,1003,7,3270,3243,-96.85,40.69,0.8343766281596466,0.6020782514494492,0.23229837671019749,0.844779069212739,0.7670414848570457,0.07773758435569333,2.5,-9.4,11.9,6.9
Shallow,USCRN,1004,5,3874,3848,-96.56,40.84000000000001,0.8017909976006453,0.4891947990576476,0.3125961985429977,0.8392841505135271,0.6767668038222341,0.16251734669129303,-10.9,-28.5,17.6,17.6
Shallow,USCRN,1005,1,4847,4820,-97.09,36.11,0.6420979799200568,0.4906685419124892,0.15142943800756758,0.8807855379428587,0.80752931000531,0.07325622793754871,-22.6,-18.9,-3.700000000000003,-3.700000000000003
Shallow,USCRN,1006,7,4874,4847,-97.1,36.13,0.7390439849856376,0.5960268967641729,0.14301708822146475,0.8627903304970389,0.8507905579764795,0.011999772520559393,22,13.5,8.5,-8.5
Shallow,USCRN,1009,9,2899,2872,-96.62,43.72999999999999,0.7170864126459369,0.49432411973550205,0.2227622929104348,0.882943749513077,0.8041612650575507,0.07878248445552627,-7.5,-28.6,21.1,21.1
Shallow,USCRN,1010,8,3943,3916,-110.5,31.59,0.7520674555437452,0.12930826842691157,0.6227591871168336,0.7833328472920355,0.764390689595841,0.01894215769619445,11.8,80.3,-68.5,68.5
Shallow,USCRN,1011,4,4637,4610,-111.16,32.23,0.587422083509947,-0.3475473324238849,0.9349694159338319,0.8189852380087738,0.8200301329384543,-0.0010448949296805177,35.1,123.3,-88.19999999999999,88.19999999999999
Shallow,USCRN,1012,10,4644,4619,-92.11,32.88,0.7999999505168977,0.5245335584808546,0.27546639203604306,0.8727925797782039,0.6910444358004469,0.18174814397775696,10.9,4.9,6,-6
Shallow,USCRN,1013,2,4725,4698,-91.87,30.090000000000003,0.42710460897403957,0.5437140644573474,-0.11660945548330781,0.8385472091304244,0.7546234399978728,0.0839237691325515,48.2,-13.7,61.900000000000006,-34.5
Shallow,USCRN,1014,9,3345,3318,-104.75,40.8,-0.9956789728408852,-1.8078277760343102,0.812148803193425,0.7275466856327379,0.5809866945210639,0.14655999111167406,188.3,273.6,-85.30000000000001,85.30000000000001
Shallow,USCRN,1015,6,3728,3728,-122.6,40.65,0.7995952897679501,0.42518391022222934,0.3744113795457208,0.8025015492797236,0.7022725763715792,0.10022897290814436,3.3,48.5,-45.2,45.2
Shallow,USCRN,1017,8,3733,3706,-121.44,48.540000000000006,0.5166340756683068,0.5251181490148417,-0.008484073346534893,0.9374636912965267,0.9305897584459337,0.006873932850593012,-34.7,15.2,-49.900000000000006,-19.500000000000004
Shallow,USCRN,1018,2,3687,3660,-95.72,31.769999999999996,0.4627692250276416,0.535969664108677,-0.07320043908103535,0.9188763690137195,0.82162143497958,0.09725493403413954,-31,-28.9,-2.1000000000000014,-2.1000000000000014
Shallow,USCRN,1019,4,4653,4626,-102.8,31.61999999999999,0.6613503437933765,-1.3878166170205044,2.049166960813881,0.663335141408385,0.6834368430670966,-0.020101701658711613,-1,199.8,-200.8,198.8
Shallow,USCRN,1020,7,4407,4380,-106.88,34.35,0.7072337980395784,-0.43930679695930697,1.1465405949988854,0.7916720043583053,0.7077001458852004,0.08397185847310495,-2.9,137.9,-140.8,135
Shallow,USCRN,1021,3,2671,2644,-113.55,43.46,0.6629324440337303,0.19018452201005265,0.47274792202367766,0.9273280568915995,0.8250995014719852,0.10222855541961429,32.4,75,-42.6,42.6
Shallow,USCRN,1022,9,3486,3459,-116.75,43.2,0.6395079475893133,0.6906331835521755,-0.051125235962862225,0.8114048678815985,0.7663192940795498,0.045085573802048695,-29.5,16.2,-45.7,-13.3
Shallow,USCRN,1023,4,3852,3825,-119.69,43.47,0.8264723621065823,-0.012451117884668905,0.8389234799912512,0.9037550873033456,0.7544234009141727,0.14933168638917294,13,96.2,-83.2,83.2
Shallow,USCRN,1024,2,3705,3678,-79.47,39.01,0.7428923872553379,0.47973269139915564,0.26315969585618226,0.8073468559726811,0.6135826461130919,0.1937642098595892,-6.4,-14.7,8.299999999999999,8.299999999999999
Shallow,USCRN,1025,2,2752,2725,-103.73,42.419999999999995,0.7524146090653743,0.6091994481595127,0.14321516090586162,0.8813424263881547,0.78506433122049335,0.09627809516766139,21.7,32.6,-10.900000000000002,10.900000000000002
Shallow,USCRN,1026,5,4214,4187,-82.61,35.49,0.7119532646019402,0.3135862873852955,0.3983669772166447,0.8393550310445691,0.697781731440711,0.14157329960385812,1.4,8.1,-6.699999999999999,6.699999999999999
Shallow,USCRN,1027,1,4692,4665,-82.55,35.41,0.807824181931853,0.49626187060482496,0.31156231132702805,0.898692466735418,0.8082960415872866,0.0903964251481314,2.8,24.9,-22.099999999999998,22.099999999999998
Shallow,USCRN,1028,2,4676,4649,-84.74,38.09000000000001,0.814278303429906,0.6680281686615326,0.14625013476837345,0.901324856036338,0.8256396306302095,0.07568522540612854,8.3,-8.2,16.5,-0.10000000000000142
Shallow,USCRN,1029,8,3721,3721,-81.32,33.35,0.7753198984397652,0.580564715278892,0.19475518316087326,0.830557647024578,0.7222179627389819,0.10833968428559615,-12.7,27.7,-40.4,15
Shallow,USCRN,1030,4,4927,4907,-79.36,33.15,0.31302888881944635,-0.12604867747045612,0.43907756628990247,0.7506654446353661,0.7276653756260514,0.023000069009314728,52.3,92.8,-40.5,40.5
Shallow,USCRN,1031,10,4835,4808,-86.23,37.25,0.8828310634319533,0.5220655433684775,0.36076552006347573,0.8941839563520313,0.7361233848221462,0.15806057152988506,-4.4,6,-10.4,1.5999999999999996
Shallow,USCRN,1032,9,3763,3736,-84.47,31.31,0.46919051900854114,0.26717606492657575,0.2020144540819654,0.8137689201355642,0.772339609475306,0.041429310660258234,34.6,61.3,-26.699999999999996,26.699999999999996
Shallow,USCRN,1033,2,4584,4557,-84.44,31.19,0.8253680867727575,0.6662333608256108,0.15913472594714673,0.8856149449071631,0.8082319460688885,0.0773829988382746,5.4,21.8,-16.4,16.4
Shallow,USCRN,1034,4,3046,3019,-68.7,44.92,0.4513572421666292,0.1541455445175679,0.2972116976490613,0.7846205150281496,0.5372995608754236,0.24732095415272592,-21.4,-16.7,-4.699999999999999,-4.699999999999999
Shallow,USCRN,1035,1,2683,2656,-67.88,46.96,0.19292166076530115,0.06048615562659221,0.13243550513870894,0.7384415961667492,0.5671481406305292,0.17129345553622,73.5,69.2,4.299999999999997,-4.299999999999997
Shallow,USCRN,1036,5,4753,4726,-89.07,32.330000000000005,0.7387652717167794,0.33296891478870894,0.4057963569280705,0.9042774587178554,0.7915610668534666,0.11271639186438875,-10.4,20.6,-31,10.200000000000001
Shallow,USCRN,1037,10,4204,4177,-88.37000000000002,40.05,0.7561472197881354,0.5199487815729247,0.2361984382152107,0.8328848870409615,0.731303202647321,0.10158168439364057,5,-15.5,20.5,10.5
Shallow,USCRN,1038,4,3406,3397,-88.85,41.84,0.7892440570121327,0.5046829509598231,0.28456110605230966,0.8799870571599958,0.6887117561039845,0.19127530105601132,-0.4,-15.8,15.4,15.4
Shallow,USCRN,1039,9,2638,2611,-95.87,48.3,0.27000717635519866,0.2218171312521543,0.048190045103044366,0.7145579695530933,0.733730117873335,-0.019172148320241722,-39.5,-49.5,10,10
Shallow,USCRN,1040,7,3208,3181,-70.94,43.10000000000001,0.708888315472416,0.2325239009847091,0.47636441448770694,0.888119034858746,0.7387023947598587,0.14941664009888733,26.8,50.5,-23.7,23.7
Shallow,USCRN,1041,6,3723,3696,-70.92,43.17000000000001,0.6845460066647115,0.26214803757637795,0.4223979690883336,0.9191514745900138,0.7008768309099187,0.21827464368009508,29.7,39.5,-9.8,9.8
Shallow,USCRN,1042,3,3818,3791,-71.54,41.489999999999995,0.7825506839638228,0.5255562668709484,0.2569944170928744,0.8213343908357221,0.7294053592785714,0.09192903155715071,-10.8,12.8,-23.6,2
Shallow,USCRN,1043,8,3833,3807,-71.54,41.470000000000006,0.7673283743054686,0.3635790296967083,0.40374934460876033,0.8815317043774353,0.7546849217473997,0.12684678263003568,18.5,48.2,-29.700000000000003,29.700000000000003
Shallow,USCRN,1045,7,2352,2325,-105.54,40.03,0.6359783000955836,0.43333420225938024,0.2026440978362034,0.7618184832187302,0.6787254709097365,0.0830930123089938,19.5,35.9,-16.4,16.4
Shallow,USCRN,1046,9,2739,2712,-113.43,48.74000000000001,0.812988758077638,0.34154345026416233,0.4714453078134757,0.9015803600997881,0.7669808444606935,0.13459951563909467,13.9,47.4,-33.5,33.5
Shallow,USCRN,1047,7,4658,4631,-96.6,39.10000000000001,0.6110973566485018,0.4052325092058281,0.20586484744267375,0.8945589620431258,0.7996682806621027,0.09489068138102308,-8.1,-15.6,7.5,7.5
Shallow,USCRN,1049,7,4537,4510,-116.02,36.62,0.7308897538538889,-1.6296299961598804,2.3605197500137693,0.8175666976859827,0.8179219099756311,-3.5521228964841e-4,14.1,200.7,-186.6,186.6
Shallow,USCRN,1050,7,3733,3706,-120.87999999999998,37.23,0.8027143134752344,-0.027952832218690604,0.830667145693925,0.8442426338689161,0.8047683082440671,0.03947432562484898,10.8,99,-88.2,88.2
Shallow,USCRN,1066,3,3853,3826,-98.06,26.52,0.8029243912896782,0.40634697528811214,0.39657741600156604,0.8515451445112131,0.8397839430695322,0.011761201441680913,-11.9,20.2,-32.1,8.299999999999999
Shallow,USCRN,1067,3,4253,4226,-102.77,33.95000000000001,0.6380754566778946,0.7002770185912465,-0.06220156191335191,0.7924818528748934,0.790437161298003,0.002044691576890356,-18.6,-2.9,-15.700000000000001,-15.700000000000001
Shallow,USCRN,1068,2,4134,4107,-101.59,36.59,0.5727718263062198,0.48223970488033563,0.09053212142588418,0.8260966310101187,0.7692507273543033,0.05684590365581532,-10.3,15.3,-25.6,5
Shallow,USCRN,1105,10,4607,4580,-117.14,36.6,0.4888387636364002,-2.1777505158284565,2.6665892794648567,0.5237373652809698,0.5397394670536978,-0.016002101772727984,18.3,185.8,-167.5,167.5
Shallow,USCRN,1106,6,3636,3609,-114.2,39.01,0.11212595815264659,-1.7510523692057123,1.8631783273583589,0.8397944104799107,0.8223736107864654,0.017420799693445232,84.7,259.8,-175.10000000000002,175.10000000000002
Shallow,USCRN,1107,10,2461,2434,-110.71,43.66,-0.1447272050743149,-0.5959515333129104,0.4512243282385955,0.8350696807517499,0.7811346145825435,0.0539350661692064,97,157,-60,60
Shallow,USCRN,1108,2,3203,3176,-108.96,40.24,0.41344970891490496,0.5140171851479014,-0.10056747623299644,0.8559616045319401,0.7308654611914117,0.12509614334052843,-38.3,-20.1,-18.199999999999996,-18.199999999999996
Shallow,USCRN,1109,10,3019,2992,-107.69,38.54,0.8216221551277598,0.43240566860620344,0.3892164865215564,0.9135519615160528,0.6730599573038627,0.24049200421219008,-13.9,13.1,-27,-0.8000000000000007
Shallow,USCRN,1110,2,4146,4119,-103.82,37.86,0.5847883723678404,0.4214507604667602,0.1633376119010802,0.7112064292278562,0.59823422677793,0.11297220244992612,-19.9,-8.8,-11.099999999999998,-11.099999999999998
Shallow,USCRN,1111,2,4807,4780,-83.38,33.78,0.5423625635446379,-0.22698829388784114,0.769350857432479,0.8954799461195726,0.7839286461237157,0.11155129999585689,41.4,113.2,-71.80000000000001,71.80000000000001
Shallow,USCRN,1113,2,3636,3609,-86.92,46.33,0.850380364384865,0.32245339351336844,0.5279269708714965,0.8618855995437935,0.4817432317526223,0.3801423677911712,5.5,41.3,-35.8,35.8
Shallow,USCRN,1114,3,3474,3447,-90.17,44.059999999999995,0.7158532965704165,-0.0671220623530504,0.7829753589234669,0.8103241392228243,0.6713584531218546,0.1389656861009697,19.9,101.2,-81.30000000000001,81.30000000000001
Shallow,USCRN,1115,7,3452,3425,-101.44,42.06000000000001,0.6048704051284367,-0.24316304819544632,0.848033453323883,0.7122419955222208,0.6304763255841953,0.08176566993802548,4.1,87.6,-83.5,83.5
Shallow,USCRN,1116,10,3584,3557,-93.28,41.55,0.837684870197343,0.7291676759527989,0.10851719424454409,0.8979838451786898,0.7997294314956883,0.09825441368300147,-1.3,-11.6,10.299999999999999,10.299999999999999
Shallow,USCRN,1117,3,3446,3419,-76.24,42.440000000000005,0.7340486162921008,0.33804250662416846,0.39600610966793237,0.9105729405592857,0.7237577821767494,0.18681515838253637,-7.2,7.4,-14.600000000000001,0.20000000000000018
Shallow,USCRN,1118,3,3417,3390,-73.74,41.78000000000001,0.7051225547333588,0.25530998865182,0.44981256608153886,0.8944894911149741,0.6057663465453739,0.28872314456960024,26.4,33.2,-6.800000000000004,6.800000000000004
Shallow,USCRN,1119,3,4921,4894,-85.96,34.28000000000001,0.8638126131268353,0.757393445964395,0.10641916716244038,0.9155007628949793,0.8425446434581246,0.07295611943685465,10.3,8.8,1.5,-1.5
Shallow,USCRN,1121,6,4441,4414,-85.13,36.01,0.6037058536651865,0.4721268498276011,0.13157900383758536,0.913559127906143,0.8420750972598552,0.07148403064628783,-14,-18.3,4.300000000000001,4.300000000000001
Shallow,USCRN,1122,7,4922,4895,-87.24,32.45,0.6354450723220019,0.4166908023643442,0.21875426995765768,0.8091762446426798,0.8025526918684156,0.006623552774264185,-10.8,-37.6,26.8,26.8
Shallow,USCRN,1123,6,3794,3793,-75.78,39.85000000000001,0.7582125102325339,0.5604903118795618,0.1977221983529721,0.8782652436160756,0.7326360996379971,0.14562914397807847,-8.6,1.3,-9.9,-7.3
Shallow,USCRN,1124,4,4523,4496,-87.87,30.54000000000001,0.6491350338734105,0.42968078217791283,0.2194542516954977,0.8429536901872178,0.6442622286982876,0.19869146148893013,31.2,42.6,-11.400000000000002,11.400000000000002
Shallow,USCRN,1125,1,2304,2277,-81.78,40.36,0.6704650090068855,0.5394390283824618,0.13102598062442372,0.8943847641345571,0.8219938576209769,0.07239090651358027,-15.6,-12,-3.5999999999999996,-3.5999999999999996
Shallow,USCRN,1129,5,4367,4340,-91.78,35.81999999999999,0.8219497364462028,0.640564457193884,0.18138527925231884,0.8606164974439174,0.64383356767575906,0.21678292976815838,-5,-4.8,-0.20000000000000018,-0.20000000000000018
Shallow,USCRN,1130,5,4518,4491,-100.24,32.04,0.29211571578965034,-0.19453131826377268,0.486647034053423,0.892854943791627,0.7738174275245319,0.11903751626709513,58.9,115,-56.1,56.1
Shallow,USCRN,1138,7,3586,3559,-106.52,35.85,0.635717977593271,0.41527605155026137,0.2204419260430096,0.8318029853540232,0.575177595194501,0.25662539015952224,-13.5,23.2,-36.7,9.7
Shallow,USCRN,1139,1,3073,3046,-103.37,46.89,0.5611860521953214,0.425793155947621,0.13539289624770035,0.7681656565384902,0.6218424694141321,0.1463231871243581,26,22.4,3.6000000000000014,-3.6000000000000014
Shallow,USCRN,1140,2,3051,3024,-103.3,45.51,0.60853969890666,0.47552714468475155,0.1330125542219085,0.7983689413137443,0.6547832063336555,0.14358573498008875,-20,-24.2,4.199999999999999,4.199999999999999
Shallow,USCRN,1141,5,4194,4167,-80.69,28.61,0.11853738677806025,0.16431630077589188,-0.04577891399783163,0.6781054157250253,0.4409624589619953,0.23714295676302993,-45.3,-31.5,-13.799999999999997,-13.799999999999997
Shallow,USCRN,1142,1,4403,4376,-93.14,39.86000000000001,0.6781027608066506,0.41811040424774526,0.2599923565589053,0.8820461665140077,0.8111026503289331,0.07094351618507455,-8.6,-33.8,25.199999999999996,25.199999999999996
Shallow,USCRN,1144,4,2922,2895,-108.66,42.67,0.8563848150031776,0.6641680370448502,0.19221677795832748,0.9203262598257639,0.7964376006206135,0.12388865920515035,-11,25.6,-36.6,14.600000000000001
Shallow,USCRN,1145,4,3962,3935,-119.64,44.55,0.629223033103665,-0.6629348954560363,1.2921579285597014,0.8273878640072567,0.7449761298150078,0.0824117341922489,31.2,155.4,-124.2,124.2
Shallow,USCRN,1231,6,3444,3417,-100.96,38.87,0.4710269307579833,0.3904051907829482,0.08062173997503508,0.7425796205911714,0.7036520946869589,0.03892752590421256,-31.7,-32.7,1.0000000000000036,1.0000000000000036
Shallow,USCRN,1232,8,3560,3533,-108.5,37.25,0.7773479667793719,0.636914203950705,0.14043376282866693,0.8440326942838495,0.6813621311845892,0.1626705630992603,-6.2,8.2,-14.399999999999999,1.9999999999999991
Shallow,USCRN,1233,6,4024,3997,-123.81,47.51,0.8221140493307671,-0.07904821068852486,0.901162260019292,0.8785875411712267,0.8673174542222689,0.011270086948957814,-7.5,106.9,-114.4,99.4
Shallow,USCRN,1234,10,4807,4780,-123.32,44.41,0.9111861509874106,0.7785740350705712,0.1326121159168394,0.9294625017329878,0.9087352511035713,0.020727250629416494,-4.3,-2.8,-1.5,-1.5
Shallow,USCRN,1235,1,2826,2799,-102.17,48.96,0.71255943545184,0.6790404424852003,0.03351899296663963,0.8131864025038681,0.7557506893071818,0.05743571319668628,9.2,-9.6,18.799999999999997,0.40000000000000036
Shallow,USCRN,1236,9,3418,3391,-100.35,44.01,0.6505882953614173,0.4424998794134357,0.20808841594798155,0.7340449751275854,0.6830314614476295,0.05101351367995588,-1.4,-18.8,17.400000000000002,17.400000000000002
Shallow,USCRN,1306,9,4659,4632,-103.2,29.34,0.7464447292164662,0.16139172536481405,0.5850530038516522,0.8299713916696876,0.7683286331868873,0.06164275848280032,-3.9,61.1,-65,57.2
Shallow,USCRN,1307,7,4651,4624,-106.74,32.61,0.8142130701676616,-0.1316821415711782,0.9458952117388398,0.8349522496980258,0.7125646143457375,0.12238763535228836,-5.4,102.8,-108.2,97.39999999999999
Shallow,USCRN,1346,10,4185,4158,-78.46,37.99,0.6414832118994738,0.4021697424981058,0.239313469401368,0.8442443752445117,0.7949851770684535,0.04925919817605817,-10.6,-5.3,-5.3,-5.3
Shallow,USCRN,1347,8,4588,4561,-79.09,35.97,0.8053072165169453,0.43960077942915465,0.3657064370877906,0.9050685404130497,0.7446048268550786,0.16046371355797118,1.5,15.8,-14.3,14.3
Shallow,USCRN,1386,8,4652,4625,-98.08,30.620000000000005,0.6916654820264998,0.5037604432091372,0.18790503881736265,0.8846219212677902,0.8945194629746736,-0.009897541706883395,-14,-22.7,8.7,8.7
Shallow,USCRN,1387,9,3420,3393,-96.82,28.299999999999997,0.23170882748565436,0.2624390764410004,-0.03073024895534604,0.5983139792506484,0.4940816659992687,0.10423231325137972,17.3,12.9,4.4,-4.4
Shallow,USCRN,1406,8,4763,4737,-91.72,37.63000000000001,0.8819196896975604,0.5577805915633071,0.32413909813425335,0.9034128065547566,0.7397258527711192,0.1636869537836374,5,12.3,-7.300000000000001,7.300000000000001
Shallow,USCRN,1407,5,4720,4693,-94.58,37.42,0.736324986273539,0.45846348443714724,0.2778615018363918,0.9049277433534965,0.8346368474418686,0.07029089591162785,-5.6,-20.2,14.6,14.6
Shallow,USCRN,1426,8,3093,3066,-84.72,44.9,0.8513878956633895,0.6167683431803672,0.23461955248302224,0.8896827267093413,0.754950418982358,0.1347323077269833,9.7,17.7,-8,8
Shallow,USCRN,1446,8,3239,3212,-99.12,45.71,0.6720013753595857,0.5662304955055226,0.10577087985406308,0.8610868219645679,0.7266916326284699,0.13439518933609795,17.7,-10.2,27.9,-7.5
Shallow,USCRN,1447,2,2797,2770,-92.99,46.11,0.7428296508961096,0.651195767093611,0.0916338838024986,0.8655565570584497,0.7157274838005634,0.1498290732578863,-5.7,13.3,-19,7.6000000000000005
Shallow,USCRN,1467,7,3320,3293,-117.52,47.41,0.7010193684508388,0.556519570887126,0.14449979756371278,0.9492940133016814,0.9295565307048355,0.019737482596845934,-15.8,22.5,-38.3,6.699999999999999
Shallow,USCRN,1468,2,2654,2627,-113,45.15,0.6310691292551132,0.6150596036519146,0.01600952560319857,0.8787804424333292,0.7388875954725683,0.13989284696076087,-28.1,-7.7,-20.400000000000002,-20.400000000000002
Shallow,USCRN,1487,3,2676,2649,-104.43,44.51,0.8182110702549634,0.5022277840416016,0.3159832862133618,0.8706624374354032,0.808165220651536,0.062497216783867215,-5.1,-6.5,1.4000000000000004,1.4000000000000004
Shallow,USCRN,1507,3,3107,3080,-112.54,41.60999999999999,0.4660166757586074,0.29466084239561263,0.17135583336299476,0.855398340584091,0.7518126845708288,0.1035856560132622,-16.8,36.3,-53.099999999999994,19.499999999999996
Shallow,USCRN,1508,3,3798,3771,-119.82,37.75,0.8925689084706998,0.04550375357391412,0.8470651548967857,0.9389787118636327,0.889289666956217,0.04968904490741566,8.5,92.1,-83.6,83.6
Shallow,USCRN,1510,9,4583,4556,-86.57,38.88000000000001,0.9120571786738888,0.5904796703295097,0.32157750834437915,0.9123703486990125,0.8203606440427409,0.09200970465627156,-0.6,-13.3,12.700000000000001,12.700000000000001
Shallow,USCRN,1528,10,4638,4611,-117.18999999999998,33.43,0.6887038721871952,0.6196754048758505,0.06902846731134471,0.9354964177392132,0.9168612920565434,0.018635125682669784,-30.4,-23.1,-7.299999999999997,-7.299999999999997
Shallow,USCRN,1530,5,3082,3060,-81.36,27.15,0.2829244408165067,-0.45144111708207624,0.7343655578985829,0.6138507629810367,0.5407785113877792,0.07307225159325748,-3,137.2,-140.2,134.2
Shallow,USCRN,1531,3,4079,4052,-123.07,38.31999999999999,0.763888693804405,0.35415864642253925,0.4097300473818658,0.9304430935374488,0.7926115454179664,0.1378315481194824,22,48.8,-26.799999999999997,26.799999999999997
Shallow,USCRN,1532,8,2718,2691,-119.63,41.84,0.619868543646955,0.6121791030305974,0.007689440616357568,0.8984930970133747,0.7830189226720955,0.11547417434127916,11.3,32.1,-20.8,20.8
Shallow,USCRN,1570,10,4782,4755,-89.43,34.82,0.6826383396647915,0.29070535013342025,0.39193298953137123,0.9214689952994701,0.7639553401723992,0.15751365512707094,-16.4,-27,10.600000000000001,10.600000000000001
Shallow,USCRN,1590,4,4259,4232,-114.18,32.83,0.43692955041452564,0.26058564571288745,0.1763439047016382,0.7022854538449532,0.6986196019573093,0.0036658518876439006,-23.9,57.4,-81.3,33.5
Shallow,USCRN,1611,1,2897,2870,-99.47,46.77,0.5527013073173697,0.655776874663422,-0.10307556734605239,0.8700717974346583,0.7805733038334232,0.08949849360123519,40.7,18.6,22.1,-22.1
Shallow,USCRN,1612,1,2977,2950,-110.28,46.88000000000001,0.84898553475124094,0.6563040785154827,0.19268145623575827,0.8707278446769376,0.690968456952084,0.17975938772485367,-4.7,14.7,-19.4,10
Shallow,USCRN,1613,2,4410,4383,-112.33,35.75,0.646975061962219,0.5749901285427848,0.07198493341943424,0.8529225407696459,0.7482169929032051,0.10470554786644082,-10.4,34.2,-44.6,23.800000000000004
Shallow,USCRN,1772,4,4108,4081,-101.6,36.56,0.3522096163494284,0.276626810098913,0.07558280625051539,0.7620023088453073,0.6215255638725219,0.1404767449727854,-35.9,-34.1,-1.7999999999999972,-1.7999999999999972
Shallow,USCRN,1797,2,2067,2067,-81.91,40.76,0.7233607295763241,0.57498649736813,0.14837423220819412,0.9459634602449025,0.8540568998667083,0.09190656037819422,-17.9,-25.6,7.700000000000003,7.700000000000003
Middle,SCAN,SCAN:2001,10,7091,5117,-96.46667,40.85,0.5532555477666126,0.38678270112950275,0.16647284663710982,0.6902120849066857,0.5978660267387917,0.09234605816789399,-7.5,-27.5,20,20
Middle,SCAN,SCAN:2002,1,5940,3885,-93.95,45.41667,0.39102382364853294,0.6922266307636782,-0.30120280711514524,0.665751705566466,0.7347546687903556,-0.06900296322388955,-21.8,10.3,-32.1,-11.5
Middle,SCAN,SCAN:2003,2,5722,3511,-88.58333000000002,45.46666999999999,0.7304563472866348,-0.23608566768670447,0.9665420149733392,0.7704948364918948,0.6295779573928043,0.14091687909909045,1.8,112.6,-110.8,110.8
Middle,SCAN,SCAN:2004,2,6329,4059,-89.9,40.31667,0.5119601052424352,-0.03222107737629898,0.5441811826187342,0.7362508708183525,0.6634577347754153,0.07279313604293725,40.7,67.6,-26.89999999999999,26.89999999999999
Middle,SCAN,SCAN:2005,4,8311,4243,-87.83333,37.1,0.6050273689208641,0.5180913062390411,0.08693606268182297,0.7172172031171459,0.5776759547999498,0.13954124831719605,0.4,-12.7,13.1,12.299999999999999
Middle,SCAN,SCAN:2006,4,7945,4753,-102.1,35.166669999999996,0.48700515094191477,0.3667682611104113,0.12023688983150349,0.6491635620909204,0.723907568768236,-0.07474400667731562,-5.6,-23.2,17.6,17.6
Middle,SCAN,SCAN:2008,3,7523,2892,-76.65,35.86667,0.4652737318276471,0.5831250606291383,-0.11785132880149118,0.7261324187455922,0.6789334866913472,0.04719893205424497,-26.4,-10.8,-15.599999999999998,-15.599999999999998
Middle,SCAN,SCAN:2009,8,7636,5572,-84.41667000000001,30.300000000000004,0.12537430427481833,-0.6571416615317234,0.7825159658065417,0.5524565097107638,0.5034108865638881,0.04904562314687566,59.2,148.5,-89.3,89.3
Middle,SCAN,SCAN:2011,9,8255,4886,-77.03333,42.88333,0.5915284148167942,0.48273288142196624,0.10879553339482795,0.6787622194813457,0.5512286510466049,0.12753356843474084,-0.9,24.6,-25.5,23.700000000000003
Middle,SCAN,SCAN:2012,6,7240,4408,-81.63333,29.1,0.2424544798255256,-1.186198961521491,1.4286534413470164,0.5023813338386534,0.41041957663220574,0.09196175720644761,16.7,196.1,-179.4,179.4
Middle,SCAN,SCAN:2013,2,7105,4292,-83.43333,33.88333,0.6157644966387346,0.5811432726250958,0.03462122401363876,0.754575881408437,0.75108439105128,0.003491490357157012,0.7,30.9,-30.2,30.2
Middle,SCAN,SCAN:2014,7,6723,4145,-83.45,39.95,0.638643508700994,0.48071453789132357,0.1579289708096704,0.7070293577626448,0.6754088025635261,0.03162055519911866,-10.4,-13.5,3.0999999999999996,3.0999999999999996
Middle,SCAN,SCAN:2015,7,7862,5320,-105.41667,34.25,0.1517864526239221,0.06010315697282764,0.09168329565109445,0.404374794111671,0.6064012504344469,-0.20202645632277594,-6.1,81.8,-87.89999999999999,75.7
Middle,SCAN,SCAN:2016,7,8809,5919,-95.98333,30.083330000000004,0.5962953693591256,0.5170183865206038,0.0792769828385218,0.626611080484636,0.5192474712490552,0.10736360923558075,-5.8,-1.3,-4.5,-4.5
Middle,SCAN,SCAN:2017,7,7167,4648,-104.74033,40.85989,0.45086361199464486,0.5169228179343366,-0.06605920593969172,0.5541751490286513,0.6027736003688948,-0.04859845134024354,-10.3,-12.1,1.799999999999999,1.799999999999999
Middle,SCAN,SCAN:2018,6,6862,3887,-104.13333,42.06667,0.4383477537100853,0.2853205410437124,0.15302721266637287,0.6447875049994511,0.5144524216687063,0.13033508333074484,43.1,52.4,-9.299999999999997,9.299999999999997
Middle,SCAN,SCAN:2019,7,7842,4048,-109.8,48.48333,0.5270503428240629,0.5139921245045368,0.013058218319526138,0.715651654013003,0.5760348191437792,0.13961683486922383,-9,-15.7,6.699999999999999,6.699999999999999
Middle,SCAN,SCAN:2020,8,7434,4316,-100.91667,46.76667,0.6387972320208612,0.5832994086624262,0.055497823358435006,0.7589550984861768,0.73774767717425,0.021207421311926766,-6.3,-8.9,2.6000000000000005,2.6000000000000005
Middle,SCAN,SCAN:2021,5,8882,5109,-118.56667,47,0.5042696347588247,0.43689114679155394,0.06737848796727075,0.8302650831639178,0.8713172951031676,-0.041052211939249794,45.9,53.8,-7.899999999999999,7.899999999999999
Middle,SCAN,SCAN:2022,5,6052,4233,-98.01667,35.55,0.4737081737485547,0.4949044140016928,-0.021196240253138154,0.5626190111792945,0.5554488637937309,0.007170147385563541,9.9,-9.2,19.1,-0.7000000000000011
Middle,SCAN,SCAN:2024,5,7022,5247,-89.86667,34.25,0.6922713026384448,0.5884815543609961,0.10378974827744869,0.7888290792626274,0.8335350970692067,-0.044706017806579346,-21.6,-29.8,8.2,8.2
Middle,SCAN,SCAN:2025,3,7681,5502,-89.9,34.23333,0.4186261306928024,0.4842466867483336,-0.06562055605553119,0.5829677557104456,0.5406107713898346,0.04235698432061097,4,3.3,0.7000000000000002,-0.7000000000000002
Middle,SCAN,SCAN:2026,9,6082,4713,-110.05,31.73333,0.4103835969482821,-0.9147175778891907,1.3251011748374728,0.4956622542818242,0.5488912738395892,-0.053229019557765045,9.5,184.6,-175.1,175.1
Middle,SCAN,SCAN:2027,7,7894,5313,-83.55,31.499999999999993,0.5175400535007455,0.17075109809328115,0.34678895540746435,0.6180922758659547,0.3328781760614517,0.285214099804503,29.5,44.7,-15.200000000000003,15.200000000000003
Middle,SCAN,SCAN:2028,4,8078,6086,-76.66667,40.66667,0.562958297919131,0.3013482122193383,0.2616100856997927,0.7255181987881015,0.5304111821670071,0.19510701662109442,19.4,45.6,-26.200000000000003,26.200000000000003
Middle,SCAN,SCAN:2030,1,6581,4397,-91.88333,34.85,0.6995981811557981,0.6828400029543013,0.01675817820149683,0.8332269328246062,0.7397778563093399,0.09344907651526635,7.9,-18,25.9,10.1
Middle,SCAN,SCAN:2031,10,6551,4579,-93.73333,42.016670000000005,0.48469674282504305,0.5842136625028368,-0.09951691967779375,0.6042118615259784,0.7253912568976095,-0.12117939537163114,-31.2,-29.7,-1.5,-1.5
Middle,SCAN,SCAN:2032,6,8102,5729,-90.65,33.38333000000001,0.5107268902752815,0.3468132589467938,0.16391363132848769,0.5509706357241145,0.5289757843728528,0.02199485135126178,-18.4,-42.3,23.9,23.9
Middle,SCAN,SCAN:2033,8,7546,5247,-90.94208,32.75358000000001,-1.0956535470340092,-1.323632397636033,0.22797885060202372,0.3880131398190016,0.40562507134612413,-0.017611931527122537,30.8,-43.1,73.9,12.3
Middle,SCAN,SCAN:2034,1,6921,5016,-90.41142,34.6764,0.7072394925887479,0.5297944130367842,0.17744507955196365,0.7111837668359496,0.6544066611412519,0.05677710569469774,-4.7,-29.7,25,25
Middle,SCAN,SCAN:2035,2,7853,5232,-90.35843,34.06301,0.5645826824566467,0.09758668177414687,0.4669960006824998,0.5650410070503955,0.5685122112522224,-0.003471204201826894,-1.9,-40.1,38.2,38.2
Middle,SCAN,SCAN:2036,4,2937,2430,-77.93333,40.71667,0.3451966629196198,-0.1480261070180786,0.4932227699376984,0.574616611914692,0.2462480912117151,0.32836852070297695,36.8,58.1,-21.300000000000004,21.300000000000004
Middle,SCAN,SCAN:2037,6,6582,5012,-79.73333,34.3,0.6679177172770682,0.3886524313523352,0.279265285924733,0.7992025426876134,0.6633033621602937,0.13589918052731964,-0.6,51,-51.6,50.4
Middle,SCAN,SCAN:2038,2,7336,5551,-81.2,32.666669999999996,0.4037074693297613,0.36801170344297285,0.035695765886788466,0.5716016535795172,0.3780062161010906,0.1935954374784266,-30.1,2.8,-32.9,-27.3
Middle,SCAN,SCAN:2039,4,7934,6383,-78.11667,38.23333,-0.04129078428611721,-0.026355267609552646,-0.014935516676564564,0.8264389605724721,0.6514436729801198,0.17499528759235228,-13.3,-21,7.699999999999999,7.699999999999999
Middle,SCAN,SCAN:2041,7,5899,4098,-72.83451,44.53509,0.5777053000846739,0.2820700650288541,0.2956352350558198,0.6773849495847671,0.5349001480216156,0.14248480156315158,-17.2,-29.8,12.600000000000001,12.600000000000001
Middle,SCAN,SCAN:2042,7,5697,3585,-73.03834000000002,43.05753,0.43296345096640254,0.18495210854542976,0.24801134242097278,0.46010234271815487,0.28261913268963945,0.17748321002851541,8.4,-8.2,16.6,-0.20000000000000107
Middle,SCAN,SCAN:2043,8,6833,NA,-72.02593,43.7756,0.441017743090089,NA,NA,0.558437154973326,NA,NA,-18.9,NA,NA,NA
Middle,SCAN,SCAN:2046,3,7357,6287,-90.90496,33.97370000000001,0.34265024879992967,0.15970888084960544,0.18294136795032423,0.3622842999145336,0.33358674676641314,0.028697553148120447,-5.9,-30.5,24.6,24.6
Middle,SCAN,SCAN:2047,6,6961,5647,-93.71667,40.25,0.7625128110896814,0.4970226770342251,0.2654901340554563,0.8031551818428594,0.7803501209866542,0.02280506085620515,10.8,-38,48.8,27.2
Middle,SCAN,SCAN:2048,7,6409,3839,-89.93333,36.78333,0.3211824042928447,0.2138807011708227,0.10730170312202203,0.4499997253908451,0.4632367169214387,-0.0132369915305936,30.4,-8.5,38.9,-21.9
Middle,SCAN,SCAN:2049,9,5100,4086,-76.85,39.01667,0.4953321097808562,0.220148204042104,0.2751839057387522,0.8110141429787181,0.6990852118658349,0.11192893111288316,45.1,55,-9.899999999999999,9.899999999999999
Middle,SCAN,SCAN:2050,3,5071,3097,-96.26667,47.71667000000001,0.16639537090436485,0.5049758378761227,-0.3385804669717578,0.6903475883653234,0.7767916020086655,-0.08644401364334209,57.9,-40.7,98.6,-17.199999999999996
Middle,SCAN,SCAN:2053,7,6617,5448,-86.53333,34.9,0.4520242693746026,0.5564318347869172,-0.10440756541231455,0.7403822912594763,0.706351682428026,0.03403060883145026,20.6,7.6,13.000000000000002,-13.000000000000002
Middle,SCAN,SCAN:2055,5,4937,4088,-86.16557,34.4448,0.6625195903289189,0.6828254719984901,-0.020305881669571146,0.6683976328177907,0.6856264103232546,-0.01722877750546381,0.3,-3.2,3.5,2.9000000000000004
Middle,SCAN,SCAN:2056,3,6570,5545,-86.68333,34.43333,0.6677510158149507,0.37795805762395096,0.2897929581909997,0.8630700467119223,0.7592204421965091,0.10384960451541325,-18.1,-23.8,5.699999999999999,5.699999999999999
Middle,SCAN,SCAN:2057,7,6758,5646,-86.55,34.78333000000001,0.41889876781697377,0.445780518178275,-0.02688175036130125,0.4871983312470778,0.5005190361242203,-0.013320704877142542,-6,-22.5,16.5,16.5
Middle,SCAN,SCAN:2060,2,6275,4899,-93.88333,37.06667,0.6195796801854558,0.6576399457931612,-0.03806026560770537,0.8007164908462551,0.7410429774229168,0.059673513423338265,17.5,1.3,16.2,-16.2
Middle,SCAN,SCAN:2061,3,5967,5113,-94.03333,38.86667,0.6012343705481227,0.25975986284373875,0.3414745077043839,0.7422207405756458,0.5567948071724963,0.1854259334031495,-11.5,-42.6,31.1,31.1
Middle,SCAN,SCAN:2064,6,6198,4338,-88.78051,33.47094,0.6505910382315312,0.41952566230107213,0.23106537593045906,0.6697338482813685,0.66153789721449,0.008195951066878537,-3.1,-29.8,26.7,26.7
Middle,SCAN,SCAN:2068,10,5490,4061,-95.76667,42.43333,0.6877111577605814,0.4848718633590655,0.20283929440151593,0.7303427289005167,0.6285354823171108,0.1018072465834059,-6.8,-33.1,26.3,26.3
Middle,SCAN,SCAN:2069,5,6760,5518,-71.72644,43.94843,0.602555444259067,0.319456203039429,0.28309924121963803,0.6097323930988636,0.3744029960618271,0.23532939703703654,6.2,12.1,-5.8999999999999995,5.8999999999999995
Middle,SCAN,SCAN:2070,10,6276,4810,-91.10184,33.61962,0.4054083460960346,0.19048604219850362,0.21492230389753098,0.41432919900270604,0.4183463334651838,-0.004017134462477756,-10.1,-45.8,35.699999999999996,35.699999999999996
Middle,SCAN,SCAN:2072,1,5217,3658,-96.61455,43.73835,0.6571873891145861,0.5994521449805141,0.05773524413407194,0.7451390875795436,0.6606709102889832,0.08446817729056044,21.4,-20,41.4,-1.3999999999999986
Middle,SCAN,SCAN:2075,5,6559,5904,-86.59137000000001,35.06445000000001,0.7438410617630324,0.776397002079644,-0.032555940316611576,0.8789082791055512,0.8091439940713886,0.06976428503416265,8.4,-9.6,18,1.1999999999999993
Middle,SCAN,SCAN:2076,8,6393,5154,-86.8938,35.0747,0.613545599554356,0.579792522321412,0.03375307723294396,0.778709054393349,0.6556894364684482,0.12301961792490079,0.7,-15,15.7,14.3
Middle,SCAN,SCAN:2077,5,6362,5677,-86.19113,35.13905,0.6653937309739191,0.298333913297664,0.36705981767625506,0.7884259280889232,0.7303812096475922,0.05804471844133097,2.7,-19.1,21.8,16.400000000000002
Middle,SCAN,SCAN:2078,10,5914,5123,-86.60236,34.89375,0.5768595512243311,0.3132597303650986,0.2635998208592325,0.6237419880829941,0.5085067844864494,0.11523520359654471,-0.7,-19.1,18.400000000000002,18.400000000000002
Middle,SCAN,SCAN:2079,2,6866,6215,-86.04093,37.1864,0.6160517344444019,0.5947341005785933,0.02131763386580854,0.71292010540183115,0.7188168308278182,-0.0058967254259870705,-16.3,-6.3,-10,-10
Middle,SCAN,SCAN:2082,2,6211,5750,-88.74162,30.4712,0.7301666486806103,0.48604114004685206,0.24412550863375826,0.7839411279927995,0.6625156862408289,0.12142544175197056,5.1,-21.2,26.299999999999997,16.1
Middle,SCAN,SCAN:2083,6,6040,5531,-92.02632,34.25188,0.7071620445968656,0.07273695035430339,0.6344250942425622,0.8875035149215105,0.5066432706996857,0.38086024422182474,20.9,14,6.899999999999999,-6.899999999999999
Middle,SCAN,SCAN:2084,6,5405,4771,-90.81769,34.7849,0.7066695734073796,0.6946269753922328,0.012042598015146733,0.7397928958506191,0.7880761030265709,-0.0482832071759518,-13.3,-20.4,7.099999999999998,7.099999999999998
Middle,SCAN,SCAN:2085,7,6629,5420,-90.45031,35.27732,0.08291631476113093,0.0750777176541294,0.007838597107001521,0.4372821253042123,0.44843288055955915,-0.011150755255346867,4.3,-33.2,37.5,28.900000000000002
Middle,SCAN,SCAN:2086,2,6236,5058,-90.51151,33.0875,0.32304861625151393,0.5721935277102993,-0.24914491145878537,0.40648290051396135,0.6578824146617824,-0.2513995141478211,29.7,-18.8,48.5,-10.899999999999999
Middle,SCAN,SCAN:2087,10,6444,5998,-91.05993,32.9972,0.0382472609858987,-0.2459668900127685,0.2842141509986672,0.045757055408668895,-0.029117502285076653,0.07487455769374554,-6.3,-30.9,24.599999999999998,24.599999999999998
Middle,SCAN,SCAN:2088,5,6457,6012,-79.2,37.91667,0.5685113740350842,0.5738764689287814,-0.0053650948936971865,0.7614215530461838,0.6964600279614268,0.06496152508475694,-9.5,8.5,-18,-1
Middle,SCAN,SCAN:2089,9,4969,4643,-80.13333,36.63333000000001,0.4697449347058963,0.368792076210987,0.10095285849490931,0.626255086147083,0.6476294192233265,-0.02137433307624348,-32.1,-27.6,-4.5,-4.5
Middle,SCAN,SCAN:2090,4,5594,5314,-92.92462,35.20842,0.8550954608069619,0.7528300261690537,0.10226543463790816,0.8638853163768584,0.8182452226163013,0.04564009376055711,-3.9,-15.8,11.9,11.9
Middle,SCAN,SCAN:2091,4,6634,6377,-91.35017,34.27788,0.6467595031597453,0.6882626068625044,-0.041503103702759114,0.8030760310931727,0.7987661427875073,0.004309888305665366,-1.6,-19.9,18.299999999999997,18.299999999999997
Middle,SCAN,SCAN:2092,1,6317,6041,-97.0859,37.1313,0.5311247148862239,0.3249252019519393,0.20619951293428462,0.6492994500715732,0.35802921985413194,0.29127023021744125,11.9,8.9,3,-3
Middle,SCAN,SCAN:2093,5,6515,5977,-99.32953,39.78638000000001,0.5486216467166299,0.4010271626842832,0.14759448403234676,0.7096919793293476,0.6195284514438706,0.09016352788547699,13.7,-15.9,29.6,2.200000000000001
Middle,SCAN,SCAN:2094,3,6437,5785,-96.1629,39.70045,-0.42877476686528593,0.10302408563768306,-0.531798852502969,0.46762264406516213,0.2911465291833073,0.17647611488185483,-9.6,-31.2,21.6,21.6
Middle,SCAN,SCAN:2104,4,4258,4191,-102.03869,33.615359999999995,0.5524352980684184,0.6720304158410118,-0.11959511777259335,0.6993215749110266,0.7256874536341849,-0.02636587872315821,18.8,15.5,3.3000000000000007,-3.3000000000000007
Middle,SCAN,SCAN:2105,3,5656,4920,-102.37392,33.55125000000001,0.5708693039403172,0.22765645628518105,0.34321284765513616,0.7598807729040226,0.7506554877351566,0.009225285168866004,-1.6,61.8,-63.4,60.199999999999996
Middle,SCAN,SCAN:2106,6,5411,4436,-102.7453,33.62647,0.4140042012332764,0.48390332510981193,-0.06989912387653552,0.5107880259269382,0.6823102525877763,-0.17152222666083816,12.9,40.7,-27.800000000000004,27.800000000000004
Middle,SCAN,SCAN:2107,5,4208,3817,-103.242,33.53513,0.6445788917388771,0.025354128292794376,0.6192247634460827,0.6540429040341368,0.4151522684531592,0.23889063558097756,3.5,74.6,-71.1,71.1
Middle,SCAN,SCAN:2108,8,5192,4767,-103.63097,33.53382,0.07634445331725637,-1.679430805112173,1.7557752584294293,0.20021887865935908,0.46795764992857575,-0.26773877126921664,7.9,261.8,-253.9,253.9
Middle,SCAN,SCAN:2109,6,5365,5098,-90.57297,33.65910999999999,0.06703077927191126,0.43802882259035303,-0.3709980433184418,0.4471302992095059,0.44476668680310405,0.0023636124064018715,67.9,8.5,59.400000000000006,-59.400000000000006
Middle,SCAN,SCAN:2110,2,5710,5028,-90.51989,32.86153,0.21605352252309895,0.2293225876848618,-0.01326906516176285,0.24034681414693101,0.43357159344935253,-0.19322477930242152,-11.7,-42.5,30.8,30.8
Middle,SCAN,SCAN:2111,8,3614,3051,-101.72010000000002,40.37042,0.3328899775407631,0.21322290241262287,0.11966707512814023,0.7657687645942457,0.6769775656029184,0.08879119899132726,-46.3,-69.4,23.10000000000001,23.10000000000001
Middle,SCAN,SCAN:2113,3,5425,5209,-86.79897,34.19492,0.6257328210074289,0.7769389657878275,-0.15120614478039862,0.8245669400943538,0.8093980578681108,0.015168882226243019,3.7,1.7,2,-2
Middle,SCAN,SCAN:2114,9,5178,4836,-88.19743,32.608,0.7144424575188721,0.35636101366776507,0.3580814438511071,0.7561483859998552,0.7117723399572362,0.04437604604261902,-2.5,-44.2,41.7,41.7
Middle,SCAN,SCAN:2115,5,5582,5479,-85.74802,32.43455,0.4832624558782862,-0.33503545382706434,0.8182979097053505,0.6197277336181691,0.56959677853693,0.050130955081239104,-5.9,118.2,-124.10000000000001,112.3
Middle,SCAN,SCAN:2116,9,5033,4659,-118.49344999999998,40.09247,-0.11741477853847426,0.015300838793399163,-0.13271561733187343,0.0025865522679557017,0.16103707019532199,-0.15845051792736628,-32.2,-38.8,6.599999999999994,6.599999999999994
Middle,SCAN,SCAN:2117,5,4264,3954,-111.92363,48.30453,0.2754094999480502,0.17526228702578284,0.10014721292226736,0.3963656793385982,0.2756896001075298,0.12067607923106838,-31.6,-38.9,7.299999999999997,7.299999999999997
Middle,SCAN,SCAN:2118,10,4090,3597,-111.18423,48.43578000000001,0.4341680410196517,0.3429027857315561,0.09126525528809559,0.6533828339617719,0.71425551940761,-0.060872685445838126,21.1,-28.8,49.900000000000006,7.699999999999999
Middle,SCAN,SCAN:2119,9,5500,4442,-109.95082,47.05818,0.6120932819094403,0.7009437115305257,-0.08885042962108536,0.7391149074164601,0.7717739858246923,-0.03265907840823212,2.3,-6.7,9,4.4
Middle,SCAN,SCAN:2120,4,2858,2448,-104.247,47.77102,0.7170019430457371,0.41539735576704717,0.3016045872786899,0.793632700283907,0.6060663427467207,0.1875663575371863,-0.8,-32.9,32.1,32.1
Middle,SCAN,SCAN:2121,1,4307,3769,-107.12731,47.522,0.6124112461442983,0.44960491599085817,0.16280633015344015,0.8056204385014412,0.7181881581939076,0.08743228030753358,-13.6,-33,19.4,19.4
Middle,SCAN,SCAN:2125,1,5094,4321,-112.25122,38.15133,0.2947138142460005,0.45093876534160127,-0.15622495109560075,0.4718593806581832,0.6018553933143916,-0.12999601265620842,37.7,33.3,4.400000000000006,-4.400000000000006
Middle,SCAN,SCAN:2126,3,4986,4148,-111.57803,39.36798,0.3460264095315333,0.3490717733211369,-0.003045363789603628,0.48879859036858225,0.37315947812367767,0.11563911224490458,-19,-5,-14,-14
Middle,SCAN,SCAN:2127,1,5357,4871,-112.40155,39.192159999999994,0.5315269910808478,-0.22236579496946818,0.753892786050316,0.6520166202507403,0.41655613854682066,0.2354604817039196,29.2,99.3,-70.1,70.1
Middle,SCAN,SCAN:2128,10,5319,4871,-113.64324,37.63343,0.23640057659254354,0.4296727277491216,-0.19327215115657803,0.6332753535618952,0.7214020318024801,-0.08812667824058484,-29.8,-44.7,14.900000000000002,14.900000000000002
Middle,SCAN,SCAN:2129,7,4793,4766,-113.01053,38.34196,0.17936156708230455,0.2447753258286448,-0.06541375874634026,0.5822341476592958,0.44151867269038253,0.1407154749689133,-14.8,-39,24.2,24.2
Middle,SCAN,SCAN:2130,7,5417,4921,-109.17193,37.77853,0.32121311706337874,0.6303546595228844,-0.30914154245950565,0.7083421221706557,0.6470350281545247,0.06130709401613099,-25.6,2.5,-28.1,-23.1
Middle,SCAN,SCAN:2131,8,4839,4366,-110.16264,39.01825,-0.1265008037589832,-0.13378957512324963,0.007288771364266422,0.5538857262914899,0.41467069993223815,0.13921502635925176,103.4,94.6,8.800000000000011,-8.800000000000011
Middle,SCAN,SCAN:2132,6,4423,4349,-110.80604,39.53288,0.3301105792577014,0.5503726141138888,-0.22026203485618745,0.6604576350666448,0.7729370027808788,-0.11247936771423406,-10.9,-22.2,11.299999999999999,11.299999999999999
Middle,SCAN,SCAN:2133,10,4453,3992,-111.68555,40.9999,0.35624227717466417,0.44985226759478003,-0.09360999042011586,0.41348757247684204,0.5894542299657353,-0.17596665748889323,9.8,-6.7,16.5,-3.1000000000000005
Middle,SCAN,SCAN:2134,2,4957,4101,-110.40602,40.37263,0.37569029553616573,0.460695887812423,-0.08500559227625726,0.5685995223195316,0.6095454145468975,-0.04094589222736589,-14.9,-15.4,0.5,0.5
Middle,SCAN,SCAN:2135,2,5255,4708,-112.4336,41.93531,0.6566310238220168,0.656853611897428,-2.2258807541120085e-4,0.768635475700211,0.7185816455011341,0.05005383019907683,-15,-10.9,-4.1,-4.1
Middle,SCAN,SCAN:2136,5,5060,4526,-111.98043,41.81568,0.4782499114565334,0.3809542848591826,0.0972956265973508,0.5785968833148414,0.5648689658193102,0.01372791749553115,-27,-41.4,14.399999999999999,14.399999999999999
Middle,SCAN,SCAN:2137,7,5214,4676,-111.87044000000002,39.64554,0.45777447514500824,0.7671431062433542,-0.309368631098346,0.6353032450367444,0.7830388355566507,-0.14773559051990626,31.7,3,28.7,-28.7
Middle,SCAN,SCAN:2138,3,5199,4437,-109.36429,37.67455,0.4527093028559913,0.6176625075907515,-0.16495320473476016,0.6075291185054515,0.7061274431051829,-0.09859832459973139,-13.8,-18.5,4.699999999999999,4.699999999999999
Middle,SCAN,SCAN:2139,7,4742,4237,-109.12745,38.01394,0.5644004949801884,0.7501251002754487,-0.18572460529526025,0.760415123984783,0.7538731313299494,0.006541992654833573,-8.5,-2.3,-6.2,-6.2
Middle,SCAN,SCAN:2140,5,5294,5000,-109.33776,37.44671,0.4886879607096879,0.4702411578561334,0.01844680285355449,0.7710112509042493,0.6598150152672085,0.11119623563704073,-16.1,24.8,-40.900000000000006,8.7
Middle,SCAN,SCAN:2141,5,4543,4159,-115.60852,36.26527,0.6038432618234029,-1.7802673944417013,2.384110656265104,0.7316770695324939,0.49400252465594474,0.23767454487654915,27.1,263.8,-236.70000000000002,236.70000000000002
Middle,SCAN,SCAN:2142,2,4564,4210,-115.78127,36.37355,0.5319430193204349,-0.2183178280884861,0.750260847408921,0.7787400643410058,0.5163844040427695,0.2623556602982363,-25.9,64.3,-90.19999999999999,38.4
Middle,SCAN,SCAN:2144,6,4477,4081,-115.20422,36.57285,0.3592287734695806,-0.34754181282026475,0.7067705862898453,0.6093186474719199,0.6626615365878123,-0.05334288911589247,-7.2,129.8,-137,122.60000000000001
Middle,SCAN,SCAN:2145,7,4633,3703,-115.82047,36.36651,0.06193101086171959,-0.03242810544366992,0.09435911630538951,0.5295888933024068,0.13274698370426638,0.39684190959814036,-46.8,31.2,-78,-15.599999999999998
Middle,SCAN,SCAN:2146,1,5230,5203,-115.61194999999998,36.16555000000001,0.28251315863347404,0.5552077568180052,-0.2726945981845311,0.7325454020055936,0.7350932487171257,-0.0025478467115320758,-43.3,-14.9,-28.4,-28.4
Middle,SCAN,SCAN:2147,1,4255,3178,-95.19128,39.05140999999999,0.45019658836204113,0.37459406617113744,0.07560252219090369,0.8045520851962223,0.649896576057294,0.15465550913892834,-7,-27.7,20.7,20.7
Middle,SCAN,SCAN:2148,2,3863,3836,-117.0106,42.94863000000001,0.38102221261164126,0.5350104107732383,-0.15398819816159703,0.7851013204124943,0.7430000250741586,0.04210129533833562,-33.6,-34.2,0.6000000000000014,0.6000000000000014
Middle,SCAN,SCAN:2149,1,4588,4408,-118.4209,37.77767,0.05826035666825968,-0.5645446944941623,0.622805051162422,0.5402086318944976,0.7455386041304131,-0.20532997223591543,73.4,145.6,-72.19999999999999,72.19999999999999
Middle,SCAN,SCAN:2150,3,4058,3181,-111.3036,41.33136,0.8239731210230351,0.7196119630511482,0.10436115797188694,0.8936514442653472,0.7481829293417028,0.14546851492364432,13.2,11.7,1.5,-1.5
Middle,SCAN,SCAN:2151,8,4193,3347,-111.18798,41.34363,0.5727363303066517,0.435149443549004,0.13758688675764774,0.7996519825733615,0.6854246062052839,0.11422737636807756,19.4,42,-22.6,22.6
Middle,SCAN,SCAN:2153,7,3529,3503,-113.28596,41.77318000000001,-0.5146012496640451,-0.8306513954901404,0.31605014582609536,0.5888376700935307,0.7083410568904646,-0.11950338679693384,141.5,178.9,-37.400000000000006,37.400000000000006
Middle,SCAN,SCAN:2154,3,3877,3395,-109.35326,40.391360000000006,0.40992334692181864,0.589661161001558,-0.17973781407973932,0.5373337624623167,0.7091118711760456,-0.1717781087137289,20.2,17.5,2.6999999999999993,-2.6999999999999993
Middle,SCAN,SCAN:2155,9,3573,3197,-110.30464,40.17957,-0.027947200324833332,0.17951236426275496,-0.2074595645875883,0.27978794540326735,0.620383732477321,-0.3405957870740537,-38.2,-42.4,4.199999999999996,4.199999999999996
Middle,SCAN,SCAN:2156,4,4156,3610,-112.64291,38.36649,0.4017923888329823,0.3978025705104279,0.003989818322554406,0.5840164389256809,0.5273802588763068,0.056636180049374096,5.1,-16.5,21.6,11.4
Middle,SCAN,SCAN:2157,8,3871,3080,-112.43437,37.86975000000001,0.2555129414580932,0.6137543280646727,-0.35824138660657945,0.517088299939351,0.6163943425812256,-0.09930604264187459,-38.5,4.5,-43,-34
Middle,SCAN,SCAN:2158,2,4350,3925,-111.26189,37.51468,0.013146169113460116,-4.190875315717667,4.204021484831127,0.32115655402223636,0.6495120091189697,-0.3283554550967333,44.4,515.4,-471,471
Middle,SCAN,SCAN:2159,6,4413,4338,-113.35615,37.10516,-1.2090305058564579,-3.1485584467737615,1.9395279409173036,0.5140533106439897,0.5446821079418654,-0.03062879729787571,213.7,411.6,-197.90000000000003,197.90000000000003
Middle,SCAN,SCAN:2160,5,4306,4020,-113.82048,41.77846,0.7002071734064844,0.410744558916864,0.2894626144896204,0.7761588361987372,0.7215235487299934,0.0546352874687438,-9.9,51.9,-61.8,42
Middle,SCAN,SCAN:2161,9,4300,3640,-113.12341,37.35524000000001,-1.4715131910612773,-2.6793670458011194,1.207853854739842,0.7410412537737767,0.6046737426617005,0.13636751111207623,242.7,364.3,-121.60000000000002,121.60000000000002
Middle,SCAN,SCAN:2162,6,4095,3606,-112.19252,37.19061000000001,0.3223429983461842,0.19391827194798583,0.12842472639819835,0.6459864622548404,0.7784492391150792,-0.13246277686023888,13.8,59.6,-45.8,45.8
Middle,SCAN,SCAN:2164,10,3926,3460,-113.75102,38.59445,0.1333925441154521,-0.7517092168573096,0.8851017609727617,0.3644960116942548,0.24973445190511062,0.11476155978914415,40.9,156.8,-115.9,115.9
Middle,SCAN,SCAN:2165,10,1090,1022,-114.00025,39.99003,-0.7598039972381008,-0.8603556048597996,0.10055160762169879,-0.5267614629125558,-0.6586874960084818,0.131926033095926,-63,-62.5,-0.5,-0.5
Middle,SCAN,SCAN:2166,2,4267,3828,-109.23998,38.31347,0.4176761958762558,0.618263563100343,-0.2005873672240872,0.6293460682123361,0.6892020490421104,-0.05985598082977428,-10,-17.6,7.600000000000001,7.600000000000001
Middle,SCAN,SCAN:2168,3,4343,4308,-106.69997,32.55660000000001,-1.0573584630447295,-4.726997751355373,3.669639288310644,0.6126783995324774,0.6745372215733828,-0.061858822040905426,202.1,571.4,-369.29999999999995,369.29999999999995
Middle,SCAN,SCAN:2169,3,4446,3982,-106.76288,34.771499999999996,-0.08187917432710057,0.27593660767488704,-0.3578157820019876,0.15363161016574078,0.4897426191377494,-0.33611100897200863,-36.5,-50.8,14.299999999999997,14.299999999999997
Middle,SCAN,SCAN:2171,1,3368,3217,-106.69127,34.35813000000001,0.2420303709900643,0.07604637356408916,0.16598399742597514,0.4064503511030536,0.20485126412010107,0.20159908698295254,-21.4,-44.7,23.300000000000004,23.300000000000004
Middle,SCAN,SCAN:2172,5,4015,3765,-106.05668,36.0908,0.2046621402150488,0.30338301974848236,-0.09872087953343356,0.35683021001516646,0.32189332769421325,0.03493688232095321,12.2,15.9,-3.700000000000001,3.700000000000001
Middle,SCAN,SCAN:2173,1,3537,3349,-87.98685,34.81982,0.5143997838144636,0.30437811864884934,0.21002166516561427,0.6597479323195393,0.5541523588397794,0.1055955734797599,-24.3,-42.6,18.3,18.3
Middle,SCAN,SCAN:2174,5,3779,3738,-88.31003,33.10768,0.27961796101270564,0.33744171852578264,-0.057823757513077,0.5454183509048774,0.5761276416185072,-0.03070929071362971,-4.9,-45.6,40.7,40.7
Middle,SCAN,SCAN:2175,10,3865,3179,-85.51818,33.331680000000006,0.6306355361956854,0.22856108055387736,0.402074455641808,0.7147557643349461,0.3933171780812786,0.32143858625366756,-1,-1.3,0.30000000000000004,0.30000000000000004
Middle,SCAN,SCAN:2176,1,3588,3471,-86.89137,32.40392,-0.5243991541840112,-0.7878044626367269,0.2634053084527157,0.8230375326419715,0.5742053612804904,0.24883217136148117,148.6,147.5,1.0999999999999943,-1.0999999999999943
Middle,SCAN,SCAN:2177,8,3765,3738,-86.05253,32.28393,0.5138007453704543,0.39022570121856004,0.12357504415189424,0.6612271377680695,0.5539560796433773,0.10727105812469218,-0.9,-41.1,40.2,40.2
Middle,SCAN,SCAN:2178,4,3761,2938,-85.91028,32.41222,0.40961071050968245,0.40244829640645763,0.007162414103224823,0.6705511975069736,0.593860761668871,0.07669043583810253,-34.8,-24.2,-10.599999999999998,-10.599999999999998
Middle,SCAN,SCAN:2179,2,4015,3988,-87.45618,34.17973,0.6776869036310328,0.41705858843832444,0.26062831519270835,0.8642792164637946,0.6655551858715159,0.19872403059227872,20.3,25.7,-5.399999999999999,5.399999999999999
Middle,SCAN,SCAN:2180,6,3370,2392,-87.69797,30.523800000000005,0.5347709318759816,0.39081699347947707,0.1439539383965045,0.6595920900029738,0.4847655525929106,0.1748265374100632,24.8,30.9,-6.099999999999998,6.099999999999998
Middle,SCAN,SCAN:2181,4,3572,2843,-87.55277,31.10923,0.6723869484494083,0.6600314214898471,0.012355526959561214,0.6920381287436973,0.6601996449099421,0.031838483833755205,6.8,-0.9,7.7,-5.8999999999999995
Middle,SCAN,SCAN:2182,9,2793,2742,-85.03693,31.019120000000004,0.7874150850235888,0.41330733097489425,0.37410775404869456,0.8075644178934048,0.6197131774753764,0.18785124041802848,2.5,44,-41.5,41.5
Middle,SCAN,SCAN:2183,2,2539,2252,-115.30505,33.80208,-0.25692821702540725,-0.9799494629747734,0.7230212459493661,0.302451411752555,0.5184028249941922,-0.2159514132416372,-61.2,179.9,-241.10000000000002,118.7
Middle,SCAN,SCAN:2184,2,2810,2614,-115.09763,33.654700000000005,-0.14274963639007554,0.09875334127692381,-0.24150297766699935,0.43098062848087404,0.667153700807313,-0.23617307232643892,-71.4,42.4,-113.80000000000001,-29.000000000000007
Middle,SCAN,SCAN:2185,6,3116,2059,-115.16692999999998,34.67235,0.21796474433956592,-1.3713174057695499,1.5892821501091157,0.5409250314654049,0.6660627446604215,-0.12513771319501654,-21,234.3,-255.3,213.3
Middle,SCAN,SCAN:2186,10,2355,2328,-115.71510000000002,35.466069999999995,0.0029625207247175878,-0.6896653307579581,0.6926278514826757,0.3234007340945964,0.5455688312315039,-0.2221680971369075,-31.6,162.7,-194.29999999999998,131.1
Middle,SCAN,SCAN:2187,9,3639,3379,-117.97383000000002,37.37222,0.49731615003010454,-0.23463750263740124,0.7319536526675058,0.6276679711535336,0.44035678300120745,0.1873111881523261,-14.3,108.5,-122.8,94.2
Middle,SCAN,SCAN:2189,5,3361,3160,-119.59608,35.11807,0.5889090834317816,0.03552905874575407,0.5533800246860275,0.7611716252219756,0.7534725622008802,0.007699063021095354,33,92.2,-59.2,59.2
Middle,SCAN,SCAN:2190,5,2151,2123,-116.35132,36.32502,-0.19984346399836372,-0.3203768929666009,0.12053342896823716,0.3161850699779495,0.6078894452944142,-0.29170437531646476,-54.2,125.2,-179.4,71
Middle,SCAN,SCAN:2191,4,3709,3120,-118.82643,37.63423,-1.0719000150663796,-4.230791557633342,3.1588915425669626,0.7352056772021011,0.627716417137156,0.10748926006494508,195.5,514.9,-319.4,319.4
Middle,SCAN,SCAN:2192,10,3365,3046,-120.72472,40.6175,-4.396837135260406,-3.143216933111783,-1.253620202148623,0.7228423732024808,0.7152733546348345,0.007569018567646246,371.7,354.3,17.399999999999977,-17.399999999999977
Middle,SCAN,SCAN:2193,1,2284,2029,-94.0364,37.9872,0.27283276870764683,0.45565007657445655,-0.18281730786680972,0.7018915158621468,0.8330616721699613,-0.13117015630781448,-32.6,-27,-5.600000000000001,-5.600000000000001
Middle,SCAN,SCAN:2194,5,3453,2794,-92.2594,36.9973,0.5628136603471433,0.3894476366105025,0.17336602373664078,0.8062876007947206,0.6275724621869138,0.17871513860780686,12.3,28.8,-16.5,16.5
Middle,SCAN,SCAN:2195,4,2993,2811,-92.11942,39.2285,0.46796955755372527,0.6533878231457932,-0.18541826559206798,0.7795377429884697,0.8100303483695187,-0.03049260538104903,-0.7,-21.5,20.8,20.8
Middle,SCAN,SCAN:2196,1,2928,2456,-90.3899,42.70785,0.6700839483262202,0.540168586657737,0.12991536166848316,0.7976008431832246,0.5955121410321084,0.20208870215111618,2.7,-21.3,24,18.6
Middle,SCAN,SCAN:2197,5,2860,2387,-104.71068,40.822799999999994,0.554581799641036,0.5881682142726895,-0.03358641463165346,0.7893803666645303,0.6952024642585475,0.09417790240598278,35.1,25.8,9.3,-9.3
Middle,SCAN,SCAN:2198,5,2670,2475,-117.08008,46.78372999999999,0.6518016219116984,0.68339235006772725,-0.03159072815602881,0.8917346421492512,0.9094313618597367,-0.017696719710485476,-16,-29.6,13.600000000000001,13.600000000000001
Middle,SCAN,SCAN:2199,9,1998,1965,-96.88162,31.47907,0.509027617516411,0.3252542904543779,0.1837733270620331,0.7736488945111963,0.8245297121391513,-0.05088081762795493,9,-35.3,44.3,26.299999999999997
Middle,SCAN,SCAN:2200,8,2972,2945,-100.50748,31.5496,0.5115947886665764,0.33977105757231885,0.17182373109425753,0.622522161890835,0.712371940773393,-0.08984977888255807,-7.3,-33.7,26.400000000000002,26.400000000000002
Middle,SCAN,SCAN:2201,5,2724,2696,-99.86657,33.44635,0.6536366483612167,0.674108707013706,-0.020472058652489245,0.8218437488033984,0.7992304504699235,0.022613298333474918,2.1,-11.2,13.299999999999999,9.1
Middle,SCAN,SCAN:2202,10,2376,2244,-99.2464,34.01635,0.616166065475062,0.4775723642721472,0.1385937012029148,0.8214720247860426,0.8134416727479183,0.0080303520381243,13.8,-26.4,40.2,12.599999999999998
Middle,SCAN,SCAN:2203,9,2384,2357,-98.19563,32.24535,0.5284584267934813,0.5804300932776505,-0.05197166648416918,0.7458542192802237,0.805071367554427,-0.059217148274203324,9.1,-23,32.1,13.9
Middle,SCAN,SCAN:2204,6,2716,2689,-99.75517000000002,29.21578,0.5088740832693919,0.3767601567977391,0.13211392647165277,0.54344856995173485,0.5977157766795038,-0.05426720672776897,-2.6,-47.4,44.8,44.8
Middle,SCAN,SCAN:2205,2,2257,2228,-97.95927,26.15553,0.750731452612591,0.3862572827800027,0.3644741698325883,0.7543256697060101,0.737919222312589,0.01640644739342112,-1.6,-55.1,53.5,53.5
Middle,SCAN,SCAN:2206,7,1313,1265,-97.88223,27.54945,0.18972577608213947,0.5056810350646599,-0.3159552589825204,0.5386835279873092,0.7479863538448122,-0.20930282585750293,-12,0.4,-12.4,-11.6
Middle,SCAN,SCAN:2207,8,2175,2063,-94.29283,30.06844999999999,0.43606763544315363,0.5607075202492129,-0.12463988480605925,0.569769999137047,0.6339846252355225,-0.0642146260984755,6.8,-24,30.8,17.2
Middle,SCAN,SCAN:2214,1,1908,1872,-120.6872,41.05204,0.30173111156512444,0.5807243482057278,-0.2789932366406034,0.7531903318268279,0.8241359849011873,-0.0709456530743594,-15.3,13.4,-28.700000000000003,-1.9000000000000004
Middle,SCAN,SCAN:2215,6,2732,2069,-119.12645,38.26477,-0.37177726950851553,-0.20727406496288747,-0.16450320454562806,0.63017991006718,0.7022003557276899,-0.07202044566050991,120.8,116.6,4.200000000000003,-4.200000000000003
Middle,SCAN,SCAN:2216,8,1412,1120,-119.9534,40.87959,0.38071337831235463,0.2660178192761382,0.11469555903621642,0.7654163360095241,0.6592208479073198,0.10619548810220425,-41.6,-47.3,5.699999999999996,5.699999999999996
Middle,SCAN,SCAN:2217,1,2908,2882,-120.55463,36.54417,0.15602788028955017,-0.0021100982290260806,0.15813797851857625,0.5751116679238981,0.2364293130215852,0.3386823549023129,-43.8,-21.1,-22.699999999999996,-22.699999999999996
Middle,SCAN,SCAN:2218,8,2542,2512,-122.55083,40.79361000000001,0.4757514963746746,0.550669709981267,-0.07491821360659234,0.9247861250951587,0.8817080384457512,0.04307808664940749,-13.6,35.2,-48.800000000000004,21.6
Middle,SCAN,SCAN:2219,8,1975,1948,-119.47831,34.97018,0.5551668129155436,0.3540104476955209,0.20115636522002267,0.7926106628559819,0.7104234653880711,0.08218719746791081,-12.1,48,-60.1,35.9
Middle,SCAN,SCAN:2220,6,2678,2553,-90.78278,39.15306,0.5399867085699825,0.502807757335604,0.03717895123437853,0.5672295550593046,0.717828235973476,-0.1505986809141714,15.6,-28.6,44.2,13.000000000000002
Middle,SCAN,SCAN:2223,4,1660,1293,-92.13475,38.52557000000001,0.6811770355687602,0.5890156484103886,0.09216138715837163,0.8412031796298645,0.6166560769567433,0.22454710267312117,22.5,-5.8,28.3,-16.7
Middle,SCAN,SCAN:2227,9,1200,1200,-90.80639,38.47889,0.7507435405230145,0.7263357726597819,0.02440776786323262,0.8466740289746627,0.7970411589844733,0.049632869990189454,-4,-18.3,14.3,14.3
Middle,SCAN,SCAN:2229,4,987,766,-115.2212,40.636970000000005,0.5377840037987769,-0.34613997087497306,0.88392397467375,0.6156316272939341,0.7644221365437563,-0.1487905092498223,-17.4,17.3,-34.7,-0.09999999999999787
Middle,SCAN,SCAN:581,10,2855,2234,-105.18702,47.21415,-0.31265376089340613,0.11193456165915283,-0.42458832255255896,0.6071861514456338,0.4177229521712499,0.18946319927438393,123.8,61.1,62.699999999999996,-62.699999999999996
Middle,SCAN,SCAN:674,1,6380,4552,-115.99643000000002,43.32268,0.20434205182925436,-0.16822395563228798,0.37256600746154234,0.632810038515587,0.4424254601674389,0.19038457834814815,60.5,91.8,-31.299999999999997,31.299999999999997
Middle,SCAN,SCAN:808,3,5198,4122,-111.58655,45.80272,0.11686612130356877,0.2883880717386068,-0.17152195043503804,0.35445078251027856,0.4245287871015027,-0.07007800459122415,-43.2,-40.2,-3,-3
Middle,SNTL,SNTL:1006,8,5724,4923,-116.8647,40.35719999999999,0.7247778473652031,0.6532882357165866,0.07148961164861656,0.7841571968647536,0.7173317553093376,0.06682544155541603,7.3,-3,10.3,-4.3
Middle,SNTL,SNTL:1013,5,6993,5866,-111.54605,41.79299999999999,0.647520874737703,0.24978213241279235,0.3977387423249107,0.7283346657138043,0.6086013661429027,0.11973329957090162,15.6,-2.4,18,-13.2
Middle,SNTL,SNTL:1014,4,3820,2883,-106.02802,39.79565000000001,-0.5276282398247536,-3.8861829982262286,3.3585547584014748,-0.18131495256342856,-0.02141295834415675,-0.15990199421927181,79.4,476.5,-397.1,397.1
Middle,SNTL,SNTL:1015,6,6232,4219,-107.2574,41.40107,0.11411436014045462,-0.12663106153574155,0.24074542167619617,0.32875812738135124,0.11595166043893182,0.21280646694241942,29.7,46.2,-16.500000000000004,16.500000000000004
Middle,SNTL,SNTL:1016,2,6710,4896,-116.08878,44.78835000000001,0.07051891960068546,-0.6007547366381325,0.671273656238818,0.19454846732603182,0.060121907228052565,0.13442656009797926,18.8,23.9,-5.099999999999998,5.099999999999998
Middle,SNTL,SNTL:1017,10,3732,2723,-106.81361,36.02653,0.2523664982336561,0.18053272090899353,0.07183377732466256,0.6703525926388447,0.6735588693295103,-0.0032062766906655327,65.6,74.2,-8.600000000000009,8.600000000000009
Middle,SNTL,SNTL:1030,5,3383,2505,-106.38141,40.35098,0.5291070794842343,0.30750786563683785,0.22159921384739645,0.732045654542553,0.7148257587736052,0.01721989576894778,-18.4,24.8,-43.2,6.400000000000002
Middle,SNTL,SNTL:1033,1,6640,4526,-106.59544,40.79492,0.5831315478922425,0.20635412310858847,0.37677742478365406,0.6010310184405023,0.354673638044441,0.2463573803960613,6.6,45.8,-39.199999999999996,39.199999999999996
Middle,SNTL,SNTL:1034,5,6136,4807,-105.79467,33.40682,-0.5625811408897285,-0.3136404293487478,-0.24894071154098074,0.08110226497836591,0.018498244542500857,0.06260402043586505,112.1,62.1,49.99999999999999,-49.99999999999999
Middle,SNTL,SNTL:1039,7,6939,5390,-111.60992,40.283,0.5989323671455152,0.7275553133580985,-0.1286229462125833,0.7658109968676526,0.7374819965806224,0.028329000287030226,2.8,-7.1,9.899999999999999,4.3
Middle,SNTL,SNTL:1042,5,5793,4741,-105.6025,40.201,0.5140188651253758,-0.19587594570995304,0.7098948108353288,0.7058169403137324,0.4925439872248227,0.21327295308890976,9,105.2,-96.2,96.2
Middle,SNTL,SNTL:1045,3,4786,3816,-105.38571,41.22824,0.308568650303353,0.2808709320763868,0.027697718226966206,0.5258487934671128,0.5869579729355295,-0.06110917946841676,13.9,-0.7,14.6,-13.200000000000001
Middle,SNTL,SNTL:1046,10,3924,2936,-106.23101,41.23843,0.4398311460696416,0.2735815175569988,0.1662496285126428,0.6595878540975371,0.530963728219098,0.12862412587843908,-38.7,-34.4,-4.300000000000004,-4.300000000000004
Middle,SNTL,SNTL:1047,3,2744,2217,-106.94284,41.070510000000006,0.38378690533060256,0.6208986067866309,-0.23711170145602833,0.46059978482866765,0.6711112656127957,-0.210511480784128,-27.6,-5.8,-21.8,-21.8
Middle,SNTL,SNTL:1049,8,6378,4196,-119.9597,38.68245,0.41890548071220424,0.43259082390632175,-0.013685343194117516,0.7379968408128423,0.5672512246486772,0.17074561616416517,-50.5,-36.3,-14.200000000000003,-14.200000000000003
Middle,SNTL,SNTL:1050,7,6213,4559,-119.88732000000002,38.83652,-1.4892783043884803,-0.6085598216124277,-0.8807184827760526,0.6119286803442505,0.740819812912413,-0.12889113256816243,239.5,154.9,84.6,-84.6
Middle,SNTL,SNTL:1051,6,5739,4339,-119.89419999999998,38.71943,0.5815522309187144,0.5538122568480952,0.027739974070619233,0.7837650058218619,0.7269573068935951,0.05680769892826687,-20.4,-14.4,-5.999999999999998,-5.999999999999998
Middle,SNTL,SNTL:1052,7,5576,4957,-119.53522,38.39747,-0.748660571350678,-3.469763910016699,2.721103338666021,0.3808560371509669,0.30985314278158516,0.07100289436938173,143.4,426.7,-283.29999999999995,283.29999999999995
Middle,SNTL,SNTL:1053,2,1411,NA,-116.46312,48.72263,0.23861614717684076,NA,NA,0.8790591599462725,NA,NA,74.6,NA,NA,NA
Middle,SNTL,SNTL:1054,6,6530,5583,-111.81702,40.992,0.7506318925877827,0.6837516696921544,0.06688022289562834,0.7986082153979707,0.8342666610953298,-0.0356584456973591,-6.1,-7.7,1.6000000000000005,1.6000000000000005
Middle,SNTL,SNTL:1056,3,4471,3729,-111.48749,41.35891,0.58880508587528,0.03538073690951915,0.5534243489657609,0.8608808948401075,0.6616525442709301,0.19922835056917743,36.4,90.3,-53.9,53.9
Middle,SNTL,SNTL:1059,3,2707,2373,-106.5988,38.16273,0.42435889580194697,-0.0024551962919259207,0.4268140920938729,0.527896111677608,0.23064888158547875,0.2972472300921292,-31.3,-19.3,-12,-12
Middle,SNTL,SNTL:1060,10,4363,3530,-108.11405,37.50356,-0.3305644292549492,0.6166158560147614,-0.9471802852697107,0.5469594393255924,0.6924368008054619,-0.14547736147986945,-45,-22.8,-22.2,-22.2
Middle,SNTL,SNTL:1065,5,6383,5682,-113.94235,37.49616999999999,0.46969425975415713,0.366778498186494,0.10291576156766313,0.6555780726897232,0.513379448756998,0.1421986239327252,-17.7,-38.9,21.2,21.2
Middle,SNTL,SNTL:1066,8,5731,4177,-113.45988,37.40083,0.02663577185193977,0.014111439368034273,0.012524332483905498,0.630777846634651,0.47454610223873916,0.1562317443959118,87.9,81.4,6.5,-6.5
Middle,SNTL,SNTL:1067,5,6120,3744,-120.00220000000002,38.692699999999995,0.36046282208870906,0.4334150138371424,-0.07295219174843337,0.5307287505738106,0.6193955397040232,-0.08866678913021253,-39.9,-25.2,-14.7,-14.7
Middle,SNTL,SNTL:1080,3,375,NA,-121.19713,48.92755,0.19614692292154723,NA,NA,0.75949933975808,NA,NA,76.6,NA,NA,NA
Middle,SNTL,SNTL:1081,9,5687,3917,-117.03667000000002,47.855830000000005,0.6642653801040498,0.5405025811163449,0.12376279898770493,0.7363027875133992,0.8319062223923945,-0.09560343487899536,-18.1,3.9,-22,-14.200000000000001
Middle,SNTL,SNTL:1082,8,2553,1805,-110.92783,43.77933,0.5608562626003923,0.247176560553111,0.31367970204728135,0.6815612106164092,0.6103093077137333,0.07125190290267591,-17.3,-5.5,-11.8,-11.8
Middle,SNTL,SNTL:1083,6,3515,3212,-105.52706,36.1279,0.43548984367998755,0.2712666322714882,0.16422321140849938,0.6774746885414593,0.6350061752971051,0.04246851324435419,3.3,54.6,-51.300000000000004,51.300000000000004
Middle,SNTL,SNTL:1084,8,554,554,-123.27563,45.24755,0.6159965146919848,0.631128190003254,-0.015131675311269244,0.6345356177692614,0.8820066779139262,-0.2474710601446648,-10.7,-16.3,5.600000000000001,5.600000000000001
Middle,SNTL,SNTL:1097,5,4192,3042,-110.43395,39.67712,0.46122084103278227,0.28154695505706395,0.17967388597571832,0.6719279680948561,0.7355054721267397,-0.06357750403188356,-39.6,-54.4,14.799999999999997,14.799999999999997
Middle,SNTL,SNTL:1098,6,3672,2726,-111.50603,41.86424999999999,0.6058690483735669,0.41676889899697456,0.18910014937659236,0.6634117363173512,0.6608163674072478,0.0025953689101033683,-0.1,2,-2.1,1.9
Middle,SNTL,SNTL:1099,3,3154,2753,-112.16788,38.07125,0.7165676812605489,0.35913376227010063,0.3574339189904483,0.8196370901665979,0.5129429743933732,0.3066941157732247,18.7,-15.2,33.9,-3.5
Middle,SNTL,SNTL:1110,3,4900,4013,-115.62972000000002,36.2493,0.23733238802723022,0.3914351199202284,-0.15410273189299817,0.3480239016548983,0.572498481161601,-0.22447457950670263,10.5,42.1,-31.6,31.6
Middle,SNTL,SNTL:1111,4,4767,3611,-115.69543,36.31575,0.3554792791732784,0.09611676669175706,0.2593625124815213,0.6252174712995683,0.5795556655656575,0.045661805733910765,-21.6,77.2,-98.80000000000001,55.6
Middle,SNTL,SNTL:1112,5,4433,3355,-115.67508,36.30537000000001,0.36189521200821073,-0.01971877568067204,0.38161398768888277,0.47071754512927183,0.4441444752552903,0.026573069873981503,-19.6,84.9,-104.5,65.30000000000001
Middle,SNTL,SNTL:1114,3,3987,2213,-111.4693,41.9215,0.6620571357491483,0.4353446148264878,0.22671252092266048,0.7085044064431812,0.8692143840915534,-0.16070997764837214,-10.4,1.4,-11.8,-9
Middle,SNTL,SNTL:1115,6,4417,3667,-111.59713,41.96769,0.8459336962540076,0.7227074625691465,0.12322623368486108,0.8870847872210794,0.7426154259684529,0.14446936125262655,2.7,-1.2,3.9000000000000004,-1.5000000000000002
Middle,SNTL,SNTL:1116,5,3407,2670,-110.3529,40.5502,-1.0355471996573113,-0.4876511554759364,-0.5478960441813749,0.6840505123808317,0.5650523409368089,0.1189981714440228,201.1,140.1,61,-61
Middle,SNTL,SNTL:1117,1,2494,2010,-110.00527,40.83867999999999,0.6549793373855589,0.376300307920559,0.2786790294649999,0.7979599881998738,0.4602177117215116,0.3377422764783622,-3.9,-15.7,11.799999999999999,11.799999999999999
Middle,SNTL,SNTL:1118,8,3126,2391,-111.35947,41.22155,0.5501751542023401,0.05257952977460689,0.4975956244277332,0.7086563073000235,0.1762399732507608,0.5324163340492627,-29.3,29.7,-59,0.3999999999999986
Middle,SNTL,SNTL:1119,8,2215,1636,-106.714,41.05623,-1.2060166879775895,-1.4330200344703257,0.22700334649273612,0.6507746392757351,0.3370538006106953,0.3137208386650398,217.8,232,-14.199999999999989,14.199999999999989
Middle,SNTL,SNTL:1121,4,3929,3477,-111.74479,35.26773,0.2957500822481165,-0.03729432614499273,0.3330444083931092,0.3736968760319083,0.09519941583058691,0.2784974602013214,-27.9,-39.1,11.200000000000003,11.200000000000003
Middle,SNTL,SNTL:1123,6,1944,1618,-105.7654,40.51154,-0.8974268511695569,-0.1761136645447996,-0.7213131866247573,0.5729186088314144,0.31416345468906004,0.2587551541423544,184.9,75.3,109.60000000000001,-109.60000000000001
Middle,SNTL,SNTL:1125,6,3948,3559,-111.50868,34.96942,0.3963188580817498,0.6163752364973762,-0.22005637841562642,0.526801755828942,0.6599707462638277,-0.13316899043488573,-23,-17.1,-5.899999999999999,-5.899999999999999
Middle,SNTL,SNTL:1130,1,897,856,-109.3774,43.6748,-0.4960476356297514,-0.3370154929062992,-0.15903214272345223,0.21978788882230385,0.2111208251779681,0.008667063644335754,122.1,83.7,38.39999999999999,-38.39999999999999
Middle,SNTL,SNTL:1133,10,2164,1769,-109.4112,42.7121,0.36423151313690094,0.34294581715843464,0.0212856959784663,0.737498674402514,0.7725057440566567,-0.035007069654142686,-57.2,-34.2,-23,-23
Middle,SNTL,SNTL:1134,10,2842,2253,-109.0883,42.5801,-0.355177283241251,0.2798229420098334,-0.6350002252510843,0.7095356873000858,0.6088095073203806,0.10072617997970512,128.5,55.2,73.3,-73.3
Middle,SNTL,SNTL:1135,9,4681,4249,-110.85075,40.98492,0.3339029940652274,0.30016316478501637,0.03373982928021102,0.5794837822898173,0.5071875296082119,0.07229625268160544,-51.6,-47.5,-4.100000000000001,-4.100000000000001
Middle,SNTL,SNTL:1136,3,3635,3013,-116.3408,41.3187,0.7681638294005722,0.549246124661427,0.21891770473914518,0.7981762302578533,0.7452931810454345,0.05288304921241882,5.3,-11.1,16.4,5.8
Middle,SNTL,SNTL:1137,4,3552,2929,-115.9834,39.4495,-0.5434077896532925,0.18377079332297774,-0.7271785829762702,0.7650518414173795,0.5816741537401949,0.18337768767718454,152.5,69.9,82.6,-82.6
Middle,SNTL,SNTL:1138,3,4864,4248,-108.94556,36.17716,0.4273265054825519,0.408644501472591,0.018682004009960895,0.7399402290213886,0.6217874340429247,0.11815279497846387,-41.2,-34.8,-6.400000000000006,-6.400000000000006
Middle,SNTL,SNTL:1139,9,3355,3103,-112.06221,35.26238,0.4372104169869787,0.1835241178342496,0.2536862991527291,0.6793771866074148,0.552405174222518,0.12697201238489675,-40.5,-30.8,-9.7,-9.7
Middle,SNTL,SNTL:1140,3,3573,3112,-111.38262,34.45551999999999,0.5806114379426099,0.27531593247417485,0.3052955054684351,0.7087641371945905,0.6017368152870667,0.10702732190752384,-28.7,-47.8,19.099999999999998,19.099999999999998
Middle,SNTL,SNTL:1141,2,2751,2259,-106.74504,38.99070999999999,-1.5736430726474877,-2.6766702906639175,1.1030272180164298,0.4984336155962743,0.5069799349489759,-0.008546319352701559,252.1,364.3,-112.20000000000002,112.20000000000002
Middle,SNTL,SNTL:1142,4,4531,3442,-115.7957,46.49597,0.271053584164056,0.699634943432418,-0.42858135926836205,0.5040954686697773,0.8758604170569183,-0.371764948387141,53.4,1.7,51.699999999999996,-51.699999999999996
Middle,SNTL,SNTL:1145,3,4069,2527,-111.41249,41.24764,0.38516544105303907,0.7245548255613583,-0.33938938450831924,0.614475893145597,0.7734036431586936,-0.15892775001309656,47.7,6.6,41.1,-41.1
Middle,SNTL,SNTL:1146,4,4124,3175,-112.192,39.3485,0.419481831167381,0.4154135949016312,0.004068236265749814,0.6954158420773177,0.6257729551323697,0.06964288694494791,1.4,-12,13.4,10.6
Middle,SNTL,SNTL:1147,4,3262,2093,-114.31021,39.00995000000001,0.07414057554692233,-1.390111531578829,1.4642521071257515,0.6445517500006638,0.6713854879080727,-0.02683373790740895,78.8,236.1,-157.3,157.3
Middle,SNTL,SNTL:1148,6,2576,2075,-112.65037,37.70463,0.3448871486292123,0.33027540703575264,0.014611741593459682,0.6671726941496646,0.5104869089827858,0.1566857851668788,-46.2,-35.7,-10.5,-10.5
Middle,SNTL,SNTL:1149,5,3338,2634,-111.76693,38.50455,0.11440547256994571,4.1291980926649874e-4,0.11399255276067921,0.7782317652364497,0.4720239246378625,0.30620784059858713,85.5,79.2,6.299999999999997,-6.299999999999997
Middle,SNTL,SNTL:1150,8,3484,2619,-114.62762,39.5579,0.32130618209481365,0.17283138847237234,0.14847479362244131,0.780017865497029,0.6973483204208923,0.08266954507613666,61.3,72,-10.700000000000003,10.700000000000003
Middle,SNTL,SNTL:1151,4,2947,1985,-113.41154,41.91562,0.42165288621722885,0.27188462909677,0.14976825712045883,0.7655155572018245,0.6005806059944757,0.1649349512073488,-37.1,8.8,-45.900000000000006,-28.3
Middle,SNTL,SNTL:1153,6,3228,1977,-109.44717,37.86943,0.45157310060014677,0.36647899116024396,0.08509410943990281,0.6862232266962256,0.6817961961582139,0.004427030538011745,-19.9,-28.6,8.700000000000003,8.700000000000003
Middle,SNTL,SNTL:1154,9,2816,2478,-112.85674,37.67994,0.6233772244424147,0.4149349464823753,0.20844227796003945,0.67458019364997035,0.6034073301449946,0.07117286350497576,8.7,28.6,-19.900000000000002,19.900000000000002
Middle,SNTL,SNTL:1155,8,3830,3450,-114.64863,39.46138,-0.37224397312173907,-0.47265803855337096,0.1004140654316319,0.6751127730354024,0.5406216235326484,0.13449114950275398,129.6,139.9,-10.300000000000011,10.300000000000011
Middle,SNTL,SNTL:1156,9,4072,2811,-112.00779,38.49746,0.38862381886375685,0.06035197158957162,0.32827184727418524,0.8529472610701031,0.7174839569605583,0.13546330410954477,56.4,80.5,-24.1,24.1
Middle,SNTL,SNTL:1162,9,3122,2481,-110.5828,40.95813999999999,0.3155530541324625,0.2597348265434355,0.05581822758902699,0.8292942814983839,0.5076183770381087,0.32167590446027516,56.8,27.7,29.099999999999998,-29.099999999999998
Middle,SNTL,SNTL:1163,6,3867,2922,-110.54056,40.88472,-0.12320785223157671,0.35922034536044933,-0.48242819759202604,0.5228988625496065,0.512736952506099,0.010161910043507527,-35.7,-40.2,4.5,4.5
Middle,SNTL,SNTL:1164,9,748,489,-111.04469,40.47733,0.44147203806400903,0.710147786006436,-0.268675747942427,0.657866149831433,0.8477583557680857,-0.18989220593665268,-13.1,8.2,-21.299999999999997,-4.9
Middle,SNTL,SNTL:1168,6,2394,2042,-105.45617,36.58195,-0.17565449289653268,-3.2697362757019954,3.0940817828054628,0.3094679978640815,0.3271629004251994,-0.017694902561117887,75.4,417.2,-341.79999999999995,341.79999999999995
Middle,SNTL,SNTL:1169,10,2006,1892,-105.2392,36.787650000000006,-0.20415847612792315,-0.2386161280992034,0.034457651971280256,0.12132274418411683,0.08727540473045857,0.03404733945365826,-17.7,28.5,-46.2,10.8
Middle,SNTL,SNTL:1170,1,4257,3914,-105.33038,36.40869,-0.5328301423208408,-4.6338686645501195,4.1010385222292784,0.7097007302097927,0.36711766874513524,0.3425830614646575,150,559.7,-409.70000000000005,409.70000000000005
Middle,SNTL,SNTL:1173,9,2160,1544,-106.54805,36.00469,0.3941846309809798,-0.0539890537767016,0.4481736847576814,0.5004864660252873,0.7432089863336752,-0.2427225203083878,5.2,89,-83.8,83.8
Middle,SNTL,SNTL:1184,3,3993,2975,-111.68892,38.7882,0.5961109935433744,0.3984800385193288,0.1976309550240456,0.8177696386278357,0.7811675032165514,0.03660213541128432,-27.2,-30.2,3,3
Middle,SNTL,SNTL:1185,4,1844,1281,-108.18376,37.78968,0.6710008807846052,0.37367909653185316,0.297321784252752,0.6797414200148622,0.7510717426636959,-0.07133032264883377,-0.1,4.7,-4.8,4.6000000000000005
Middle,SNTL,SNTL:1187,10,2187,1778,-105.75472,40.03589999999999,0.0262796306328843,0.4452793758375031,-0.4189997452046188,0.04769756802294707,0.5228781773653107,-0.47518060934236367,20.3,-9.5,29.8,-10.8
Middle,SNTL,SNTL:1192,4,3624,2735,-110.66068,40.84456,0.12715673510638592,0.16366338332653385,-0.03650664822014793,0.38705223102646696,0.5111184522101746,-0.12406622118370764,-46.3,-48.6,2.3000000000000043,2.3000000000000043
Middle,SNTL,SNTL:1194,1,3611,2629,-118.99663,41.48953,-0.0066344367342798805,0.299477577526883,-0.30611201426116286,0.579827519166537,0.6099063420357373,-0.030078822869200383,90.3,26,64.3,-64.3
Middle,SNTL,SNTL:1195,4,3867,3422,-117.58812,40.88358,0.6848057904644003,0.4175147229495213,0.26729106751487897,0.7374237850644909,0.5357927664954436,0.2016310185690473,-16.4,-4.1,-12.299999999999999,-12.299999999999999
Middle,SNTL,SNTL:1196,10,3012,2721,-106.34697,41.378330000000005,0.5506868726671698,0.2643345784190463,0.2863522942481235,0.6307736384136038,0.4016959257129588,0.22907771270064498,-25.2,-24.8,-0.3999999999999986,-0.3999999999999986
Middle,SNTL,SNTL:1197,5,3236,2109,-112.77495,37.74797,0.5132811858298268,0.3137396960753217,0.19954148975450514,0.6905185679645933,0.6090466863183699,0.08147188164622343,37.4,14,23.4,-23.4
Middle,SNTL,SNTL:1212,1,3679,3652,-111.60497,34.86142,0.4013248043774229,0.11578762475169446,0.28553717962572844,0.4367719998878917,0.49137009122515507,-0.054598091337263344,-18.7,-46.6,27.900000000000002,27.900000000000002
Middle,SNTL,SNTL:1214,7,2502,2087,-112.25233,40.46182,-12.292413348942322,-5.987708992562127,-6.304704356380195,0.7785848560092521,0.7604230448357644,0.018161811173487696,1299.6,689.9,609.6999999999999,-609.6999999999999
Middle,SNTL,SNTL:1215,8,3248,2880,-109.29164,38.48167,0.37376473172330416,0.315175844091386,0.05858888763191816,0.787338778636318,0.7121072890855005,0.07523148955081749,16.5,-9.7,26.2,-6.800000000000001
Middle,SNTL,SNTL:1216,5,2296,2092,-111.30576,39.61774,0.5777135908921087,0.26763612895812017,0.31007746193398855,0.7097927315735262,0.5075704906051083,0.2022222409684179,-14,-42.1,28.1,28.1
Middle,SNTL,SNTL:1217,5,3069,2105,-111.72508,39.49667000000001,-0.6138028144616692,0.5914907535699454,-1.2052935680316146,0.5134376310617955,0.6894594457036108,-0.17602181464181532,153.8,-13.6,167.4,-140.20000000000002
Middle,SNTL,SNTL:1221,10,2998,2628,-111.48827,39.32019,0.5719220860625267,0.21020555016553033,0.36171653589699637,0.7231733870784641,0.7941533426152432,-0.07097995553677905,-31.9,-41.4,9.5,9.5
Middle,SNTL,SNTL:1222,9,2889,1786,-111.45383,39.30229,0.35573589685929696,0.1409083197950709,0.21482757706422606,0.5499167871282327,0.3720171510378463,0.17789963609038634,-10.4,8.1,-18.5,-2.3000000000000007
Middle,SNTL,SNTL:1223,4,3586,3053,-111.35971,40.18538000000001,0.6846462485446161,0.7714627432068931,-0.08681649466227703,0.8218626323810735,0.8019144122854074,0.019948220095666103,-13.8,-8.9,-4.9,-4.9
Middle,SNTL,SNTL:1224,9,2702,2306,-111.50527,39.13648,0.5013999745499995,0.21506479011504032,0.2863351844349592,0.5798269034464174,0.429015005067781,0.1508118983786364,-8.5,-38,29.5,29.5
Middle,SNTL,SNTL:1225,10,3214,2722,-111.21765,40.67505,0.5216024523162905,0.3989023653687942,0.12270008694749635,0.8367724422894876,0.6266355522286421,0.21013689006084546,41.6,22.4,19.200000000000003,-19.200000000000003
Middle,SNTL,SNTL:1226,7,3452,2555,-111.51998,39.23803000000001,0.22791164865308255,0.18526064133514508,0.04265100731793747,0.6050747642129097,0.6028804269973785,0.0021943372155311947,-44.7,-62.6,17.9,17.9
Middle,SNTL,SNTL:1227,8,2683,2183,-111.2491,39.4155,0.5399199944409261,0.5074106340401856,0.032509360400740483,0.737181973433291,0.7160697331532735,0.021112240280017458,24.8,-19.4,44.2,-5.400000000000002
Middle,SNTL,SNTL:1228,3,2209,1272,-111.35685,39.13233,0.4462573847173935,0.22365735586737745,0.22260002885001606,0.5817885625370858,0.6236993491809213,-0.04191078664383552,-35.9,-43.7,7.800000000000004,7.800000000000004
Middle,SNTL,SNTL:1236,3,2437,1879,-110.37906,39.65795,0.5317551904227351,0.18464792399129992,0.3471072664314352,0.738191459562523,0.6808207553582158,0.05737070420430712,-14.3,-38,23.7,23.7
Middle,SNTL,SNTL:1242,5,3077,2236,-119.8771,39.25259,0.5250793778110385,0.3477070643371163,0.17737231347392224,0.8277124090564096,0.7915616034671297,0.036150805589279966,25.4,56.6,-31.200000000000003,31.200000000000003
Middle,SNTL,SNTL:1243,10,3304,2784,-115.22014,40.863800000000005,0.6674316001300851,0.47346837536649233,0.19396322476359273,0.8735585605193301,0.834801313374635,0.038757247144695084,14.7,45.4,-30.7,30.7
Middle,SNTL,SNTL:1244,10,3220,2468,-115.12067000000002,40.86293,0.8121675712965797,0.6815417506391519,0.13062582065742778,0.8967193155170063,0.80343021841077,0.09328909710623634,2.4,20.7,-18.3,18.3
Middle,SNTL,SNTL:1247,9,2560,1915,-113.98262,39.74104,0.30556866853346665,0.23990062655901678,0.06566804197444986,0.675889561380344,0.7052398269737666,-0.029350265593422686,-23.8,-7.5,-16.3,-16.3
Middle,SNTL,SNTL:1248,4,2696,2112,-112.92949,37.59711,0.5340448448195115,0.4879729450538485,0.04607189976566306,0.7054227480825738,0.699542119171523,0.005880628911050789,-31.7,-19.1,-12.599999999999998,-12.599999999999998
Middle,SNTL,SNTL:1249,4,1654,1336,-111.33981,38.048,0.45629205810085316,0.23929401234435255,0.2169980457565006,0.8097454447519633,0.5445492936044275,0.2651961511475358,-18.7,-17.8,-0.8999999999999986,-0.8999999999999986
Middle,SNTL,SNTL:1251,3,2047,1801,-105.58486,40.13632,0.2937408438928165,0.11445274996134414,0.17928809393147238,0.7390583940168369,0.4544130897470056,0.2846453042698313,-18.3,29.6,-47.900000000000006,11.3
Middle,SNTL,SNTL:1254,3,2777,1843,-105.62949,36.07196,0.32360160126647874,0.15017475322886342,0.17342684803761532,0.45637328765537305,0.34606861080276274,0.1103046768526103,-35.4,-17.3,-18.099999999999998,-18.099999999999998
Middle,SNTL,SNTL:1258,1,432,412,-120.71574,41.98609,0.3402901445333957,NA,NA,0.3973585767754651,NA,NA,26.8,NA,NA,NA
Middle,SNTL,SNTL:1261,2,2426,1803,-110.77241,38.07,0.413774592619647,0.24546910384314025,0.16830548877650675,0.7469799230424574,0.6116316257011887,0.13534829734126874,-17.3,4.5,-21.8,-12.8
Middle,SNTL,SNTL:1262,4,2858,2285,-115.9364,41.58008,0.7080267923905814,0.13682462969964315,0.5712021626909383,0.787396254413875,0.8273273676622892,-0.03993111324841425,17.6,79.5,-61.9,61.9
Middle,SNTL,SNTL:1269,1,2043,1609,-110.7933,37.97793,0.2993963244345995,0.29626567293279804,0.0031306515018014736,0.7310879916844415,0.7147125203802319,0.016375471304209577,50.2,24.7,25.500000000000004,-25.500000000000004
Middle,SNTL,SNTL:1271,8,2601,1998,-109.76531,33.97121,0.6247620632168913,0.3011759632059886,0.3235861000109027,0.6850127949832298,0.4251272663266944,0.25988552865653536,-18.9,-37.1,18.200000000000003,18.200000000000003
Middle,SNTL,SNTL:1272,4,1618,1211,-115.08316000000002,41.8642,0.5748622856370982,0.48337337826441196,0.09148890737268622,0.8012738063402686,0.7562345727972757,0.045039233542992885,20.3,45.4,-25.099999999999998,25.099999999999998
Middle,SNTL,SNTL:1277,4,2147,1268,-120.60805,40.68799,0.08638280887286409,0.21548936804653507,-0.12910655917367098,0.4613370483662739,0.7603398809661205,-0.29900283259984656,73.7,51.2,22.5,-22.5
Middle,SNTL,SNTL:1278,6,1614,1143,-112.15349,38.94569,0.33196479929671263,0.2563233050352203,0.07564149426149236,0.5648554475855392,0.6743635072403734,-0.10950805965483423,22.3,-1.6,23.900000000000002,-20.7
Middle,SNTL,SNTL:2029,4,6364,4333,-116.8431,43.28863,0.7437410059225307,0.665210425340854,0.07853058058167672,0.8080467918180035,0.7600649304658729,0.04798186135213067,-15.7,-2.1,-13.6,-13.6
Middle,SNTL,SNTL:2170,10,3966,3077,-117.62069,39.46544,0.6273381313996104,0.3332703746892588,0.29406775671035157,0.7889493881600171,0.6752331607904576,0.11371622736955955,10.9,17.1,-6.200000000000001,6.200000000000001
Middle,SNTL,SNTL:306,7,4369,2895,-115.23907,43.7569,-0.30035010311394017,-0.4294222835048134,0.1290721803908732,0.1750399565809919,0.0935086645110909,0.08153129206990099,99.1,86.4,12.699999999999989,-12.699999999999989
Middle,SNTL,SNTL:308,8,2784,2784,-111.40651,34.456540000000004,-0.7425771288966085,0.023106800908828884,-0.7656839298054374,0.5915258261527656,0.8205804389130148,-0.2290546127602492,165.3,91.9,73.4,-73.4
Middle,SNTL,SNTL:310,1,6925,5350,-109.50357,33.97845,-0.15867268915985266,0.5073710045266057,-0.6660436936864583,0.5711267757680654,0.6803413181451095,-0.10921454237704409,90,10.2,79.8,-79.8
Middle,SNTL,SNTL:312,7,3394,2840,-115.23447,44.30342,0.5488521815906364,-0.44232753327858054,0.991179714869217,0.8816167142399933,0.687037058142383,0.1945796560976103,38.6,138.8,-100.20000000000002,100.20000000000002
Middle,SNTL,SNTL:321,9,2526,1845,-115.45278,41.83384000000001,0.6727103802568593,0.44461000299797315,0.2281003772588861,0.8448351148702249,0.7972468659996608,0.04758824887056412,-20.9,28.3,-49.2,7.400000000000002
Middle,SNTL,SNTL:329,5,6425,5865,-111.55813,39.13683,0.5469996336120316,0.26184821555024407,0.28515141806178756,0.7435096077241983,0.5844341460280665,0.15907546169613174,-37.3,-51.5,14.200000000000003,14.200000000000003
Middle,SNTL,SNTL:330,9,6293,4624,-111.09782,40.61233,0.5650975767310413,0.6987935917684289,-0.1336960150373876,0.7837239823859301,0.7685295784373175,0.0151944039486126,0.1,18.5,-18.4,18.4
Middle,SNTL,SNTL:332,9,6830,5340,-111.94405,41.37603,-0.032652681015019835,0.2144766701436055,-0.24712935115862533,0.6641495518774734,0.5585598121694808,0.10558973970799257,92.1,54.7,37.39999999999999,-37.39999999999999
Middle,SNTL,SNTL:333,4,6544,4816,-111.92103,41.38291,0.8982177450925637,0.5391139309358575,0.3591038141567062,0.9042748469143457,0.7675223879304938,0.1367524589838519,-3,37.4,-40.4,34.4
Middle,SNTL,SNTL:334,2,4085,3119,-114.62278000000002,39.31917,0.4485377810476745,0.3112906388369626,0.13724714221071188,0.6098450468033022,0.5963177035222929,0.013527343281009352,-16.8,-15.1,-1.700000000000001,-1.700000000000001
Middle,SNTL,SNTL:335,9,4543,2744,-105.77786,39.80364,0.46512326655777836,0.11014013106544862,0.35498313549232974,0.7096057322086464,0.6035576134769134,0.10604811873173303,-1.3,68.8,-70.1,67.5
Middle,SNTL,SNTL:336,7,4672,3956,-115.6931,41.76168,0.47570353913788965,0.6885481788084586,-0.212844639670569,0.8612626871404443,0.8191295006965544,0.04213318644388986,-46.1,-18.4,-27.700000000000003,-27.700000000000003
Middle,SNTL,SNTL:337,9,4235,3678,-117.11506,39.29148,0.7343460130618084,0.5305074420831468,0.20383857097866154,0.8224546138443691,0.7046752758653035,0.11777933797906559,-2.2,-32.6,30.400000000000002,30.400000000000002
Middle,SNTL,SNTL:339,6,4198,2806,-112.35672,38.30183000000001,0.2844131694106752,0.15568931412089593,0.12872385528977925,0.39523743637873004,0.19859802922390565,0.1966394071548244,-24.2,7.9,-32.1,-16.299999999999997
Middle,SNTL,SNTL:340,1,4588,3761,-119.9422,39.455,0.3207180405711695,0.48802778896453514,-0.16730974839336565,0.7842620787409967,0.6799144638148678,0.10434761492612898,63.9,31.9,32,-32
Middle,SNTL,SNTL:342,10,3428,2037,-109.25965,42.6458,-1.635893564507748,-0.47185955308315086,-1.164034011424597,0.8397973915976534,0.7246458496293137,0.11515154196833977,255.5,141,114.5,-114.5
Middle,SNTL,SNTL:348,3,5250,3405,-111.59765,38.6799,0.16415143590195214,0.44559001639808227,-0.28143858049613013,0.5925204556211955,0.5213708243630376,0.07114963125815787,71.3,27.9,43.4,-43.4
Middle,SNTL,SNTL:349,10,1060,756,-113.43095,46.414,-3.433247884300097,-1.5468426514243605,-1.8864052328757364,0.41059629910444,0.6771276403074579,-0.26653134120301786,438.8,252.1,186.70000000000002,-186.70000000000002
Middle,SNTL,SNTL:356,1,5256,4797,-119.92455,38.60801,0.6126486535939519,-0.04895497114047287,0.6616036247344248,0.7799157707215109,0.4958935644345212,0.28402220628698965,23.3,92,-68.7,68.7
Middle,SNTL,SNTL:358,10,875,638,-107.5811,44.67881,-0.1799680665743233,-0.7447292985295748,0.5647612319552515,0.32856750416779384,0.14913811278796268,0.17942939137983116,85.1,133.3,-48.20000000000002,48.20000000000002
Middle,SNTL,SNTL:359,4,2498,1559,-114.19272,42.16442,0.46633344472385885,0.7167841978832101,-0.2504507531593513,0.6400998514466383,0.851729135614942,-0.21162928416830373,38.4,13.6,24.799999999999997,-24.799999999999997
Middle,SNTL,SNTL:364,4,5465,3933,-112.01856,38.50809,0.5496377362130878,0.6100226409414546,-0.060384904728366884,0.6296531843683343,0.6219866710060337,0.00766651336230062,1,0.1,0.9,-0.9
Middle,SNTL,SNTL:366,1,5416,3516,-111.58167,40.59936,0.5261436873106281,0.6110792157029765,-0.08493552839234841,0.8385668248808957,0.7976164367659034,0.0409503881149923,-8.7,2.1,-10.799999999999999,-6.6
Middle,SNTL,SNTL:367,2,1383,669,-106.23038,41.36038,0.5429062781261282,0.23683698723999125,0.306069290886137,0.7912341923404157,0.738119290248635,0.053114902091780714,23.1,2.6,20.5,-20.5
Middle,SNTL,SNTL:368,3,3318,2768,-110.58587,40.58102,0.4616534289654135,-0.05187819060689902,0.5135316195723125,0.7153410405015478,0.2610368089700315,0.4543042315315163,24,55.3,-31.299999999999997,31.299999999999997
Middle,SNTL,SNTL:369,9,4790,3897,-106.54231,39.08758,-0.3619613364063987,-0.1054993309520813,-0.2564620054543174,0.024652257761125573,0.11261835848755367,-0.08796610072642809,-63.6,-17,-46.6,-46.6
Middle,SNTL,SNTL:371,10,5461,4107,-111.43722,39.134,0.3456255506003958,0.28081724434346433,0.06480830625693146,0.5283699310445575,0.4921304137161564,0.03623951732840114,-30.7,-42.6,11.900000000000002,11.900000000000002
Middle,SNTL,SNTL:373,10,5781,3550,-117.53181999999998,41.75067,0.6294019137452982,0.7891623738733126,-0.15976046012801437,0.7133279329290887,0.8597857240839923,-0.14645779115490365,21.7,-3.2,24.9,-18.5
Middle,SNTL,SNTL:374,1,5651,3231,-111.41987000000002,41.68541,0.5094093874939005,0.6331471768188437,-0.12373778932494317,0.5551175880391025,0.710598372329456,-0.1554807842903535,-13.7,21.2,-34.9,7.5
Middle,SNTL,SNTL:378,6,6881,4217,-107.59902,39.87504,0.6396909886208004,0.43351951454310655,0.20617147407769387,0.7021499982679815,0.6312824457613854,0.07086755250659615,1,-21,22,20
Middle,SNTL,SNTL:380,6,6174,3110,-106.95327,38.89435,0.5507363916801324,0.14539710530825334,0.4053392863718791,0.6998977806547385,0.5815624357961942,0.11833534485854436,20.5,74.4,-53.900000000000006,53.900000000000006
Middle,SNTL,SNTL:383,4,6976,5378,-109.48723,37.81333000000001,0.5752540988412942,0.695749094356009,-0.12049499551471476,0.7646574876002429,0.7818810915280764,-0.01722360392783351,-0.6,-15.2,14.6,14.6
Middle,SNTL,SNTL:387,7,3997,3349,-107.80287,37.657509999999995,0.5983846903036609,0.07662104785150825,0.5217636424521527,0.7552987238286997,0.6226564003952375,0.13264232343346216,22.9,84.2,-61.300000000000004,61.300000000000004
Middle,SNTL,SNTL:390,2,6511,4705,-112.74093,37.66098000000001,0.5220848190495196,0.41020324724956336,0.11188157179995628,0.7536710482073959,0.4716230009257209,0.28204804728167504,-7.2,11.7,-18.9,4.499999999999999
Middle,SNTL,SNTL:392,6,6141,3735,-111.04765,40.85464,0.62368871145503,0.5409667672804795,0.08272194417455048,0.7746020381461751,0.644066183638087,0.13053585450808813,-29.2,-19.4,-9.8,-9.8
Middle,SNTL,SNTL:393,4,6878,4501,-111.06954,40.88529,0.489048077767416,0.49363180330855605,-0.00458372554114006,0.8663306161753249,0.736411402107944,0.12991921406738094,34.5,42.5,-8,8
Middle,SNTL,SNTL:395,1,549,463,-121.80662,43.22625,-0.6036878953294231,-2.1597835954500653,1.5560957001206421,0.7298904806904583,0.31958343886355045,0.4103070418269078,136.2,306.9,-170.7,170.7
Middle,SNTL,SNTL:396,9,3716,3145,-110.0105,40.77458,0.4772892118857466,0.33692245565454937,0.1403667562311972,0.8397935701590086,0.4575004360750121,0.38229313408399646,42.4,13,29.4,-29.4
Middle,SNTL,SNTL:399,9,5698,3620,-111.28363,39.86671,0.5182427818978403,0.6736782711926443,-0.155435489294804,0.7042200443443953,0.7339401564382136,-0.029720112093818307,30.2,18.6,11.599999999999998,-11.599999999999998
Middle,SNTL,SNTL:400,8,5849,3916,-111.25154,39.89275,0.42505239708673026,0.5196562956823447,-0.09460389859561447,0.7385853154009188,0.7033797655928645,0.03520554980805424,44.9,1.6,43.3,-43.3
Middle,SNTL,SNTL:415,7,1838,1559,-106.17154,39.48917,0.4292825456235626,0.27178847788326543,0.15749406774029717,0.8352808594029862,0.6547103818059162,0.18057047759707,17.9,37.7,-19.800000000000004,19.800000000000004
Middle,SNTL,SNTL:417,8,5015,3516,-115.54017,40.27551,0.45536299497077526,-0.25397117858695095,0.7093341735577262,0.7403579170556305,0.6537014019182491,0.08665651513738137,43.5,120.4,-76.9,76.9
Middle,SNTL,SNTL:424,3,3952,3070,-111.99384,44.437000000000005,0.6136257039001611,0.6189945802928702,-0.00536887639270911,0.8400414779463224,0.7374696596376856,0.10257181830863682,-33.9,-26.8,-7.099999999999998,-7.099999999999998
Middle,SNTL,SNTL:425,7,2661,2186,-115.28903,46.56394,0.6393854865177651,0.6785431751090095,-0.039157688591244466,0.718046795990382,0.7377213512590186,-0.019674555268636595,-16.9,-10.2,-6.699999999999999,-6.699999999999999
Middle,SNTL,SNTL:428,3,5621,4910,-120.36807,39.32565000000001,0.6557025875917348,-0.23792234604627094,0.8936249336380058,0.8323153637841632,0.6378411201649372,0.19447424361922594,-6,117.9,-123.9,111.9
Middle,SNTL,SNTL:430,8,4219,3536,-105.19988,37.20939,0.3897865593375839,-0.8322296077988076,1.2220161671363914,0.7016368904024176,0.3397689606693133,0.36186792973310433,-8.5,169.3,-177.8,160.8
Middle,SNTL,SNTL:432,2,5633,4146,-111.08993,40.35746999999999,0.4826536305635081,0.3462773337447962,0.13637629681871188,0.8216461370407129,0.7834569638510218,0.03818917318969106,46,56.1,-10.100000000000001,10.100000000000001
Middle,SNTL,SNTL:435,10,5032,4289,-111.25677,40.2953,0.36169715347457077,0.022841176339030933,0.33885597713553983,0.8034372553764711,0.6104771338274352,0.19296012154903597,54.3,79,-24.700000000000003,24.700000000000003
Middle,SNTL,SNTL:443,3,6329,5283,-115.84421,39.56361,0.4177520961484137,0.3937279556872275,0.024024140461186172,0.738951114621963,0.6600314681174333,0.07891964650452965,-45.2,-46,0.7999999999999972,0.7999999999999972
Middle,SNTL,SNTL:444,5,6422,4682,-111.46875,39.04554,0.7028740393894228,0.6032199083536507,0.09965413103577214,0.7137722772625865,0.6066933557029726,0.10707892155961396,2.9,4.1,-1.1999999999999997,1.1999999999999997
Middle,SNTL,SNTL:445,2,6345,5500,-118.18934000000002,41.96737,0.6474723405249423,0.7413993686619496,-0.09392702813700726,0.7495235949033512,0.7690877757426833,-0.01956418083933209,3.4,5.5,-2.1,2.1
Middle,SNTL,SNTL:450,9,2044,1425,-114.67417000000002,43.602500000000006,0.7185774286075504,-0.22343705542205328,0.9420144840296036,0.7511375725652252,0.805350264578433,-0.054212692013207775,0.9,105.8,-104.89999999999999,104.89999999999999
Middle,SNTL,SNTL:452,6,4890,3816,-111.47412,38.2084,0.5155934649358314,0.5379743419821272,-0.022380877046295877,0.6408043480884481,0.5971457602994842,0.04365858778896392,32.3,22.5,9.799999999999997,-9.799999999999997
Middle,SNTL,SNTL:453,3,5835,3937,-115.21104,40.893429999999995,0.6618765648892325,0.7603926184981475,-0.09851605360891502,0.8090422849245124,0.8378972628786256,-0.028854977954113292,-20.5,-10.6,-9.9,-9.9
Middle,SNTL,SNTL:454,8,6571,4000,-115.3234,41.661,0.5030762345389094,0.49441704216036597,0.008659192378543401,0.622686920571099,0.7430343553909379,-0.1203474348198389,-32,-34.8,2.799999999999997,2.799999999999997
Middle,SNTL,SNTL:455,10,6757,4088,-111.5377,41.41288999999999,0.5246638255191527,0.3679215733168134,0.15674225220233928,0.8135492199428757,0.7931034757489864,0.020445744193889226,20.7,58.4,-37.7,37.7
Middle,SNTL,SNTL:457,9,6446,3782,-106.7814,40.5337,0.29016607263513217,0.19145310844385566,0.09871296419127651,0.4573074151433357,0.4073222737821227,0.049985141361213015,10.1,45.2,-35.1,35.1
Middle,SNTL,SNTL:460,7,2609,2254,-110.2023,43.13097,0.48835949935513767,0.6125857122683407,-0.12422621291320302,0.7009249702280296,0.7119976672467754,-0.011072697018745803,-20.4,-14.4,-5.999999999999998,-5.999999999999998
Middle,SNTL,SNTL:461,9,5774,3839,-109.53179,39.31213,0.5864354468188289,0.5829495328077064,0.003485914011122415,0.7604645943924572,0.6662332032816749,0.09423139111078227,-1.7,-8.2,6.499999999999999,6.499999999999999
Middle,SNTL,SNTL:462,5,6012,3743,-119.80468,38.5497,0.6436374594348786,-8.626838632339174,9.270476091774054,0.7459851395151145,0.5490020916148637,0.19698304790025079,-9,953.8,-962.8,944.8
Middle,SNTL,SNTL:463,6,7063,5663,-120.0795,38.849,0.6363437814303123,0.24850193474848814,0.3878418466818242,0.7938076697854834,0.5606635393491692,0.2331441304363142,25.3,60.2,-34.900000000000006,34.900000000000006
Middle,SNTL,SNTL:466,7,1501,669,-116.12233,46.83998,-0.6970990864732396,-0.1253247270694513,-0.5717743594037883,0.3404115137504279,0.7086887482999683,-0.3682772345495404,156.2,84.9,71.29999999999998,-71.29999999999998
Middle,SNTL,SNTL:473,8,7050,6205,-120.0545,38.93403,0.5983251074090294,0.4801067487202222,0.11821835868880726,0.8683680426463671,0.7916526689775681,0.07671537366879899,-34.7,-40.3,5.599999999999994,5.599999999999994
Middle,SNTL,SNTL:474,1,5876,4107,-111.80975,40.97462,0.6214884053200438,0.4076572921098327,0.2138311132102111,0.8838370163428974,0.7450787481893609,0.13875826815353642,-3.5,26.9,-30.4,23.4
Middle,SNTL,SNTL:475,8,5920,3701,-111.67662,38.77246,0.4215733830657409,0.3107557327350512,0.11081765033068969,0.6820367096796708,0.6672635943102999,0.01477311536937087,-28.4,-40.7,12.300000000000004,12.300000000000004
Middle,SNTL,SNTL:476,10,5073,2910,-116.10153,41.82097999999999,0.7165471221880999,0.6495962178046644,0.06695090438343554,0.7556742509072217,0.8446533838518407,-0.08897913294461901,12.3,-13.3,25.6,1
Middle,SNTL,SNTL:481,6,3688,2807,-110.46721,40.71785,0.5390791802092809,0.23923909468542826,0.29984008552385266,0.7095926814934295,0.47673104004648204,0.23286164144694743,-32.4,-28.2,-4.199999999999999,-4.199999999999999
Middle,SNTL,SNTL:484,9,6812,3840,-111.6012,42.05050000000001,0.7907880396345386,0.3999758142195513,0.3908122254149873,0.8436358105466731,0.5458435004738215,0.2977923100728517,-10.5,-7.4,-3.0999999999999996,-3.0999999999999996
Middle,SNTL,SNTL:485,6,2055,1809,-106.19784,39.38013999999999,0.22004506618913833,0.2710558595652247,-0.05101079337608638,0.8662255926329341,0.663566228850453,0.20265936378248106,-45.6,-20.2,-25.400000000000002,-25.400000000000002
Middle,SNTL,SNTL:490,6,2162,1702,-114.71363,43.87496999999999,0.40951646727746305,0.12451047468369136,0.2850059925937717,0.7673555652156084,0.7477749395761325,0.019580625639475935,54.3,63.4,-9.100000000000001,9.100000000000001
Middle,SNTL,SNTL:491,5,3491,3248,-105.55742,36.19418,0.4810141441713929,0.4167208685495586,0.06429327562183429,0.7652432197847436,0.636221474147002,0.1290217456377416,-3.5,17.7,-21.2,14.2
Middle,SNTL,SNTL:493,6,5852,2164,-111.1663,42.4132,0.4984074839538317,0.7164527108825741,-0.2180452269287424,0.6538036893838947,0.8571352788638418,-0.20333158947994712,-32,-20.7,-11.3,-11.3
Middle,SNTL,SNTL:495,10,6582,4654,-111.68333,38.80033999999999,0.40418875702292734,0.4041825651176174,6.1919053099268595e-6,0.6205647132540263,0.47325253848820664,0.14731217476581965,-2.3,-16.2,13.899999999999999,13.899999999999999
Middle,SNTL,SNTL:497,7,1757,1278,-110.43495,43.34298,-0.8113462136412635,0.5604769623567556,-1.371823175998019,0.7176887958629298,0.8236566915780051,-0.10596789571507537,-49.7,-40.2,-9.5,-9.5
Middle,SNTL,SNTL:498,4,6071,2543,-117.56668000000002,41.67032,0.44848606533587965,0.46281092663594625,-0.014324861300066605,0.46752792417056827,0.8439099374702503,-0.37638201329968207,-5.2,20.1,-25.3,14.900000000000002
Middle,SNTL,SNTL:503,5,6707,5630,-115.52757,40.3848,0.8506703684272587,0.5437510426312459,0.3069193257960129,0.8540865462233359,0.7184608204707638,0.13562572575257215,-3,22.1,-25.1,19.1
Middle,SNTL,SNTL:505,4,1779,1598,-105.8694,39.64645999999999,0.054095820042153187,-2.222158571742199,2.2762543917843523,0.43550247505537826,0.5046784421721296,-0.06917596711675139,41.6,314.8,-273.2,273.2
Middle,SNTL,SNTL:508,9,7233,6428,-119.9374,38.8519,0.39183563895023465,-0.1287703561504583,0.5206059951006929,0.9266278948535824,0.8123360374989804,0.11429185735460201,-32.9,110.5,-143.4,77.6
Middle,SNTL,SNTL:513,10,3948,1239,-110.62121,40.73785,0.4586890950166873,-0.44149067833812605,0.9001797733548134,0.5626508947557973,-0.3430614400377901,0.9057123347935874,-21.9,-26,4.100000000000001,4.100000000000001
Middle,SNTL,SNTL:514,6,5786,4994,-112.57602,37.48997,0.315037323580012,0.34544282733074483,-0.03040550375073281,0.5845208592393922,0.5108959124202184,0.07362494681917386,-20.2,-31,10.8,10.8
Middle,SNTL,SNTL:517,7,5365,4242,-110.88472,40.79669,0.4114483011505786,0.36998584157755243,0.04146245957302619,0.6553297786118872,0.5084425665072092,0.14688721210467803,-30.3,-10.1,-20.200000000000003,-20.200000000000003
Middle,SNTL,SNTL:518,2,6677,4254,-119.91641,38.92431,-1.1196017312018451,-2.4457747316358356,1.3261730004339904,-0.0710460158151012,0.155326918108401,-0.2263729339235022,-63,-68,5,5
Middle,SNTL,SNTL:521,6,5182,3648,-110.48419,40.95009,0.43374424323466987,0.4031652459358307,0.030578997298839172,0.8015575317145986,0.5363815309239518,0.26517600079064685,34.7,16,18.700000000000003,-18.700000000000003
Middle,SNTL,SNTL:522,5,3889,3219,-109.96287,40.90663,0.6508537594490948,0.29806879875052783,0.352784960698567,0.7875957487442368,0.4731744208942995,0.31442132784993726,-25.4,-44.6,19.200000000000003,19.200000000000003
Middle,SNTL,SNTL:524,8,2786,2200,-113.4723,44.01897,0.06443876242157065,0.35089495031081397,-0.2864561878892433,0.5605498459075818,0.5975735503269909,-0.037023704419409054,-61.5,-32.7,-28.799999999999997,-28.799999999999997
Middle,SNTL,SNTL:527,4,5387,3623,-115.0954,40.94168,0.5323768397953486,0.24116665611847998,0.2912101836768686,0.6924053428218823,0.3368873779499588,0.35551796487192344,-16,-15.2,-0.8000000000000007,-0.8000000000000007
Middle,SNTL,SNTL:528,1,3972,3589,-110.18623,40.92167,0.5237456895776051,0.27173322497681063,0.2520124646007945,0.8958974246252179,0.465414702738801,0.43048272188641695,20.5,27.1,-6.600000000000001,6.600000000000001
Middle,SNTL,SNTL:529,3,344,278,-122.56877,43.66917,0.6155247885280954,0.6441422206971457,-0.028617432169050216,0.9327055318351698,0.859554242424278,0.07315128941089177,-8.3,5.5,-13.8,-2.8000000000000007
Middle,SNTL,SNTL:531,10,2643,2513,-106.05999,39.36092,0.6170794261678005,0.08239282332572706,0.5346866028420735,0.825003660123204,0.6166467495295943,0.20835691059360972,27.5,83.4,-55.900000000000006,55.900000000000006
Middle,SNTL,SNTL:532,10,3111,2439,-106.2637,36.71632,0.579590935336245,0.49994827273193165,0.0796426626043133,0.6299314596602165,0.6092503024925668,0.020681157167649622,-13.5,-8.4,-5.1,-5.1
Middle,SNTL,SNTL:533,8,6199,3973,-111.44624,41.313720000000004,0.48259144183005565,-0.029693495773368772,0.5122849376034244,0.8682097341165672,0.7377854932794681,0.13042424083709914,49.9,99.5,-49.6,49.6
Middle,SNTL,SNTL:537,10,3478,3028,-114.15894,43.71077,0.5808571314166067,0.10657967819881498,0.4742774532177917,0.8321342084300537,0.8052245914889832,0.026909616941070524,22.8,82.6,-59.8,59.8
Middle,SNTL,SNTL:539,4,5843,3857,-120.29367,39.45269,0.4061855211792549,-0.17428104040960157,0.5804665615888565,0.8183559656420173,0.7939414769788764,0.024414488663140888,56.5,114,-57.5,57.5
Middle,SNTL,SNTL:540,3,5801,4186,-120.28226,39.49001,0.41467053918848595,0.4634925381750945,-0.04882199898660855,0.8383090755701191,0.8657667393515124,-0.02745766378139325,56.1,42,14.100000000000001,-14.100000000000001
Middle,SNTL,SNTL:541,3,6476,4317,-120.31341999999998,39.42752,0.42045947957317464,-0.1373597821304149,0.5578192617035895,0.5104952264679709,0.31848196180655103,0.19201326466141982,27.5,84.1,-56.599999999999994,56.599999999999994
Middle,SNTL,SNTL:543,2,4816,3400,-110.74604,39.89166,0.5837223005005941,0.27005861291786415,0.31366368758273,0.7652586515227825,0.3967708887340768,0.3684877627887057,-20.4,-17.8,-2.599999999999998,-2.599999999999998
Middle,SNTL,SNTL:546,1,1285,1285,-111.38512,44.4203,0.504685621960262,0.2940906873874223,0.21059493457283973,0.8996572256044335,0.8776387945199244,0.02201843108450907,45.6,43.6,2,-2
Middle,SNTL,SNTL:548,9,6316,4076,-116.00517000000002,41.54675,0.6870832463438932,0.7364975417940525,-0.049414295450159296,0.7235902884099084,0.7908042040245253,-0.06721391561461698,12.6,-7.1,19.7,-5.5
Middle,SNTL,SNTL:549,4,4794,3017,-116.01170000000002,41.5136,0.37928106636404035,0.4172319077565795,-0.037950841392539125,0.791294866723831,0.8523997816278086,-0.061104914903977625,52.6,40.8,11.800000000000004,-11.800000000000004
Middle,SNTL,SNTL:550,4,3395,2635,-115.44322,44.05092,0.5276799301556632,0.5122847506897098,0.015395179465953368,0.6907975650439898,0.8253987747748142,-0.13460120973082434,-35.3,41.3,-76.6,6
Middle,SNTL,SNTL:554,3,2467,1454,-110.80177,42.26554000000001,0.6749832357907697,0.30069637198213306,0.3742868638086366,0.7806810966129666,0.8203987920066506,-0.03971769539368397,-16.5,34.5,-51,18
Middle,SNTL,SNTL:557,6,4305,3355,-112.39273,38.48383,0.5605763717992771,0.28698425834358476,0.27359211345569234,0.6919234505392545,0.5132449254573752,0.1786785250818793,17.1,-23.8,40.900000000000006,6.699999999999999
Middle,SNTL,SNTL:559,9,5773,3691,-109.54401,40.71632,0.4666003432025684,0.45473558720111806,0.011864756001450316,0.6679981805120208,0.6109930908442545,0.057005089667766295,41.3,-31.4,72.69999999999999,-9.899999999999999
Middle,SNTL,SNTL:561,4,6957,4733,-113.05386,37.52664,0.7031073102742239,0.4823386785179019,0.220768631756322,0.7879690755452027,0.6362134251192904,0.15175565042591233,1.6,-1,2.6,-0.6000000000000001
Middle,SNTL,SNTL:566,4,4076,2839,-110.43316,40.59709,0.40614395472258347,0.44899944474288667,-0.0428554900203032,0.6511221441580771,0.6418436282154286,0.009278515942648502,-46.8,-40.7,-6.099999999999994,-6.099999999999994
Middle,SNTL,SNTL:569,5,6587,4036,-117.63197,41.51542,0.6780309329687615,-0.03765299786765164,0.7156839308364131,0.823727621070316,0.7970741730626654,0.026653448007650682,24.8,74,-49.2,49.2
Middle,SNTL,SNTL:570,7,5946,4131,-115.3812,40.6448,0.6067792842513866,0.2638290930657099,0.3429501911856767,0.8301525204589287,0.824739693138397,0.005412827320531721,16,70.7,-54.7,54.7
Middle,SNTL,SNTL:571,10,5185,3599,-105.86051,42.43566,0.41576766404874876,-0.09513318186470099,0.5109008459134498,0.7862396042387375,0.569543458936147,0.21669614530259051,53.2,95.9,-42.7,42.7
Middle,SNTL,SNTL:572,2,6434,4732,-109.27198,38.48225999999999,0.24020563139362416,0.32758418423128643,-0.08737855283766227,0.6792280715283426,0.5227206181326594,0.15650745339568328,66.3,47,19.299999999999997,-19.299999999999997
Middle,SNTL,SNTL:573,3,6635,2594,-116.02957,41.77636999999999,0.6848919128000828,0.6858079573292504,-9.160445291676034e-4,0.8177097800347606,0.7509578570705535,0.06675192296420707,-24.6,3.4,-28,-21.200000000000003
Middle,SNTL,SNTL:574,6,5808,3422,-119.61281,38.27593999999999,0.43359676204162756,-1.7419870820232863,2.175583844064914,0.7082200425040345,0.6631268086773214,0.04509323382671304,38.2,270,-231.8,231.8
Middle,SNTL,SNTL:575,9,6053,4892,-119.55111,38.30367,0.580033997436215,0.4454647925868148,0.13456920484940016,0.8049497874949144,0.8120010183895952,-0.007051230894680738,-34.9,-0.2,-34.699999999999996,-34.699999999999996
Middle,SNTL,SNTL:577,1,4678,4399,-110.66628,44.20862,0.01953978017018332,-0.040663229483497876,0.060203009653681194,0.762315249333465,0.6164419807658625,0.1458732685676024,94.7,95.7,-1,1
Middle,SNTL,SNTL:578,2,736,629,-110.96625,45.50410000000001,-0.03652143518466211,-0.7198056586873316,0.6832842235026695,0.12158720908384106,-0.048934415957828555,0.17052162504166962,-3.3,133.7,-137,130.39999999999998
Middle,SNTL,SNTL:579,4,5764,3696,-110.79813,40.864929999999994,0.39047867565164995,0.3306987291539839,0.05977994649766605,0.7173098294741173,0.5287040453341416,0.18860578413997564,48.6,42,6.600000000000001,-6.600000000000001
Middle,SNTL,SNTL:580,7,5835,3270,-106.54823,37.38028,0.2551429584243181,0.5501354194520985,-0.29499246102778043,0.7430020362286835,0.6410065597923309,0.10199547643635265,-35.3,-26.3,-8.999999999999996,-8.999999999999996
Middle,SNTL,SNTL:582,3,6827,5921,-111.82607,41.40562,0.7218874813959177,0.47715337125055224,0.2447341101453655,0.7966606588862479,0.6620232345438475,0.13463742434240045,-15.3,18,-33.3,2.6999999999999993
Middle,SNTL,SNTL:583,3,7033,5360,-113.84582,37.48631,0.5285633002315091,0.5329011090588067,-0.004337808827297618,0.8325962757765359,0.665801889938889,0.16679438583764694,27.3,-2.1,29.400000000000002,-25.2
Middle,SNTL,SNTL:586,4,3092,2506,-107.92475,37.79895,0.39864493495581266,0.4138592698451722,-0.015214334889359526,0.5713262202231523,0.5330897681081855,0.038236452114966735,-38.9,-25.1,-13.799999999999997,-13.799999999999997
Middle,SNTL,SNTL:587,9,5325,3819,-119.36572,38.43745,0.40452348142155936,-0.04304317359350751,0.44756665501506687,0.7287575215768586,0.7243992973572179,0.004358224219640716,51.4,99.6,-48.199999999999996,48.199999999999996
Middle,SNTL,SNTL:589,2,5790,3619,-108.19636,37.89169,0.4493790648861127,0.4265704618142705,0.02280860307184218,0.6438544175800888,0.63389922907034,0.009955188509748747,-3.1,12.2,-15.299999999999999,9.1
Middle,SNTL,SNTL:592,6,5919,4912,-113.39661,37.51255,0.41719901284055183,0.509068313486442,-0.09186930064589016,0.6495122600968004,0.6746990715305152,-0.025186811433714817,34.8,36.7,-1.9000000000000057,1.9000000000000057
Middle,SNTL,SNTL:593,6,6478,5302,-112.51458,37.48756000000001,0.717678119599197,0.4261390472479264,0.29153907235127063,0.7949704202564187,0.6812812827091671,0.11368913754725163,14.2,5.4,8.799999999999999,-8.799999999999999
Middle,SNTL,SNTL:594,2,5545,5283,-115.70457,47.45749,0.7857808954841943,0.6003498980374857,0.18543099744670855,0.9379009224869423,0.763190992201503,0.17470993028543935,1.3,13.5,-12.2,12.2
Middle,SNTL,SNTL:596,7,6174,4292,-111.70965,40.83731,-0.5354027834612514,-0.5543568832303705,0.018954099769119104,0.6537108393360396,0.7681966900218461,-0.11448585068580652,146.8,150.5,-3.6999999999999886,3.6999999999999886
Middle,SNTL,SNTL:607,8,4280,4044,-106.67095,40.07832,0.48230564098873996,0.5552963170691447,-0.07299067608040477,0.6878573889356951,0.7438946198368446,-0.056037230901149426,-14.1,-4,-10.1,-10.1
Middle,SNTL,SNTL:610,9,2970,2716,-114.28662,42.18072,0.7324362021910829,0.2507902285416691,0.48164597364941375,0.8943877018758081,0.8463476961164709,0.0480400057593372,-3.1,47.2,-50.300000000000004,44.1
Middle,SNTL,SNTL:612,8,5943,3415,-111.31818,39.68338,0.47357625063744024,0.3782392615222635,0.09533698911517674,0.6697146287994793,0.443010119838646,0.22670450896083327,-14.8,-16.8,2,2
Middle,SNTL,SNTL:615,6,6818,5751,-119.89672,39.16395,0.6956666217453134,0.11174186567626054,0.5839247560690528,0.8487806973522904,0.6901669947421379,0.1586137026101525,6.7,68.5,-61.8,61.8
Middle,SNTL,SNTL:621,3,5421,3080,-112.43637,38.30285,-2.8636061970177593,-0.3663444515805143,-2.497261745437245,0.640772836326606,0.3296167569597438,0.3111560793668622,379.8,118.6,261.20000000000005,-261.20000000000005
Middle,SNTL,SNTL:623,8,4161,3518,-116.26643,47.15044999999999,0.6733615575397329,0.48882878971047683,0.1845327678292561,0.9072727480203756,0.7362807583531693,0.1709919896672063,-23.3,34.6,-57.900000000000006,11.3
Middle,SNTL,SNTL:626,8,5091,2815,-112.83849,37.569329999999994,0.4486779677765199,0.37745725605271996,0.07122071172379996,0.49341073402457813,0.42947608218390027,0.06393465184067787,-6.2,14.2,-20.4,7.999999999999999
Middle,SNTL,SNTL:628,9,5134,4757,-111.63683,40.658829999999995,0.47038915269210024,0.10588345845299418,0.36450569423910606,0.8147592214843653,0.7538063785110238,0.06095284297334147,49.6,83.1,-33.49999999999999,33.49999999999999
Middle,SNTL,SNTL:631,5,6634,4247,-112.61141,40.49384,0.6925280745996354,0.592962864683936,0.099565209915699393,0.7967296165479022,0.6470270310203063,0.14970258552759586,2.2,-1.4,3.6,-0.8000000000000003
Middle,SNTL,SNTL:633,1,5623,4083,-119.60869999999998,38.6683,0.4973703608396026,0.6868764492273234,-0.18950608838772076,0.6794675621547392,0.8192485782798493,-0.13978101612511007,-36.7,-25.6,-11.100000000000001,-11.100000000000001
Middle,SNTL,SNTL:634,5,5641,3354,-111.49688,41.46547,0.6706059299839361,0.5025320747926179,0.16807385519131823,0.7594551886016427,0.5346446683444744,0.2248105202571683,5.1,-5.9,11,0.8000000000000007
Middle,SNTL,SNTL:640,7,3183,3013,-111.51864,34.94141,0.564183236388669,0.5739755103897903,-0.00979227400112137,0.8463842915761469,0.7918935131934381,0.05449077838270877,-14.9,-18.4,3.4999999999999982,3.4999999999999982
Middle,SNTL,SNTL:643,5,5081,3270,-109.8881,40.60797999999999,-0.08779324379645681,-0.04918971200633582,-0.03860353179012099,0.7601001935278558,0.16544712760531563,0.5946530659225402,98.2,62.1,36.1,-36.1
Middle,SNTL,SNTL:644,9,434,286,-119.08158000000002,48.36166,0.6571114620599092,0.30150174639082417,0.35560971566908506,0.7251002671587046,0.8682147914671138,-0.1431145243084092,3.2,28.7,-25.5,25.5
Middle,SNTL,SNTL:645,2,4122,2948,-116.23055,48.05726,0.7404116862426561,0.4988479523468198,0.2415637338958363,0.7700855609681334,0.6502946044676947,0.1197909565004387,-11.8,23.7,-35.5,11.899999999999999
Middle,SNTL,SNTL:652,6,3627,2580,-119.89473,39.31573,-0.24704691752143204,0.2302344957873168,-0.47728141330874885,0.3996450642439125,0.6530618488407088,-0.25341678459679634,107.7,53,54.7,-54.7
Middle,SNTL,SNTL:653,3,428,244,-117.17373,45.265220000000006,0.2675886287958257,0.21166666722806127,0.05592196156776441,0.3863896306029998,0.5648827027335135,-0.17849307213051369,-24.7,-22,-2.6999999999999993,-2.6999999999999993
Middle,SNTL,SNTL:654,2,4962,3323,-116.55925000000002,42.6004,0.4044979386969405,0.3895919966183703,0.014905942078570211,0.6749996657243722,0.7581818366730152,-0.083182170948643,43.8,43.6,0.19999999999999574,-0.19999999999999574
Middle,SNTL,SNTL:679,9,288,198,-121.74765,46.78265,0.6748605150755539,0.3111888680494276,0.3636716470261263,0.9110161501054064,0.8454216628188226,0.06559448728658379,-23.3,1.8,-25.1,-21.5
Middle,SNTL,SNTL:680,3,3598,2929,-106.58962,38.81982,0.4595999008299455,0.547765377075317,-0.08816547624537152,0.6318598775819477,0.6835575034990541,-0.05169762591710636,-38.3,22,-60.3,-16.299999999999997
Middle,SNTL,SNTL:682,1,2964,1753,-107.87951,39.04433000000001,0.11067477273308723,0.3426242027146056,-0.23194942998151835,0.6251593974394699,0.6947294001378606,-0.06957000269839064,-40.8,-35.3,-5.5,-5.5
Middle,SNTL,SNTL:684,8,5610,4398,-111.62917,40.76184,0.49566959813524547,0.5307479610734378,-0.03507836293819233,0.6152402676109179,0.6243250383957017,-0.009084770784783869,-32.6,-26,-6.600000000000001,-6.600000000000001
Middle,SNTL,SNTL:686,6,7210,4900,-111.63109,39.92976,0.5734557192106586,0.5184316969040538,0.05502402230660486,0.8019897491921333,0.5932256864311162,0.2087640627610171,-17.6,-19.9,2.299999999999997,2.299999999999997
Middle,SNTL,SNTL:688,9,1884,1853,-105.84606,40.39803,0.8220986325937011,-1.925463360165999,2.7475619927597,0.8328017528623306,0.694835468538119,0.13796628432421165,-2,289.6,-291.6,287.6
Middle,SNTL,SNTL:691,1,6875,3677,-111.58259,39.01219,0.6833016696844861,0.4048810340518735,0.27842063563261266,0.8014940097855668,0.691957732312203,0.10953627747336381,-23.9,-42.3,18.4,18.4
Middle,SNTL,SNTL:694,4,3967,3422,-112.24915,38.88185,0.31171465669197784,0.466780610996278,-0.15506595430430015,0.7838406162039024,0.5980593057393164,0.185781310464586,56,20.2,35.8,-35.8
Middle,SNTL,SNTL:697,5,6628,4435,-119.62624,38.50576,0.17990492731162333,0.39775999614749236,-0.21785506883586903,0.5796359329546152,0.5605002090455486,0.019135723909066593,-54.5,-32.3,-22.200000000000003,-22.200000000000003
Middle,SNTL,SNTL:698,9,3006,2239,-115.24713,41.87255,0.3857805721895977,0.17560436571286997,0.21017620647672774,0.6644047489320062,0.8253648414473186,-0.1609600925153124,46.8,63.3,-16.5,16.5
Middle,SNTL,SNTL:701,7,2486,1857,-106.33967,38.48864,0.20895710795380973,0.21508044732659448,-0.006123339372784753,0.5261236992366368,0.5120631223620061,0.014060576874630693,-57.7,-29.6,-28.1,-28.1
Middle,SNTL,SNTL:706,8,413,413,-120.82533,42.31923,0.4631241335178402,0.23233691608498275,0.23078721743285746,0.9006312295039696,0.9001898804230007,4.413490809688225e-4,50.2,76.1,-25.89999999999999,25.89999999999999
Middle,SNTL,SNTL:707,1,6307,5073,-117.08938,47.87927,0.8443039366008347,0.2711781244253,0.5731258121755347,0.8879498277466381,0.7081506354590691,0.17979919228756902,5.4,66.7,-61.300000000000004,61.300000000000004
Middle,SNTL,SNTL:708,2,3422,2701,-106.39179,35.92195,0.31570346983165465,0.2850667803699174,0.030636689461737254,0.762198883541059,0.6816133305031431,0.08058555303791592,53.8,34,19.799999999999997,-19.799999999999997
Middle,SNTL,SNTL:714,4,5692,4301,-111.27221,39.45197,0.5620420730059295,0.36465864260782466,0.1973834303981048,0.760092907240985,0.4732726272536142,0.2868202799873708,-34.7,-17.6,-17.1,-17.1
Middle,SNTL,SNTL:715,9,4425,3678,-105.34145,36.69935,-0.29234551789062047,-1.2250393866670692,0.9326938687764488,0.5987110850497871,0.4967178444423218,0.10199324060746529,120.1,213.7,-93.6,93.6
Middle,SNTL,SNTL:720,9,3611,3341,-110.69292,40.54875,0.30962934734456493,0.21453977356856235,0.09508957377600258,0.7444253373447525,0.5862651723760077,0.15816016496874474,64.1,66.6,-2.5,2.5
Middle,SNTL,SNTL:723,3,3871,3203,-112.22377,40.44293,0.4781948579601144,0.3634615870519079,0.11473327090820651,0.7799904672291309,0.5526253515183731,0.2273651157107578,44.1,-8.4,52.5,-35.7
Middle,SNTL,SNTL:724,1,6785,5332,-120.13139,38.99927,0.6579361462614304,0.11814489637478431,0.5397912498866461,0.7603069216894632,0.6351619072496709,0.1251450144397923,-10.2,69.4,-79.60000000000001,59.2
Middle,SNTL,SNTL:730,2,4040,3040,-110.9099,42.5075,0.6920479820383204,0.41921613007015346,0.27283185196816695,0.826542506799461,0.7152122095556185,0.11133029724384247,14.5,36.7,-22.200000000000003,22.200000000000003
Middle,SNTL,SNTL:732,10,1804,1203,-107.17043,41.11179,0.34093839409751137,0.26678274983462635,0.07415564426288501,0.6809903681521998,0.7619100099289466,-0.08091964177674682,-53.8,-53.4,-0.3999999999999986,-0.3999999999999986
Middle,SNTL,SNTL:735,7,4019,3802,-114.63333,46.46633,-0.3409398836531621,-0.15648803904064446,-0.18445184461251762,0.6470997841531553,0.4872887732134817,0.1598110109396736,-13.4,18.6,-32,5.200000000000001
Middle,SNTL,SNTL:736,5,765,469,-117.16522000000002,45.00107,-0.3081305685219795,0.4590758753539259,-0.7672064438759054,0.4836378728481104,0.7987130488277437,-0.31507517597963336,10.4,3,7.4,-7.4
Middle,SNTL,SNTL:737,2,2481,1881,-107.04933,39.01467000000001,0.32467591944231333,0.10296720058481612,0.2217087188574972,0.5340501830847986,0.6454020401986277,-0.11135185711382911,-30.7,54.4,-85.1,23.7
Middle,SNTL,SNTL:742,9,3750,3297,-111.43297,39.31042000000001,0.4350934162902008,0.02313027034442028,0.41196314594578054,0.7062857992354519,0.3125040000169022,0.39378179921854967,37.4,51.6,-14.200000000000003,14.200000000000003
Middle,SNTL,SNTL:744,2,2930,2130,-106.83408,36.001520000000006,0.3893297531767147,0.3062934535719757,0.08303629960473902,0.513309779004255,0.5099548280366992,0.003354950967555781,-28,-27.3,-0.6999999999999993,-0.6999999999999993
Middle,SNTL,SNTL:746,1,5845,3956,-115.47215,41.73732,0.4717509651992331,0.5170905817728941,-0.045339616573661035,0.659416939590545,0.7705996872398542,-0.11118274764930913,9.3,-9.3,18.6,0
Middle,SNTL,SNTL:747,9,6044,3991,-115.74216,46.56603,0.7590175301278058,0.056497694911069485,0.7025198352167363,0.9334552379506496,0.8132962119335126,0.1201590260171369,22.9,89.6,-66.69999999999999,66.69999999999999
Middle,SNTL,SNTL:749,8,3645,3367,-111.68792,43.2103,0.6878924540229008,0.730990952259394,-0.043098498236493255,0.77491014039619,0.7654409200859968,0.00946922031019315,14.9,-6.9,21.8,-8
Middle,SNTL,SNTL:750,10,8191,5174,-119.44464,41.90435,0.3608665294970851,0.20723705622579303,0.15362947327129206,0.5614187610854351,0.5575573686008594,0.003861392484575732,-10.9,32,-42.9,21.1
Middle,SNTL,SNTL:752,10,2507,601,-116.33972,46.95028,0.6103438899756555,0.6632149964358167,-0.052871106460161243,0.8588633483755602,0.7486754620006597,0.11018788637490051,-14.3,2.8,-17.1,-11.5
Middle,SNTL,SNTL:756,9,845,845,-121.18123,42.95615,0.49193184713478033,0.6117446355063885,-0.11981278837160814,0.9440116950946812,0.8485532207302524,0.09545847436442878,-35.7,-28.9,-6.800000000000004,-6.800000000000004
Middle,SNTL,SNTL:759,1,497,69,-118.68785,42.753330000000005,0.6906463505429454,-1.7692455572000667,2.459891907743012,0.8135051933230097,0.6700005387749303,0.14350465454807948,-19.6,274.9,-294.5,255.29999999999998
Middle,SNTL,SNTL:762,5,2947,2590,-107.20392,37.99076,0.459389134013082,0.26802747377314806,0.19136166023993395,0.5558934398517293,0.43646483069054476,0.11942860916118458,-30.3,-18,-12.3,-12.3
Middle,SNTL,SNTL:763,7,6095,3549,-111.09192,40.78931000000001,0.6234015769388792,0.2390937837897935,0.3843077931490857,0.7483131443932092,0.5333576198941598,0.21495552449904942,22.6,59.7,-37.1,37.1
Middle,SNTL,SNTL:764,7,2430,2044,-110.66917,44.13361,-0.9998360065530176,0.1842925585330889,-1.1841285650861066,0.7198120427830946,0.7943185142148244,-0.07450647143172973,190.8,62.1,128.70000000000002,-128.70000000000002
Middle,SNTL,SNTL:766,1,3683,2613,-111.65852,40.56914,0.4090118972731658,0.23323472639914877,0.175777170874017,0.7103196920214406,0.45708867393537544,0.2532310180860652,44.2,43.3,0.9000000000000057,-0.9000000000000057
Middle,SNTL,SNTL:770,4,5025,3142,-111.35933,42.952749999999995,0.7624710647615809,0.8358961029920322,-0.07342503823045132,0.7714030721266786,0.8745974914214312,-0.10319441929475259,5.7,3,2.7,-2.7
Middle,SNTL,SNTL:771,8,6606,4622,-119.6003,38.31021,0.6393945792868408,-0.3970985777235032,1.036493157010344,0.7696200904169912,0.7019684666637702,0.06765162375322098,-10.2,134,-144.2,123.8
Middle,SNTL,SNTL:772,1,1918,1476,-106.5025,41.32950000000001,0.3890828411828975,0.3056275168847373,0.08345532429816016,0.8370905175630226,0.6671965709145105,0.1698939466485121,-35.9,-22.4,-13.5,-13.5
Middle,SNTL,SNTL:774,8,5512,3235,-116.90037,42.76478,0.6994381431583552,0.46544792928136136,0.2339902138769938,0.8118624042138385,0.8012070190293855,0.01065538518445297,5.5,30.9,-25.4,25.4
Middle,SNTL,SNTL:778,2,6017,5188,-119.81741,38.66627,-0.041673164313585476,-0.8613321313399924,0.819658967026407,0.9119932528322624,0.8015839393881217,0.11040931344414073,91.4,159.2,-67.79999999999998,67.79999999999998
Middle,SNTL,SNTL:783,2,861,765,-114.33371,47.179019999999994,0.530346300364481,0.2174716031297682,0.31287469723471284,0.6871472981835631,0.7293799133903538,-0.04223261520679067,33.5,26.8,6.699999999999999,-6.699999999999999
Middle,SNTL,SNTL:784,9,6225,4669,-120.26576,39.18986000000001,0.5890543610265113,0.21664218570272753,0.3724121753237838,0.6191501711354234,0.2798977569168166,0.33925241421860675,-15.2,-9.3,-5.899999999999999,-5.899999999999999
Middle,SNTL,SNTL:790,1,5543,4448,-110.50462,40.90862,0.41745758058684956,0.4583208275340137,-0.040863246947164145,0.5011129314365272,0.529955049477456,-0.028842118040928733,-29.4,-23.9,-5.5,-5.5
Middle,SNTL,SNTL:792,6,2110,1975,-114.20902,43.861169999999994,0.1039079416290315,-1.6989574674100143,1.802865409039046,0.7903198074594814,0.5572890551346467,0.23303075232483472,86.3,266.2,-179.89999999999998,179.89999999999998
Middle,SNTL,SNTL:793,10,603,587,-105.9198,40.22532,0.3269073181972323,0.03942547527634488,0.2874818429208874,0.6062211251870857,0.33033311658751296,0.27588800859957274,-53.6,-42.8,-10.800000000000004,-10.800000000000004
Middle,SNTL,SNTL:795,10,6659,5141,-111.20665,40.16483,-0.055007136532934986,0.0261851216995852,-0.08119225823252019,0.8232703899615729,0.8171680832535425,0.006102306708030358,102.8,94.9,7.8999999999999915,-7.8999999999999915
Middle,SNTL,SNTL:798,7,736,477,-107.40035,44.72279,0.19973804127042616,-0.0622128079803308,0.26195084925075696,0.4586010464968926,0.4134740446729405,0.04512700182395207,51.9,37.8,14.100000000000001,-14.100000000000001
Middle,SNTL,SNTL:802,2,3986,3176,-106.1577,39.71802999999999,-0.0705175839702612,-0.7861818278765904,0.7156642439063292,0.6029665498771614,0.4842354183343925,0.11873113154276888,99.4,170.8,-71.4,71.4
Middle,SNTL,SNTL:803,1,1872,1441,-115.82422,47.55545000000001,0.19235325997014718,0.44045111879317844,-0.24809785882303126,0.7611385890297846,0.5876560098723173,0.17348257915746734,9,37.8,-28.799999999999997,28.799999999999997
Middle,SNTL,SNTL:805,8,3758,2462,-113.96887,43.626,0.21260268074856425,0.003698893576259965,0.2089037871723043,0.6223356864326199,0.8100239057993334,-0.18768821936671343,64.5,72.3,-7.799999999999997,7.799999999999997
Middle,SNTL,SNTL:809,5,6887,4868,-120.15362,39.17162,0.7613385307334631,0.7209374412832028,0.04040108945026033,0.91585900864729,0.8468462014799597,0.06901280716733027,-16.8,-1.5,-15.3,-15.3
Middle,SNTL,SNTL:811,6,6160,4545,-116.02930000000002,41.22870000000001,0.49399969635634566,0.5250078564326257,-0.031008160076280045,0.6842195688598469,0.615047389009503,0.06917217985034396,-34.2,-16.9,-17.300000000000004,-17.300000000000004
Middle,SNTL,SNTL:814,4,3870,3344,-111.53322,40.6235,0.5135190433845265,0.23950773080310572,0.27401131258142075,0.725124969221429,0.7824973239412536,-0.0573723547198246,40.1,72.6,-32.49999999999999,32.49999999999999
Middle,SNTL,SNTL:816,4,2619,1545,-110.57717,44.36916999999999,0.31860340506668405,0.6067305823749211,-0.288127177308237,0.4778807694809921,0.7375118424315171,-0.259631072950525,-30.5,-8.7,-21.8,-21.8
Middle,SNTL,SNTL:820,10,5918,4664,-111.61633,40.42817,0.16739817524338707,0.3865430105580907,-0.21914483531470363,0.5713531274413934,0.6128490959213462,-0.04149596847995274,70.1,47.1,22.999999999999993,-22.999999999999993
Middle,SNTL,SNTL:823,5,5328,3747,-111.62957,41.89833000000001,0.7951440737322913,0.5615571400275704,0.23358693370472094,0.864311355627008,0.6604157996765306,0.20389555595047737,-6.2,-6.2,0,0
Middle,SNTL,SNTL:826,7,741,381,-108.89572,42.695249999999994,-0.3907766362749854,-0.44323181844088033,0.052455182165894954,0.37954078859639706,0.16499611147978718,0.21454467711660988,124,112,12,-12
Middle,SNTL,SNTL:828,2,6326,4548,-110.94873,40.678,0.47496841698732906,0.3976525878979864,0.07731582908934265,0.6077926412777339,0.5591729004483422,0.04861974082939169,-32,-16.6,-15.399999999999999,-15.399999999999999
Middle,SNTL,SNTL:831,7,1522,1105,-110.5914,42.76393,0.4455207258374153,0.23827019187522736,0.20725053396218795,0.7672456820988749,0.8250393215564319,-0.057793639457557,50.2,47.7,2.5,-2.5
Middle,SNTL,SNTL:832,4,832,832,-120.29412,47.23328,0.7360009244689769,0.6257494289391311,0.11025149552984581,0.9608215529722522,0.8305981172105907,0.1302234357616615,-5,21.1,-26.1,16.1
Middle,SNTL,SNTL:833,7,4553,2958,-109.6728,40.739,0.5632404715085135,0.4348552167281632,0.12838525478035034,0.6147160993274431,0.6036782266465904,0.011037872680852656,-17.9,-22.2,4.300000000000001,4.300000000000001
Middle,SNTL,SNTL:834,2,7159,5476,-120.18407000000002,39.30087,0.29150886594441805,0.02251465655582774,0.2689942093885903,0.5262095128016028,0.7718857139308112,-0.2456762011292084,52.6,65.1,-12.499999999999993,12.499999999999993
Middle,SNTL,SNTL:835,2,1496,1494,-114.44755,46.14287,0.37005462852947235,0.4606919863715999,-0.09063735784212756,0.7892254722953591,0.5424415871687948,0.24678388512656435,-22.6,8.2,-30.8,-14.400000000000002
Middle,SNTL,SNTL:836,6,1252,1227,-114.5056,46.1438,0.5395194602402927,0.42702573993007276,0.11249372031021998,0.8186646297504554,0.4791882353837881,0.3394763943666673,-28.1,21.9,-50,-6.200000000000003
Middle,SNTL,SNTL:837,5,1525,1068,-110.22122,44.15178,0.31751055267769124,0.3355061882948539,-0.017995635617162664,0.4743211963217118,0.5056168714627195,-0.03129567514100767,-20,-16.4,-3.6000000000000014,-3.6000000000000014
Middle,SNTL,SNTL:839,1,3763,3075,-107.25971,37.72172,0.2722708236985131,0.2842179350134538,-0.01194711131494075,0.48864240708935597,0.3937913624975728,0.09485104459178317,-20.4,13.4,-33.8,-6.999999999999998
Middle,SNTL,SNTL:840,5,3743,1742,-106.83528,37.48563,0.47005224980764704,0.14509906103844228,0.32495318876920476,0.6277722152697857,0.6088772302309059,0.018894985038879764,-11.9,55,-66.9,43.1
Middle,SNTL,SNTL:844,1,6355,5663,-112.41478,39.93667000000001,-0.09387044446348836,0.5774520258925373,-0.6713224703560257,0.5734583011626789,0.6412661173092997,-0.06780781614662079,99,10.8,88.2,-88.2
Middle,SNTL,SNTL:846,1,6275,5481,-119.23433,38.07298000000001,-0.5490851568833923,-1.1822103241922992,0.6331251673089069,0.7377972179526193,0.7829824236255376,-0.04518520567291828,151.4,216.5,-65.1,65.1
Middle,SNTL,SNTL:848,5,6793,4822,-120.21865,39.13545,0.5825729732349494,0.6413804652367194,-0.058807492001770045,0.8397596354019037,0.6535364706394077,0.186223164762496,-30.6,-5.2,-25.400000000000002,-25.400000000000002
Middle,SNTL,SNTL:849,7,3998,3675,-114.95575,39.13242,0.3534544815360542,0.5704348576632905,-0.2169803761272363,0.7926408688257217,0.6860184533097416,0.10662241551598006,-34.7,5.6,-40.300000000000004,-29.1
Middle,SNTL,SNTL:853,7,7054,4832,-112.90155,37.575,0.47512551411306125,0.5251943815932691,-0.05006886748020789,0.8295600396553431,0.6257887156465757,0.2037713240087674,0.9,-4.1,5,3.1999999999999997
Middle,SNTL,SNTL:854,7,3313,2752,-105.54337,35.77584,0.1791458363407259,-0.026853866000356108,0.205999702341082,0.283904731895649,0.12022553341051764,0.16367919848513138,13.9,30.5,-16.6,16.6
Middle,SNTL,SNTL:857,8,4232,2571,-105.12262,37.21423,0.2681925788275126,0.3048797661706505,-0.03668718734313792,0.4009087277707669,0.5201260189304682,-0.11921729115970126,27.5,48.3,-20.799999999999997,20.799999999999997
Middle,SNTL,SNTL:861,6,4467,3227,-112.14966,35.141890000000004,0.10577811009532778,0.14340615015109826,-0.03762804005577047,0.383014250951426,0.5214056623631445,-0.13839141141171846,19,23.2,-4.199999999999999,4.199999999999999
Middle,SNTL,SNTL:862,8,734,642,-109.90987,45.04575,-2.110977380531803,-15.819561287639818,13.708583907108014,0.18174340247199292,0.13837805939304337,0.04336534307894954,300.1,1674.8,-1374.6999999999998,1374.6999999999998
Middle,SNTL,SNTL:864,5,5279,3548,-110.98845,39.9645,0.6350013239392134,0.039543091763605376,0.595458232175608,0.7014705462638389,0.692617866279616,0.0088526799842229,-17.9,85.5,-103.4,67.6
Middle,SNTL,SNTL:865,6,5319,3568,-111.88163,37.83633,0.24091576807048598,0.4879171245374936,-0.2470013564670076,0.4996727769199845,0.6225363016655493,-0.12286352474556478,49.2,-8.6,57.800000000000004,-40.6
Middle,SNTL,SNTL:867,2,2443,1491,-112.47783,42.75743,0.6189776545472601,0.383635744109034,0.23534191043822605,0.7500996656329836,0.768218023729986,-0.018118358097002463,9.8,-15.5,25.3,5.699999999999999
Middle,SNTL,SNTL:871,8,3606,2391,-115.00278,42.01257,0.5962311952118169,0.5933967700402349,0.0028344251715819446,0.8177618704520715,0.7440493549516429,0.07371251550042857,35.8,4.8,30.999999999999996,-30.999999999999996
Middle,SNTL,SNTL:872,4,4589,3319,-105.57782,42.27991,-1.2498148296122076,-0.4494467444364971,-0.8003680851757105,0.7289612026781145,0.6196091511423455,0.10935205153576899,223.2,139.7,83.5,-83.5
Middle,SNTL,SNTL:874,9,3474,2273,-106.80234,37.47903,0.5064572587999596,0.10304833097419575,0.4034089278257639,0.5441790846097997,0.30055900494088805,0.24362007966891164,-7.6,-28.3,20.700000000000003,20.700000000000003
Middle,SNTL,SNTL:895,7,3553,2763,-114.41812,43.7685,0.27988450523271846,0.49074897453155375,-0.2108644692988353,0.7626733922350387,0.8113535694607932,-0.04868017722575446,-57.9,-33,-24.9,-24.9
Middle,SNTL,SNTL:897,8,644,637,-121.47197,47.28312,-1.636962233101952,-2.2819566144224392,0.6449943813204873,0.05153984918534343,-0.08200315674817377,0.1335430059335172,245.3,307.8,-62.5,62.5
Middle,SNTL,SNTL:903,9,595,260,-112.50787,46.84234,-0.03445559239431528,0.022694997039044318,-0.0571505894333596,0.2875976982167231,0.5502587926937511,-0.262661094477028,-22.9,61.6,-84.5,38.7
Middle,SNTL,SNTL:907,2,5758,4533,-112.27118,37.52217,0.48763609448945455,0.423390026275973,0.06424606821348156,0.7623720691671678,0.6288911106897321,0.13348095847743568,-13,-26.3,13.3,13.3
Middle,SNTL,SNTL:914,3,3725,2719,-105.43666,37.85191999999999,0.38391123319174325,0.4230724174360895,-0.039161184244346225,0.7592595859644721,0.6653239494070712,0.09393563655740089,55.5,14.5,41,-41
Middle,SNTL,SNTL:921,7,2789,2277,-105.80584,35.7073,-8.532510827860998,-13.57757760350665,5.045066775645653,0.49804887816025034,0.5178909021559551,-0.019842023995704783,945.4,1452.3,-506.9,506.9
Middle,SNTL,SNTL:922,9,2195,1460,-105.78487,35.77154,0.2429343478012489,0.20690614051016476,0.036028207291084136,0.4586375087794458,0.41538077737700324,0.04325673140244257,48.9,-1.8,50.699999999999996,-47.1
Middle,SNTL,SNTL:926,1,3370,2102,-113.83402,43.72718,0.2866518720101573,0.14885884652936276,0.13779302548079453,0.6897485791586853,0.7859166595408489,-0.09616808038216362,-21.3,49.2,-70.5,27.900000000000002
Middle,SNTL,SNTL:935,1,2938,2756,-105.80355,39.57096,-0.49026282606751015,-7.02802781128316,6.53776498521565,0.4522548575572834,0.4800297936273165,-0.027774936070033118,138.6,798,-659.4,659.4
Middle,SNTL,SNTL:937,5,3328,2562,-105.91072,39.43579,0.6435847682799396,0.4289074030450758,0.2146773652348638,0.7688704890227915,0.6181022191755248,0.15076826984726677,25.7,36.1,-10.400000000000002,10.400000000000002
Middle,SNTL,SNTL:938,8,2683,1984,-106.11316,39.30378,0.4029213732037471,0.25691707909600225,0.14600429410774485,0.7698920965647656,0.6688151019645567,0.10107699460020891,-10.3,21.3,-31.6,11
Middle,SNTL,SNTL:939,8,3431,2974,-106.08063,39.02611,0.6548965988434493,0.2261175270682083,0.428779071775241,0.7909141267562947,0.6055737203557156,0.18534040640057914,-14.3,-3.7,-10.600000000000001,-10.600000000000001
Middle,SNTL,SNTL:940,8,4233,3052,-106.74833,40.81557,0.7846193654920345,0.18248259593247185,0.6021367695595626,0.8221059285302601,0.4274867751017367,0.3946191534285234,-2.4,41.8,-44.199999999999996,39.4
Middle,SNTL,SNTL:942,9,776,776,-121.94032,47.0444,0.059707715609219836,0.694667760368399,-0.6349600447591791,0.9485076643649463,0.9304522395317347,0.018055424833211542,19.5,27.9,-8.399999999999999,8.399999999999999
Middle,SNTL,SNTL:969,7,6694,5532,-111.41219,34.74594,0.2718968426804379,0.46906178762084383,-0.19716494494040593,0.7644426173978076,0.641160290080558,0.12328232731724964,39.2,-15.5,54.7,-23.700000000000003
Middle,SNTL,SNTL:970,3,844,805,-105.90655,39.7645,0.14396521747371283,-2.4263575538823643,2.5703227713560772,0.3319804629675852,0.24544624237306875,0.08653422059451646,-15.5,331.1,-346.6,315.6
Middle,SNTL,SNTL:971,3,8142,6131,-111.81372,40.93417,0.5585715347424791,0.6526042535479135,-0.0940327188054344,0.6960329996104493,0.6543581646830352,0.041674834927414084,-17.6,2.6,-20.200000000000003,-15.000000000000002
Middle,SNTL,SNTL:972,10,8007,6074,-111.76457,40.83032999999999,0.7327025007661692,0.4740788442993794,0.25862365646678975,0.8148807990583371,0.8467591858535852,-0.031878386795248126,19.2,32.5,-13.3,13.3
Middle,SNTL,SNTL:978,7,5347,2420,-116.09685000000002,43.76377,0.6015751115431663,0.5114798015482594,0.09009530999490689,0.6867995619894851,0.8269559285991873,-0.1401563666097022,-11.8,-18.9,7.099999999999998,7.099999999999998
Middle,SNTL,SNTL:979,4,6658,NA,-116.3366,44.37665,0.4825110519011716,NA,NA,0.7180834527722274,NA,NA,33.4,NA,NA,NA
Middle,SNTL,SNTL:983,6,5251,3559,-111.83355,37.9725,0.4649135490767543,0.47070679071133115,-0.00579324163457684,0.7376278574675719,0.5509750631699424,0.1866527942976295,45.7,15.1,30.6,-30.6
Middle,SNTL,SNTL:985,9,7046,4539,-117.39438,46.23718000000001,0.5601019265591733,0.6889027299857273,-0.12880080342655398,0.7406611072629735,0.7495897720330602,-0.008928664770086692,-33.4,-18.4,-15,-15
Middle,SNTL,SNTL:989,8,6003,5126,-116.8535,46.805,0.8523030009473977,0.612852710779981,0.2394502901674167,0.9181477825092059,0.7646586267771901,0.15348915573201583,-8.8,7.6,-16.4,-1.200000000000001
Middle,SNTL,SNTL:990,10,442,335,-121.2555,48.8793,0.37306772022819523,0.4655759269903439,-0.09250820676214866,0.7888211158014574,0.5575027468700292,0.2313183689314282,-59,-18.9,-40.1,-40.1
Middle,SNTL,SNTL:992,5,3689,2580,-110.8277,40.8852,0.2703366278772884,0.4532712521077603,-0.1829346242304719,0.8383855986781288,0.6542035808129291,0.18418201786519972,70.3,35.9,34.4,-34.4
Middle,UMRB Mesonet,AIDN8,9,871,222,-103.31629,46.48844,0.31487020346944117,0.250113206668929,0.06475699680051217,0.8944258390529619,0.9664401346265935,-0.07201429557363159,-29.7,-41.7,12.000000000000004,12.000000000000004
Middle,UMRB Mesonet,ATRS2,7,682,121,-103.2888,45.5193,0.4201588208884629,-0.7648906093264398,1.1850494302149026,0.6543627295372815,-0.6041667331281655,1.258529462665447,-33.6,-49.3,15.699999999999996,15.699999999999996
Middle,UMRB Mesonet,BBMW4,5,750,61,-109.3083,44.4817,0.10363453725439009,0.5647034662104979,-0.46106892895610785,0.66571907789252,0.8859610291184543,-0.22024195122593426,72.3,37.9,34.4,-34.4
Middle,UMRB Mesonet,BCHN8,8,710,63,-103.96629,46.78941,0.4887539609036977,0.17447128871954765,0.31428267218415007,0.7683530235429611,0.6694605814665778,0.09889244207638326,33.2,-16.5,49.7,-16.700000000000003
Middle,UMRB Mesonet,BDVM8,8,953,296,-108.75544,46.12817,0.5717378355523471,0.13534735492187533,0.4363904806304718,0.7155369156583666,0.15679457820639198,0.5587423374519747,5.5,-3.3,8.8,-2.2
Middle,UMRB Mesonet,BFMS2,2,968,170,-96.9011,43.0404,0.8033161829164005,-0.42827896383069386,1.2315951467470945,0.8518182590493665,-0.24508667434692666,1.096904933396293,-0.9,-12.9,12,12
Middle,UMRB Mesonet,BKMS2,7,975,238,-96.7685,44.325,0.7120436421996548,0.6858974340546996,0.026146208144955163,0.7190783086985016,0.8257503800217556,-0.10667207132325396,-0.6,-26,25.4,25.4
Middle,UMRB Mesonet,BLWM8,2,679,23,-111.47361,47.69075,0.3883843875404188,-3.123189022347159,3.5115734098875775,0.6821795623883629,-0.2555745515247952,0.937754113913158,-10.1,-1.4,-8.7,-8.7
Middle,UMRB Mesonet,BOMN8,3,1038,263,-103.47303,46.19958,0.5494977003449062,0.6884043490272291,-0.13890664868232294,0.75755721321614,0.8948262505210304,-0.13726903730489037,17.7,1.8,15.899999999999999,-15.899999999999999
Middle,UMRB Mesonet,BTSM8,3,918,90,-109.82669,45.74353,0.5785786463037277,-1.8909086109300959,2.4694872572338236,0.8148635810443726,-0.8279103994900814,1.6427739805344541,13.2,91,-77.8,77.8
Middle,UMRB Mesonet,BWLS2,3,787,213,-99.6729,45.4388,0.678509167881034,0.5656980357889048,0.11281113209212923,0.77936940754611,0.9058181735999122,-0.1264487660538023,-18.7,-41,22.3,22.3
Middle,UMRB Mesonet,BYMW4,10,662,72,-108.1332,43.3238,0.43388332377265115,-0.8534397868820269,1.287323110654678,0.4791229738168641,-0.8529709586146598,1.332093932431524,-22.1,-2.7,-19.400000000000002,-19.400000000000002
Middle,UMRB Mesonet,BZNM8,10,1146,283,-111.07218,45.66341,0.5025979505686933,0.6891738960579452,-0.18657594548925194,0.7135159953412361,0.8110452536995423,-0.09752925835830617,17.7,-20.7,38.4,3
Middle,UMRB Mesonet,CFCM8,5,891,67,-110.10835,47.39345,0.3938769927561052,0.15323242602837372,0.2406445667277315,0.505979012672251,0.31466854447926196,0.19131046819298902,-18.7,-0.4,-18.3,-18.3
Middle,UMRB Mesonet,COOM8,3,809,93,-109.2597,45.46583,0.7366844880925995,-3.466871529915549,4.203556018008149,0.7986675039652713,-0.7486818845847188,1.54734938854999,-16.2,-17.2,1,1
Middle,UMRB Mesonet,CPTS2,8,1060,73,-103.0008,44.0008,0.5127895963908655,0.06873555608238224,0.4440540403084833,0.6925792513940564,0.8388114541193341,-0.1462322027252777,-15.9,-63.4,47.5,47.5
Middle,UMRB Mesonet,CRGN8,10,850,238,-99.13215,47.50865,0.5088683798397002,0.9030959795481487,-0.39422759970844845,0.7866682522089763,0.9624692746189912,-0.17580102241001494,22.4,6.2,16.2,-16.2
Middle,UMRB Mesonet,CROM8,4,1072,315,-107.43834,45.58605,0.6370243244554584,0.543974941882529,0.09304938257292938,0.8425677878473108,0.5777081591820703,0.2648596286652405,5.6,0.3,5.3,-5.3
Middle,UMRB Mesonet,CSRN8,1,872,254,-101.37384,46.44304,0.318221853889494,0.48855101195937345,-0.17032915806987947,0.8505838059828286,0.891304821973793,-0.04072101599096445,-35.5,-40.1,4.600000000000001,4.600000000000001
Middle,UMRB Mesonet,CTWS2,1,1071,249,-101.8541,43.9601,0.6734302294569958,0.6473686350178675,0.026061594439128366,0.6999627272072078,0.8956973204597577,-0.19573459325254994,12.9,32.6,-19.700000000000003,19.700000000000003
Middle,UMRB Mesonet,CURN8,2,805,241,-98.67987,47.22119,0.5490639984531371,0.7369557035924896,-0.1878917051393525,0.7472463325443152,0.922231932911042,-0.17498560036672683,-17.5,-24.2,6.699999999999999,6.699999999999999
Middle,UMRB Mesonet,CYMW4,4,702,21,-108.43242,44.92915,0.468999426360035,-0.2198848222716301,0.6888842486316651,0.5371351052562899,0.8245092523580246,-0.2873741471017347,-3.3,81.6,-84.89999999999999,78.3
Middle,UMRB Mesonet,DDMW4,2,644,6,-108.95152,43.23143,0.561589582159703,-2.583643890485144,3.145233472644847,0.8961681530989088,0.036761589509110626,0.8594065635897983,-2.3,67,-69.3,64.7
Middle,UMRB Mesonet,DKSN8,1,673,43,-102.81284,46.89483,0.30387374467226447,-0.9689935472767042,1.2728672919489687,0.672129434033657,-0.6896190893946857,1.3617485234283428,49.7,47.9,1.8000000000000043,-1.8000000000000043
Middle,UMRB Mesonet,EDGN8,8,646,64,-98.76608,46.31913,0.6377180778468912,-0.20079492761410855,0.8385130054609997,0.8761230961934636,0.8161895236191038,0.05993357257435983,-29.2,-65.7,36.5,36.5
Middle,UMRB Mesonet,EDTS2,8,986,31,-103.972,43.4739,0.4712212997407802,NA,NA,0.710762188592083,NA,NA,37.7,57.9,-20.199999999999996,20.199999999999996
Middle,UMRB Mesonet,FLNS2,4,751,111,-96.5847,44.087,0.6718941787650023,0.2120518807224565,0.45984229804254584,0.7741808779675896,0.8298832559366515,-0.055702377969061856,23.4,-30.6,54,7.200000000000003
Middle,UMRB Mesonet,FTUN8,8,781,223,-103.80585,48.96375,0.6335547197171727,0.4202425511960042,0.21331216852116852,0.9133334171502095,0.8741079376259637,0.03922547952424582,-2,-37.6,35.6,35.6
Middle,UMRB Mesonet,GANN8,1,618,43,-101.67955,47.71023,0.45276568307261134,-0.3466549369163012,0.7994206199889126,0.6922786065269583,-0.2183985323745286,0.9106771389014869,-36.5,-56.2,19.700000000000003,19.700000000000003
Middle,UMRB Mesonet,GGMS2,2,640,NA,-99.4934,43.1373,0.41951756038002463,NA,NA,0.6880659832278853,NA,NA,-22.1,NA,NA,NA
Middle,UMRB Mesonet,GOTS2,1,967,211,-98.0302,45.5735,0.7510783264316022,0.741729868025051,0.009348458406551186,0.857037283561247,0.9732747388397404,-0.11623745527849338,-1.9,-24.5,22.6,22.6
Middle,UMRB Mesonet,GREN8,7,856,273,-103.88123,48.73502,0.6630697328937305,0.42776710983723265,0.23530262305649785,0.8951188762254159,0.8223312069482654,0.07278766927715041,3.9,-30.9,34.8,27
Middle,UMRB Mesonet,GSBN8,10,639,55,-103.20628,47.38661,0.4319090175574184,0.34533039623985995,0.08657862131755845,0.8225071685604283,0.9230438324253059,-0.10053666386487758,-29.3,-19.1,-10.2,-10.2
Middle,UMRB Mesonet,HAEM8,8,1024,296,-109.79939,48.48906,0.59588559873129,-0.10620167426851035,0.7020872729998003,0.75737640550547,0.4851404133600892,0.27223599214538086,-5.4,17.5,-22.9,12.1
Middle,UMRB Mesonet,HAMS2,8,818,37,-101.1291,44.3125,0.34427402786418426,-1.891243977277024,2.2355180051412082,0.6680303090773807,0.7174194536987005,-0.049389144621319825,17.3,6.8,10.5,-10.5
Middle,UMRB Mesonet,HAZN8,9,854,256,-101.67933,47.30177,-0.5461185141479619,0.5858829702142501,-1.132001484362212,0.8157014904207409,0.9131814364816885,-0.09747994606094756,151.1,38.1,113,-113
Middle,UMRB Mesonet,HIHS2,2,1051,229,-99.4614,44.5258,0.5371987250097161,0.33864973318507974,0.19854899182463637,0.7650435721601254,0.8822095044625238,-0.11716593230239836,-4.6,-41.5,36.9,36.9
Middle,UMRB Mesonet,HMLS2,10,954,143,-99.7121,43.5938,0.22827587870912536,0.12967367172304478,0.09860220698608058,0.6654036127061237,0.21042007258535073,0.45498354012077297,69.5,-26.3,95.8,-43.2
Middle,UMRB Mesonet,HNTM8,3,777,63,-108.23296,45.92637,0.45487737557764396,-0.923524354352663,1.378401729930307,0.6443485144963611,-0.7135013642740268,1.3578498787703879,24.7,-18,42.7,-6.699999999999999
Middle,UMRB Mesonet,HTGN8,7,833,245,-102.64564,46.01255,0.39347188860905347,0.41533026913039806,-0.02185838052134459,0.7442203618482914,0.9624896038501944,-0.218269242001903,-40.7,-55.6,14.899999999999999,14.899999999999999
Middle,UMRB Mesonet,IGMM8,3,940,284,-107.22383,46.65685,-0.28953663176951383,0.2839342668622593,-0.5734708986317731,0.7244523650606329,0.517077130361525,0.2073752346991079,124.8,23.8,101,-101
Middle,UMRB Mesonet,JSTN8,6,574,52,-98.92778,46.90669,0.6140158128861872,-0.6617029102785339,1.2757187231647211,0.873958987717164,-0.384522096874086,1.25848108459125,1.8,-8,9.8,6.2
Middle,UMRB Mesonet,KEEM8,1,1105,302,-109.6112,45.55735,0.5794821019825659,0.1600833847041624,0.4193987172784035,0.6516154051351695,0.18155620733392336,0.4700591978012461,3.5,18.9,-15.399999999999999,15.399999999999999
Middle,UMRB Mesonet,KEEN8,10,607,51,-103.04803,47.89372,0.624258311041074,-3.2933101286305986,3.9175684396716726,0.8703947024626403,-0.8746224809757501,1.7450171834383905,2.9,-0.5,3.4,-2.4
Middle,UMRB Mesonet,LCMS2,6,797,40,-98.1096,43.9028,0.5393599974594029,0.8436088406039073,-0.3042488431445044,0.6699070985209984,0.897585423120846,-0.2276783245998476,3.2,-5.2,8.4,2
Middle,UMRB Mesonet,LLAS2,1,917,238,-98.9314,45.7167,0.6858289618632185,0.5635442051225807,0.12228475674063777,0.7652344364337091,0.9565151885790351,-0.19128075214532592,-11.7,-43,31.3,31.3
Middle,UMRB Mesonet,MARN8,1,732,87,-98.32759,46.56453,0.5517954027863445,-1.1251578704023695,1.676953273188714,0.7101261169254108,-0.8187988521714762,1.5289249690968871,-25.1,-61.9,36.8,36.8
Middle,UMRB Mesonet,MATN8,9,860,249,-102.32195,46.37979,0.4859408826522411,0.5670800211468664,-0.08113913849462528,0.8145338814844603,0.9532262611484943,-0.13869237966403403,-22.5,-29,6.5,6.5
Middle,UMRB Mesonet,MCIM8,5,1069,279,-109.95352,47.05849,0.6114746522351105,-1.738845917187633,2.3503205694227436,0.6322887977447106,-0.03208621817482946,0.6643750159195401,2,-3.6,5.6,1.6
Middle,UMRB Mesonet,MCYM8,3,948,286,-105.95432,46.40541,0.5597617296634018,0.5308801899157223,0.028881539747679486,0.5811407154751306,0.7083663834324816,-0.12722566795735102,13.5,-36.7,50.2,23.200000000000003
Middle,UMRB Mesonet,MLVM8,6,1037,294,-109.84163,46.00145,0.5734864733612733,0.5644275906608847,0.009058882700388682,0.7995617781523338,0.6735082657596525,0.12605351239268126,33.9,-14.5,48.4,-19.4
Middle,UMRB Mesonet,MMDN8,8,598,62,-100.91401,46.77356,0.6190057456186322,-0.8386660622488014,1.4576718078674336,0.8549123479549126,-0.7298201410179611,1.5847324889728736,-7.2,-44.5,37.3,37.3
Middle,UMRB Mesonet,MNMS2,10,626,NA,-97.4524,43.2109,0.6377963587407092,NA,NA,0.8195930336221,NA,NA,5.1,NA,NA,NA
Middle,UMRB Mesonet,MVMS2,6,756,38,-101.8991,44.4748,0.5393338730063008,0.15136953739031878,0.387964335615982,0.6927186042626935,0.9179229003204972,-0.22520429605780368,9.4,75.9,-66.5,66.5
Middle,UMRB Mesonet,NISS2,7,920,130,-103.5603,44.6782,0.8514370883575813,-0.8328491707771406,1.6842862591347219,0.8648552915532314,-0.6967569198788013,1.5616122114320325,-5.2,-5.4,0.20000000000000018,0.20000000000000018
Middle,UMRB Mesonet,NOMS2,6,839,56,-101.1014,43.5999,0.40042470063168023,-0.03979384997504787,0.4402185506067281,0.7547821173949921,0.7461436466927193,0.00863847070227286,-36.2,-46.5,10.299999999999997,10.299999999999997
Middle,UMRB Mesonet,OCMS2,10,977,248,-99.4157,43.7982,-0.21471467911558828,-0.941812018018241,0.7270973389026527,-0.1191761928809529,-0.8397036994686519,0.7205275065876989,32.7,-49.8,82.5,17.099999999999994
Middle,UMRB Mesonet,OILM8,4,624,23,-111.60108,48.78158,0.13730750921210866,-1.6181989095544331,1.755506418766542,0.26411743888773714,-0.5137296263894396,0.7778470652771767,24.7,156.8,-132.10000000000002,132.10000000000002
Middle,UMRB Mesonet,OKNN8,4,1144,261,-98.10281,46.06672,0.3138482767187307,0.36745096273457656,-0.053602686015845835,0.6631130372552829,0.9004775326997432,-0.23736449544446026,-57.2,-59,1.7999999999999972,1.7999999999999972
Middle,UMRB Mesonet,ONMS2,4,690,16,-100.32,44.6465,0.6146897821788032,0.010105181874118241,0.604584600304685,0.6447560572714873,0.8040644342674651,-0.15930837699597777,9.8,62.1,-52.3,52.3
Middle,UMRB Mesonet,PLMW4,3,865,239,-108.759,44.7764,0.16043492876226673,0.2405596228810044,-0.08012469411873768,0.18936416806807876,0.33216277610312833,-0.14279860803504957,21.7,-25.8,47.5,4.100000000000001
Middle,UMRB Mesonet,PVMS2,2,792,42,-103.7986,43.0375,0.7266630968861223,-0.05102320008831707,0.7776862969744394,0.7577938717204339,0.5546122657066513,0.20318160601378255,2.6,27.7,-25.099999999999998,25.099999999999998
Middle,UMRB Mesonet,RADM8,2,682,38,-112.00768,48.06099,0.34444155929648645,0.3517024908544055,-0.00726093155791907,0.5387955081002511,0.7774237192345143,-0.23862821113426314,-25.8,-8.6,-17.200000000000003,-17.200000000000003
Middle,UMRB Mesonet,RAMS2,7,591,13,-102.9226,45.9059,0.6970949285248014,NA,NA,0.708455850266391,NA,NA,-7.4,-61.5,54.1,54.1
Middle,UMRB Mesonet,RAYN8,3,819,237,-103.16926,48.40095,0.6487567290717475,0.7513490601353452,-0.10259233106359766,0.7864924419406063,0.8732504909629694,-0.08675804902236306,-10.2,-21.4,11.2,11.2
Middle,UMRB Mesonet,RBMS2,4,930,135,-100.7205,43.2,0.3540715881427928,0.49224857843126923,-0.1381769902884764,0.5615468248027043,0.8570423973875902,-0.2954955725848859,-25.7,15.1,-40.8,-10.6
Middle,UMRB Mesonet,ROBN8,5,814,241,-99.79807,47.17305,0.4761161089265471,0.6586753176843325,-0.18255920875778542,0.7821597582095989,0.9391860735036329,-0.157026315294034,-7.2,-25.2,18,18
Middle,UMRB Mesonet,ROUM8,3,973,294,-108.42432,46.57848,0.3376931803887748,-0.6824980027526943,1.0201911831414692,0.37616465258808274,0.4419439828401827,-0.06577933025209998,8.7,21.3,-12.600000000000001,12.600000000000001
Middle,UMRB Mesonet,SEEN8,9,604,66,-99.99273,46.89402,0.5110881868803943,0.05070981960988208,0.4603783672705122,0.8711111058822998,0.9638978270521323,-0.09278672116983255,31.5,-9.5,41,-22
Middle,UMRB Mesonet,SFSS2,8,938,138,-96.7623,43.5048,0.6886470541090073,0.47443004808979594,0.21421700601921134,0.7857360919396403,0.8119778940414406,-0.02624180210180027,5.1,-38,43.1,32.9
Middle,UMRB Mesonet,SHMW4,4,1362,566,-106.839,44.8408,0.3232383903184767,0.3674099911720309,-0.044171600853554205,0.7006790109970997,0.5138357639753586,0.18684324702174115,-18.1,-31.3,13.2,13.2
Middle,UMRB Mesonet,SHSS2,6,841,196,-97.1025,45.1054,0.5694975839524291,0.3566021526649852,0.21289543128744393,0.8474387744275551,0.9334164478673881,-0.08597767343983298,-24.7,-50.2,25.500000000000004,25.500000000000004
Middle,UMRB Mesonet,SIYM8,10,876,273,-104.24789,47.78229,0.09332905520979984,0.35656501483782177,-0.26323595962802193,0.39389727579071643,0.5614132159851125,-0.16751594019439608,-0.6,-25,24.4,24.4
Middle,UMRB Mesonet,STMS2,6,1101,260,-103.3792,44.4245,0.7414973122226394,0.7064897810476125,0.03500753117502686,0.7665414795950299,0.9302315363715596,-0.1636900567765297,-6.6,-28.2,21.6,21.6
Middle,UMRB Mesonet,STRN8,5,853,247,-99.46081,46.71797,0.4850692764893696,0.3298827412434544,0.1551865352459152,0.7862689223970286,0.962839573172443,-0.17657065077541434,-18.2,-60.3,42.099999999999994,42.099999999999994
Middle,UMRB Mesonet,TIMS2,1,859,231,-101.085,45.4166,0.5982388882703203,0.7283964866476722,-0.13015759837735186,0.7737538850071942,0.8994294567758221,-0.12567557176862787,-9.6,-25.1,15.500000000000002,15.500000000000002
Middle,UMRB Mesonet,TTNM8,10,669,52,-111.5432,46.13646,0.37846518610834323,-0.42513025114019776,0.803595437248541,0.5966191954307947,-0.2219032857363729,0.8185224811671676,-38.1,-52.8,14.699999999999996,14.699999999999996
Middle,UMRB Mesonet,TURN8,2,551,41,-100.91529,47.56793,0.014251982494053572,0.441023455415815,-0.42677147292176143,0.7500934137291061,0.6178423190817931,0.132251094647313,88.7,0.1,88.60000000000001,-88.60000000000001
Middle,UMRB Mesonet,UNIS2,2,993,248,-102.6709,44.5664,-0.3484586776343839,0.008409439126598861,-0.35686811676098273,0.7059399603448847,0.7130300599907544,-0.007090099645869707,126.8,93,33.8,-33.8
Middle,UMRB Mesonet,WISN8,9,622,63,-99.66585,46.26033,0.39963572856405993,-0.611270941032602,1.010906669596662,0.8585271204219843,-0.2482168437298181,1.1067439641518024,-16.6,-29.9,13.299999999999997,13.299999999999997
Middle,UMRB Mesonet,WLLN8,1,836,264,-103.73859,48.13308,-0.6224707234161402,-0.13927443566990605,-0.48319628774623413,0.8408842801702351,0.8246096066929379,0.016274673477297164,156.4,103.8,52.60000000000001,-52.60000000000001
Middle,UMRB Mesonet,WNMS2,10,671,NA,-99.6931,43.3142,0.6156484831415817,NA,NA,0.7148722995009328,NA,NA,-0.2,NA,NA,NA
Middle,UMRB Mesonet,WRIS2,1,1073,285,-100.7423,43.5586,0.692265856790682,0.7138688607622105,-0.02160300397152848,0.7861363524339487,0.9158706397883053,-0.12973428735435655,-21.7,-19.8,-1.8999999999999986,-1.8999999999999986
Middle,UMRB Mesonet,WRMW4,10,675,51,-107.90498,44.00257,-0.9155150048667318,-3.7413619325140486,2.8258469276473166,0.3846852260999599,-0.7382863083311145,1.1229715344310744,179.1,249.6,-70.5,70.5
Middle,UMRB Mesonet,WTES2,7,917,156,-98.6936,43.7373,0.5895095240489548,-0.36379703566288857,0.9533065597118434,0.7637806262479745,-0.20017853137144181,0.9639591576194163,-27.7,-60.5,32.8,32.8
Middle,UMRB Mesonet,ZELN8,1,620,53,-99.68768,46.01351,0.4748041031645872,-0.9005422534397198,1.375346356604307,0.8200472432868584,-0.6832595314805346,1.5033067747673932,-19.7,-14.7,-5,-5
Middle,USCRN,1001,3,2745,2531,-105.1,48.29999999999999,0.4866670560422556,0.45703534510792565,0.029631710934329925,0.7714532117348998,0.6450118121799372,0.12644139955496259,-8,-21.7,13.7,13.7
Middle,USCRN,1002,7,1845,1782,-105.2,48.48,0.5776596610164653,0.554847030374922,0.022812630641543263,0.8441463916794977,0.7028087877393292,0.14133760394016848,26.8,-19.1,45.900000000000006,-7.699999999999999
Middle,USCRN,1003,7,3823,3318,-96.85,40.69,0.649970678958856,0.49008181001164797,0.159888868947208,0.680150613573153,0.6431563174118756,0.03699429616127736,14.1,-22.9,37,8.799999999999999
Middle,USCRN,1004,5,4007,2926,-96.56,40.84000000000001,0.5613085286957931,0.5314532619136582,0.029855266782134904,0.6709932998007007,0.7141882273003605,-0.04319492749965981,-0.5,-35.9,35.4,35.4
Middle,USCRN,1005,1,4868,4796,-97.09,36.11,0.6287781850236127,0.5248590231884928,0.10391916183511996,0.8549363623203606,0.8203170394422226,0.03461932287813807,-26.6,-34.9,8.299999999999997,8.299999999999997
Middle,USCRN,1006,7,4908,4848,-97.1,36.13,0.6145973648909175,0.6692547162760492,-0.054657351385131614,0.8583593941975788,0.8327622316364804,0.02559716256109834,29.5,-0.9,30.4,-28.6
Middle,USCRN,1009,9,3313,2948,-96.62,43.72999999999999,0.6532260703748787,0.4992669683790898,0.15395910199578888,0.8373015668870271,0.812988895895857,0.02431267099117007,-14.1,-43,28.9,28.9
Middle,USCRN,1010,8,3934,3871,-110.5,31.59,0.3924162678258869,0.5787253374828667,-0.1863090696569798,0.5692373707920381,0.6633869736484248,-0.09414960285638674,-10.6,23.6,-34.2,13.000000000000002
Middle,USCRN,1012,4,4542,4507,-92.11,32.88,0.5405121938173779,0.5358541880313478,0.0046580057860301505,0.697003832525289,0.5495150670851356,0.14748876544015332,25.6,0.6,25,-25
Middle,USCRN,1013,10,4723,4652,-91.87,30.090000000000003,0.22304814746242185,0.5254375449177431,-0.30238939745532123,0.6309267187416446,0.5974426068186551,0.0334841119229895,38.9,-18.8,57.7,-20.099999999999998
Middle,USCRN,1014,2,3540,3277,-104.75,40.8,-1.204932030785712,-2.3926605089409367,1.1877284781552246,0.448781266952583,0.40356917504954914,0.04521209190303388,182.7,294.6,-111.90000000000003,111.90000000000003
Middle,USCRN,1015,9,3616,3557,-122.6,40.65,0.6123766139065272,0.4396469522464703,0.17272966166005688,0.7793632684296208,0.7578806666737569,0.021482601755863917,31.7,49.9,-18.2,18.2
Middle,USCRN,1017,6,3924,3824,-121.44,48.540000000000006,0.653964620197579,0.4573285849916996,0.19663603520587936,0.9152680705666235,0.939520942094315,-0.02425287152769151,20.7,47.4,-26.7,26.7
Middle,USCRN,1018,9,3675,3613,-95.72,31.769999999999996,0.4744685823331095,0.3754544761091535,0.09901410622395601,0.8407395291083499,0.8628640356571531,-0.022124506548803158,-35.5,-60.7,25.200000000000003,25.200000000000003
Middle,USCRN,1019,2,4647,4459,-102.8,31.61999999999999,0.48574849499919726,-1.7458268447498688,2.231575339749066,0.6231608163728575,0.39957854687350175,0.22358226949935572,-0.2,255.9,-256.1,255.70000000000002
Middle,USCRN,1020,4,4441,4341,-106.88,34.35,0.47337855785381866,-0.5791272202212141,1.0525057780750329,0.7435613233065086,0.58912132020284,0.15444000310366857,32.8,150.1,-117.3,117.3
Middle,USCRN,1022,7,3706,3597,-116.75,43.2,0.4448954168593564,0.4789216279630083,-0.03402621110365189,0.5668306993403438,0.6573460108010424,-0.09051531146069858,-29.4,-7.3,-22.099999999999998,-22.099999999999998
Middle,USCRN,1023,3,4720,3983,-119.69,43.47,0.7157403505733176,-0.26808849029058957,0.9838288408639072,0.8218869730831528,0.7247481658261032,0.0971388072570496,16.1,121.4,-105.30000000000001,105.30000000000001
Middle,USCRN,1024,10,3828,3765,-79.47,39.01,0.6941022028479962,0.11856130874825366,0.5755408940997425,0.7555688769715828,0.6031782971157277,0.15239057985585513,-1,-24.4,23.4,23.4
Middle,USCRN,1025,4,3107,2699,-103.73,42.419999999999995,0.8061246013761559,0.5529699340136026,0.2531546673625533,0.8084949425160577,0.7713790263517797,0.03711591616427801,0.3,22.3,-22,22
Middle,USCRN,1026,2,4728,4660,-82.61,35.49,0.46510972260089534,0.4131750515187974,0.05193467108209793,0.6992144429717211,0.7547369510036918,-0.055522508031970674,2.3,16.3,-14,14
Middle,USCRN,1027,2,4743,4656,-82.55,35.41,0.7808383376090544,0.7174907102808179,0.06334762732823651,0.8764481090090465,0.8011621377492762,0.07528597125977021,-6,11.4,-17.4,5.4
Middle,USCRN,1028,5,4869,4717,-84.74,38.09000000000001,0.6065961392221828,0.7947203273407593,-0.18812418811857645,0.8033986075404264,0.8201679706623101,-0.016769363121883707,22.8,-8.9,31.700000000000003,-13.9
Middle,USCRN,1029,1,4046,3838,-81.32,33.35,0.3814586243795892,0.5764641243268687,-0.19500549994727945,0.5715307137088637,0.6308930711038158,-0.0593623573949521,-34,-20.6,-13.399999999999999,-13.399999999999999
Middle,USCRN,1030,2,4932,4867,-79.36,33.15,0.26002336145853167,-0.04386400200484997,0.30388736346338163,0.7342822240688881,0.7662798456171133,-0.031997621548225164,46.7,81.6,-34.89999999999999,34.89999999999999
Middle,USCRN,1031,8,4114,4067,-86.23,37.25,0.7324700089563987,0.5179990656929655,0.2144709432634332,0.7562273934736405,0.6722677730606432,0.08395962041299732,-2.3,9.2,-11.5,6.8999999999999995
Middle,USCRN,1032,4,3767,3689,-84.47,31.31,-0.13327080189296647,0.119360801887188,-0.2526316037801545,0.77536345958611,0.7042139748553836,0.07114948473072635,77.5,64.3,13.200000000000003,-13.200000000000003
Middle,USCRN,1033,10,4584,4504,-84.44,31.19,0.7753997103971416,0.626839299666263,0.14856041073087867,0.8025952428435245,0.6400582987470992,0.16253694409642527,-2.7,2.4,-5.1,-0.30000000000000027
Middle,USCRN,1034,9,3499,1853,-68.7,44.92,0.45828067245604653,0.3267138707371068,0.13156680171893975,0.8388259991986851,0.6365103705367827,0.20231562866190234,-9.4,-22.9,13.499999999999998,13.499999999999998
Middle,USCRN,1035,2,3035,2752,-67.88,46.96,0.35928661885044755,-0.08840450431452251,0.44769112316497006,0.6131010656593898,0.5138295833796791,0.09927148227971072,7.1,64.5,-57.4,57.4
Middle,USCRN,1036,4,4649,4575,-89.07,32.330000000000005,0.3692162407078359,0.33617437678052675,0.03304186392730912,0.6055616076437972,0.6221753974265823,-0.01661378978278516,-25.7,-2.6,-23.099999999999998,-23.099999999999998
Middle,USCRN,1037,1,4504,4271,-88.37000000000002,40.05,0.6632278962910194,0.6124742578845308,0.05075363840648861,0.8074011265023326,0.6783088606790203,0.12909226582331235,7.1,-20.7,27.799999999999997,13.6
Middle,USCRN,1038,5,4181,3440,-88.85,41.84,0.5292842951075818,0.5595447671808016,-0.030260472073219802,0.6421668546281413,0.6051759575102441,0.03699089711789716,5.1,-18.4,23.5,13.299999999999999
Middle,USCRN,1039,10,2717,2505,-95.87,48.3,0.2727928528093,0.23168041304430065,0.04111243976499934,0.7051594702891884,0.575428367751942,0.1297311025372464,-45.1,-58.6,13.5,13.5
Middle,USCRN,1042,5,4173,3892,-71.54,41.489999999999995,0.6608819965458854,0.6403685509735222,0.02051344557236323,0.8523975782411249,0.7570364378556966,0.09536114038542831,-26.4,12.3,-38.7,-14.099999999999998
Middle,USCRN,1043,9,4255,3909,-71.54,41.470000000000006,0.7939600560917623,0.411151470307062,0.38280858578470034,0.8763121837067902,0.7912823003078799,0.08502988339891027,7.8,49.7,-41.900000000000006,41.900000000000006
Middle,USCRN,1047,7,3852,3825,-96.6,39.10000000000001,0.4513625740340582,0.25770026135993096,0.19366231267412726,0.8762058871643582,0.7656390260203758,0.1105668611439824,-10.6,-32.2,21.6,21.6
Middle,USCRN,1049,6,4536,4465,-116.02,36.62,0.36151704108683824,-2.3359524920864527,2.697469533173291,0.546629276674302,0.5039584787381967,0.04267079793610529,14,329.5,-315.5,315.5
Middle,USCRN,1050,3,3721,3653,-120.87999999999998,37.23,0.5791310514920811,0.4128222836504115,0.1663087678416696,0.5906989050361031,0.6307766237067135,-0.040077718670610385,-2.1,-11.2,9.1,9.1
Middle,USCRN,1066,8,3851,3788,-98.06,26.52,0.7839170772799419,0.3122550837126894,0.47166199356725247,0.8221040778453178,0.7709897754839448,0.05111430236137304,-7.6,-7.2,-0.39999999999999947,-0.39999999999999947
Middle,USCRN,1067,7,4276,4205,-102.77,33.95000000000001,0.25764234707765044,0.3807019488294302,-0.12305960175177977,0.6060449316673002,0.6988652907305356,-0.09282035906323538,-20.2,-17,-3.1999999999999993,-3.1999999999999993
Middle,USCRN,1068,3,4193,4136,-101.59,36.59,0.34364068674520387,0.43564800118202396,-0.09200731443682009,0.7034720240646781,0.8046228191916741,-0.10115079512699598,-15.3,6.4,-21.700000000000003,-8.9
Middle,USCRN,1108,7,3877,3259,-108.96,40.24,0.28115064684287594,0.47326976814507293,-0.192119121302197,0.7270589310330033,0.5932567766409176,0.13380215439208576,-35.5,-18.3,-17.2,-17.2
Middle,USCRN,1109,8,3866,3046,-107.69,38.54,0.760282333521686,0.6649497173125261,0.09533261620915989,0.8926420953482219,0.7795319793632843,0.11311011598493759,-14.9,-1.1,-13.8,-13.8
Middle,USCRN,1110,7,4689,4289,-103.82,37.86,0.5353480280013138,0.4554041965091322,0.07994383149218154,0.6441348698689076,0.621282106551787,0.022852763317120606,19.9,28.8,-8.900000000000002,8.900000000000002
Middle,USCRN,1111,3,4799,4715,-83.38,33.78,0.7142536242103187,-0.22711695002661614,0.9413705742369348,0.8751545215864461,0.8423702396017779,0.032784281984668207,23.4,112.9,-89.5,89.5
Middle,USCRN,1113,2,4203,3728,-86.92,46.33,0.8685256651245117,0.3467298682828118,0.5217957968416999,0.8764500203356106,0.6051219604893533,0.2713280598462573,1.4,51.9,-50.5,50.5
Middle,USCRN,1114,2,3828,3473,-90.17,44.059999999999995,0.6056624730978093,-0.6457636639720035,1.2514261370698128,0.733987847653482,0.669017565829349,0.064970281824133,25.6,150.7,-125.1,125.1
Middle,USCRN,1115,9,3990,3453,-101.44,42.06000000000001,0.3257767166074501,-0.3418961826321021,0.6676728992395522,0.726543130717361,0.6187858767356974,0.10775725398166358,52.4,69.5,-17.1,17.1
Middle,USCRN,1116,6,4272,3706,-93.28,41.55,0.8430903064659239,0.696425294048627,0.1466650124172969,0.8714444063045147,0.816056139548199,0.055388266756315696,-5.8,-24.1,18.3,18.3
Middle,USCRN,1117,10,3927,3560,-76.24,42.440000000000005,0.7852341854317844,0.46023139164313687,0.3250027937886475,0.8830152074549509,0.7360210796788044,0.1469941277761465,2,9.6,-7.6,7.6
Middle,USCRN,1118,2,3763,3462,-73.74,41.78000000000001,0.3700328026787212,0.23978418032281634,0.13024862235590484,0.7695197788582255,0.6013202971699897,0.16819948168823584,56,40.8,15.200000000000003,-15.200000000000003
Middle,USCRN,1119,10,4926,4873,-85.96,34.28000000000001,0.7443476716564028,0.7473065039028187,-0.00295883224641591,0.9012288852219411,0.8504743322182485,0.05075455300369258,14.3,8.3,6,-6
Middle,USCRN,1121,2,4360,4232,-85.13,36.01,0.406623397353609,0.6274775504631391,-0.22085415310953016,0.7919737867324285,0.836873627915547,-0.044899841183118516,-11.8,-23.2,11.399999999999999,11.399999999999999
Middle,USCRN,1122,2,4910,4845,-87.24,32.45,0.6579435161172222,0.4274503987740611,0.23049311734316114,0.6926755701850011,0.6767567669661397,0.01591880321886141,-1.7,-45.4,43.699999999999996,43.699999999999996
Middle,USCRN,1123,2,4065,3855,-75.78,39.85000000000001,0.722504663783623,0.6958202277417818,0.02668443604184123,0.826155479176884,0.7465658517035784,0.07958962747330567,-15.2,-3.6,-11.6,-11.6
Middle,USCRN,1124,3,4111,4040,-87.87,30.54000000000001,0.15878167070177496,0.005473410469277518,0.15330826023249744,0.7847689398308,0.5201658510883713,0.26460308874242866,81.1,69.1,12,-12
Middle,USCRN,1125,7,2587,2450,-81.78,40.36,0.6585761417587266,0.6622920082950268,-0.003715866536300183,0.8448473896775214,0.8018675483116986,0.04297984136582278,-16.3,-20.7,4.399999999999999,4.399999999999999
Middle,USCRN,1129,10,4427,4336,-91.78,35.81999999999999,0.7279241701174948,0.5115612016862028,0.216362968431292,0.8039142851773061,0.5961078556067294,0.2078064295705767,18.4,-5,23.4,-13.399999999999999
Middle,USCRN,1130,3,4517,4442,-100.24,32.04,0.6968255109982682,-0.05019426016302453,0.7470197711612927,0.8779281666976457,0.7838462716331863,0.09408189506445941,27.6,100.2,-72.6,72.6
Middle,USCRN,1138,3,3648,3518,-106.52,35.85,0.50106865398418865,0.5027898033013409,-0.0017211493171522818,0.8077000409882168,0.7001862741093211,0.10751376687889569,-19.3,12,-31.3,-7.300000000000001
Middle,USCRN,1140,3,3373,3037,-103.3,45.51,0.5718047715688845,0.4287410817873556,0.14306368978152895,0.806225014678649,0.7543369818363378,0.05188803284231125,2.5,-24.8,27.3,22.3
Middle,USCRN,1142,6,4842,4602,-93.14,39.86000000000001,0.5268189589432066,0.404165851289389,0.12265310765381765,0.7759496761607216,0.8356920500932338,-0.05974237393251214,-15.5,-44,28.5,28.5
Middle,USCRN,1145,7,4053,3875,-119.64,44.55,0.49920454327144537,-0.5530320625193779,1.0522366057908232,0.6303003251930629,0.59165126432252,0.03864906087054287,32.3,147.7,-115.39999999999999,115.39999999999999
Middle,USCRN,1231,6,3939,3417,-100.96,38.87,0.5025864581239106,0.436609212921673,0.06597724520223758,0.6912872820121905,0.7245866403957372,-0.033299358383546696,-11.9,-36.4,24.5,24.5
Middle,USCRN,1232,4,4372,3754,-108.5,37.25,0.4690911622140428,0.44373370604475215,0.025357456169290638,0.7435232755287103,0.6671822420248418,0.07634103350386856,-3.2,-27.9,24.7,24.7
Middle,USCRN,1234,1,4785,4748,-123.32,44.41,0.7115620488642933,0.7465201125425143,-0.03495806367822096,0.8507524209392838,0.8914912637675357,-0.04073884282825191,12.6,-19.7,32.3,7.1
Middle,USCRN,1235,5,3169,2758,-102.17,48.96,0.7232563544097068,0.7748119680189969,-0.05155561360929006,0.7712206166002229,0.786653991958299,-0.015433375358076096,8.5,-7.2,15.7,-1.2999999999999998
Middle,USCRN,1236,5,3686,3358,-100.35,44.01,0.4962248773566543,0.34646380993491566,0.14976106742173867,0.6003283096734313,0.6146173431033772,-0.014289033429945919,-1.5,-39.5,38,38
Middle,USCRN,1307,7,4658,4561,-106.74,32.61,0.5256069340095813,-0.07261899111756298,0.5982259251271442,0.5780978480785188,0.7459198656015112,-0.16782201752299242,-0.7,102.4,-103.10000000000001,101.7
Middle,USCRN,1347,1,4596,4535,-79.09,35.97,0.7494513040857887,0.5560706882160988,0.1933806158696899,0.8191527132752182,0.7643444259537179,0.05480828732150034,-6.5,12,-18.5,5.5
Middle,USCRN,1387,2,3447,3365,-96.82,28.299999999999997,0.18251796876748294,0.2969851527657098,-0.11446718399822686,0.6130214835771783,0.5279064188320771,0.08511506474510122,48.3,-4.3,52.599999999999994,-44
Middle,USCRN,1406,5,4891,4787,-91.72,37.63000000000001,0.7474506922512137,0.6747907389390526,0.07265995331216113,0.8571291311906399,0.8032384585116423,0.05389067267899761,16.9,5.2,11.7,-11.7
Middle,USCRN,1407,1,4885,4753,-94.58,37.42,0.4386379873255839,0.5281444358342486,-0.08950644850866474,0.8734540411889812,0.8591224317655104,0.014331609423470781,-10.4,-16.8,6.4,6.4
Middle,USCRN,1426,4,3828,3238,-84.72,44.9,0.8062268558003397,0.024952592678174623,0.7812742631221651,0.8444564902213323,0.8069596440800636,0.03749684614126869,-10.5,25.9,-36.4,15.399999999999999
Middle,USCRN,1446,5,3571,3258,-99.12,45.71,0.6371092669552679,0.6710361983947881,-0.03392693143952019,0.8390310367210447,0.7598909297636572,0.07914010695738749,28.6,-20.8,49.400000000000006,-7.800000000000001
Middle,USCRN,1447,6,3081,2795,-92.99,46.11,0.7490918000289883,0.37243974459220464,0.3766520554367837,0.8327320708852287,0.7579988669694371,0.07473320391579164,-2.1,14.3,-16.400000000000002,12.200000000000001
Middle,USCRN,1467,8,3785,3378,-117.52,47.41,0.7486525316750292,0.5770422913496278,0.1716102403254014,0.962908694250893,0.9159296650967377,0.046979029154155305,16.5,26.2,-9.7,9.7
Middle,USCRN,1487,6,3007,2709,-104.43,44.51,0.8096696793373104,0.5817227436749868,0.2279469356623236,0.8747432966745304,0.8277861905607143,0.046957106113816094,-14.3,-16.2,1.8999999999999986,1.8999999999999986
Middle,USCRN,1507,10,3462,3089,-112.54,41.60999999999999,0.16361017790572763,-0.1422527726621099,0.3058629505678375,0.6543213698841501,0.5329679367090976,0.12135343317505254,-26.7,-4.6,-22.1,-22.1
Middle,USCRN,1508,1,4034,3911,-119.82,37.75,0.03963696569137909,-0.3126970117273187,0.35233397741869776,0.9429506694014617,0.906756725438895,0.0361939439625667,91.4,122.6,-31.19999999999999,31.19999999999999
Middle,USCRN,1510,9,4875,4621,-86.57,38.88000000000001,0.8121673012891131,0.7650997454140078,0.04706755587510525,0.8280263868866057,0.8366629324172498,-0.00863654553064408,-6.3,-16.5,10.2,10.2
Middle,USCRN,1530,9,3136,2899,-81.36,27.15,0.3103525982099292,0.07289804969624403,0.2374545485136852,0.7642972917829315,0.4961912162915999,0.2681060754913316,-33.6,64.6,-98.19999999999999,30.999999999999993
Middle,USCRN,1531,7,4079,4027,-123.07,38.31999999999999,0.4599266310492921,0.5874776964144248,-0.12755106536513272,0.8809238311024903,0.6709885779942492,0.20993525310824113,31.3,5.6,25.700000000000003,-25.700000000000003
Middle,USCRN,1570,10,4745,4593,-89.43,34.82,0.6721188034654615,0.31270104395554,0.3594177595099215,0.8703946199945648,0.8369982639892726,0.03339635600529223,-12.6,-25.3,12.700000000000001,12.700000000000001
Middle,USCRN,1612,8,3301,2968,-110.28,46.88000000000001,0.4903182400381655,0.44097394299847625,0.04934429703968923,0.7010408244717744,0.553283728767103,0.14775709570467144,-4.2,15.3,-19.5,11.100000000000001
Middle,USCRN,1772,8,4171,4109,-101.6,36.56,0.3671182576404146,0.34710363781369347,0.020014619826721147,0.7407244593308536,0.7374004143553943,0.0033240449754593504,-8.8,-25.8,17,17
