depth,network,site_id,fold,n_ml,n_sport,lon,lat,KGE_KGML,KGE_SPoRT,KGE_diff,r_KGML,r_SPoRT,r_diff,pbias_KGML,pbias_SPoRT,pbias_diff,abs_pbias_adv
Shallow,SCAN,SCAN:2001,5,6817,5346,-96.46667,40.85,0.6797838791536188,0.46013249068831563,0.2196513884653032,0.7526826837770086,0.6248072611295569,0.12787542264745178,-0.7,-15.5,14.8,14.8
Shallow,SCAN,SCAN:2002,3,5564,3878,-93.95,45.41667,0.60867358296119,0.4028123927994226,0.2058611901617674,0.6980851845192018,0.5572327480366199,0.14085243648258183,-11.1,38,-49.1,26.9
Shallow,SCAN,SCAN:2003,9,4927,3265,-88.58333000000002,45.46666999999999,0.7553738956643931,0.36643239397936833,0.3889415016850247,0.7676064070477354,0.4703994236650287,0.29720698338270674,-3,31.9,-34.9,28.9
Shallow,SCAN,SCAN:2004,7,5678,3646,-89.9,40.31667,0.010718780917397197,0.04800529339549198,-0.03728651247809478,0.6931022263855966,0.7430712739932853,-0.04996904760768872,81.1,78,3.0999999999999943,-3.0999999999999943
Shallow,SCAN,SCAN:2005,4,8116,5604,-87.83333,37.1,0.7210492321851616,0.5403824374741648,0.18066679471099678,0.7287494821254498,0.5659096014145223,0.16283988071092748,-4.8,-12.8,8,8
Shallow,SCAN,SCAN:2006,1,7979,5037,-102.1,35.166669999999996,0.6105458829731991,0.37709107626147675,0.23345480671172236,0.6957880870791586,0.6263149559264046,0.069473131152754,17.5,14.8,2.6999999999999993,-2.6999999999999993
Shallow,SCAN,SCAN:2008,10,7002,4822,-76.65,35.86667,0.5203147075365777,0.4702208684445961,0.05009383909198162,0.7004161552796743,0.6214007275419725,0.07901542773770176,-26.7,-4.2,-22.5,-22.5
Shallow,SCAN,SCAN:2009,6,7660,5578,-84.41667000000001,30.300000000000004,0.3130146038467674,-0.6290332042310742,0.9420478080778416,0.36472745116539024,0.6016267806538584,-0.2368993294884682,-1.3,134.4,-135.70000000000002,133.1
Shallow,SCAN,SCAN:2011,8,8044,5380,-77.03333,42.88333,0.7832394485879655,0.5218296133081104,0.26140983527985506,0.8220697255982374,0.5742891888684187,0.2477805367298187,-5.5,8.8,-14.3,3.3000000000000007
Shallow,SCAN,SCAN:2012,1,7276,4513,-81.63333,29.1,-0.09135129388158147,-2.1204376961612565,2.029086402279675,0.5278474189418331,0.4589412021506019,0.06890621679123116,96.1,300.2,-204.1,204.1
Shallow,SCAN,SCAN:2013,2,7736,5004,-83.43333,33.88333,0.8277929749941366,0.7197897335397351,0.10800324145440154,0.840090290680581,0.8088024784335269,0.031287812247054125,-3.5,17.5,-21,14
Shallow,SCAN,SCAN:2014,3,6371,4028,-83.45,39.95,0.7970483029772655,0.5803831546716274,0.2166651483056381,0.8291218110934788,0.6967352923696702,0.13238651872380858,-0.8,-9.7,8.899999999999999,8.899999999999999
Shallow,SCAN,SCAN:2015,6,8468,5903,-105.41667,34.25,0.5865044066219816,0.270077214636973,0.31642719198500857,0.6923134840223719,0.6553698066032039,0.03694367741916804,6.8,61.6,-54.800000000000004,54.800000000000004
Shallow,SCAN,SCAN:2016,2,8467,5695,-95.98333,30.083330000000004,0.3678806557026951,0.22384811200839339,0.14403254369430174,0.5356108302267064,0.35603587070557347,0.17957495952113295,-9.8,17.6,-27.400000000000002,7.800000000000001
Shallow,SCAN,SCAN:2017,4,6533,4716,-104.74033,40.85989,0.5219746204491846,0.535554927101379,-0.01358030665219434,0.7354622599618633,0.6918137314455503,0.04364852851631307,-20.6,-7.7,-12.900000000000002,-12.900000000000002
Shallow,SCAN,SCAN:2018,7,6588,4421,-104.13333,42.06667,0.6055412449911726,-0.1500191793750023,0.7555604243661749,0.6088645827385335,0.602135200866462,0.006729381872071505,1.1,107.9,-106.80000000000001,106.80000000000001
Shallow,SCAN,SCAN:2019,7,6442,4196,-109.8,48.48333,0.5379787824438964,0.4207043122360369,0.11727447020785953,0.7539447006686553,0.7266474602505371,0.027297240418118207,16.7,39.1,-22.400000000000002,22.400000000000002
Shallow,SCAN,SCAN:2020,9,6247,4244,-100.91667,46.76667,0.47842218803505043,0.3892765583402441,0.08914562969480633,0.7526669970776809,0.7094578061268677,0.043209190950813214,-17.6,-24.8,7.199999999999999,7.199999999999999
Shallow,SCAN,SCAN:2021,3,8058,5197,-118.56667,47,0.6810647306621576,-0.4562383703958295,1.137303101057987,0.8728314592093163,0.8718048991402437,0.0010265600690725352,5.6,144.8,-139.20000000000002,139.20000000000002
Shallow,SCAN,SCAN:2022,6,7520,5726,-98.01667,35.55,0.7315641452524586,0.5573408872407553,0.17422325801170335,0.8360093365762719,0.7523493897185313,0.08365994685774059,-6,-11.5,5.5,5.5
Shallow,SCAN,SCAN:2024,7,6676,5079,-89.86667,34.25,0.7694706677645802,0.6475598934329106,0.12191077433166952,0.8647961478928528,0.7920237095562681,0.07277243833658464,-18.7,-26.3,7.600000000000001,7.600000000000001
Shallow,SCAN,SCAN:2025,10,7428,5445,-89.9,34.23333,0.7930424420410389,0.7268691555608127,0.06617328648022625,0.8675779724126502,0.8275260684350288,0.04005190397762137,4.3,-4.3,8.6,0
Shallow,SCAN,SCAN:2026,3,5997,4864,-110.05,31.73333,0.6982269486323952,-0.7754767161578247,1.4737036647902197,0.8644705010276662,0.8004709638133286,0.0639995372143376,23.7,172.3,-148.60000000000002,148.60000000000002
Shallow,SCAN,SCAN:2027,7,8044,6134,-83.55,31.499999999999993,0.6397555078529458,0.023388022186489388,0.6163674856664564,0.6512731883114006,0.585173958424931,0.06609922988646955,5.3,82.6,-77.3,77.3
Shallow,SCAN,SCAN:2028,5,7045,5459,-76.66667,40.66667,0.6016145411568228,0.29233815038161826,0.3092763907752045,0.7489992452929122,0.5727325920353872,0.176266653257525,30.9,48,-17.1,17.1
Shallow,SCAN,SCAN:2030,3,6577,4836,-91.88333,34.85,0.743079647736021,0.5744726089506424,0.16860703878537853,0.8947291749801789,0.7707653556347849,0.12396381934539402,5.9,-13.6,19.5,7.699999999999999
Shallow,SCAN,SCAN:2031,7,5671,4782,-93.73333,42.016670000000005,0.5912274777673074,0.5320886991910951,0.0591387785762123,0.8098103784414296,0.7056970598480214,0.10411331859340811,-23.1,-18.9,-4.200000000000003,-4.200000000000003
Shallow,SCAN,SCAN:2032,2,8143,6289,-90.65,33.38333000000001,0.5918064285318628,0.37817836582541686,0.21362806270644596,0.6671935804208229,0.5595634326588464,0.10763014776197644,-19.8,-37.2,17.400000000000002,17.400000000000002
Shallow,SCAN,SCAN:2033,3,7326,5627,-90.94208,32.75358000000001,0.12093569473776666,0.3040106599930703,-0.18307496525530365,0.7172339383447786,0.6633459296611834,0.05388800868359511,12.5,-37.5,50,25
Shallow,SCAN,SCAN:2034,6,6695,5084,-90.41142,34.6764,0.6539230208966248,0.5984023311452786,0.055520689751346164,0.7627457420871275,0.6616294962439069,0.10111624584322065,-5.2,-21.6,16.400000000000002,16.400000000000002
Shallow,SCAN,SCAN:2035,10,7666,5982,-90.35843,34.06301,0.6525875963662866,0.5271870431668284,0.1254005531994582,0.7198920600635494,0.6601680338043215,0.0597240262592279,-14.1,-32.8,18.699999999999996,18.699999999999996
Shallow,SCAN,SCAN:2036,5,2600,2420,-77.93333,40.71667,0.7732675850919013,0.27984928366898554,0.49341830142291576,0.8159275401911702,0.5343023728718977,0.28162516731927245,5.8,18,-12.2,12.2
Shallow,SCAN,SCAN:2037,10,6687,5081,-79.73333,34.3,0.701180274713332,0.536064000585498,0.16511627412783403,0.8328936140090684,0.7314422163417018,0.10145139766736655,-4.7,35.6,-40.300000000000004,30.900000000000002
Shallow,SCAN,SCAN:2038,1,7289,5635,-81.2,32.666669999999996,0.6330616394474631,0.4761036485587916,0.15695799088867146,0.7784165143087777,0.5287624106941006,0.2496541036146771,-18.5,22.7,-41.2,4.199999999999999
Shallow,SCAN,SCAN:2039,5,7709,6269,-78.11667,38.23333,0.8106951961055642,0.7071667037003012,0.10352849240526296,0.8849499187032844,0.7452697499488001,0.1396801687544843,-12,-3.2,-8.8,-8.8
Shallow,SCAN,SCAN:2041,8,5796,4405,-72.83451,44.53509,0.415097793706262,0.11196509871777971,0.3031326949884823,0.6110599818911686,0.16131048844250045,0.44974949344866816,-12.6,-9.7,-2.9000000000000004,-2.9000000000000004
Shallow,SCAN,SCAN:2042,4,4968,3858,-73.03834000000002,43.05753,0.514295759200551,0.2252512576538479,0.28904450154670314,0.5199916091962179,0.2401166020867822,0.2798750071094357,0.1,-5,5.1,4.9
Shallow,SCAN,SCAN:2046,8,7225,6315,-90.90496,33.97370000000001,0.7227206659408958,0.5400879620302897,0.18263270391060604,0.7447356276231201,0.600789663721031,0.14394596390208902,-10.8,-20.7,9.899999999999999,9.899999999999999
Shallow,SCAN,SCAN:2047,2,6556,5432,-93.71667,40.25,0.5366951980008108,0.3580239348929576,0.1786712631078532,0.6794232900307026,0.5917453870782877,0.08767790295241484,15.1,-24,39.1,8.9
Shallow,SCAN,SCAN:2048,2,6318,5510,-89.93333,36.78333,0.6300149262158607,0.6509835297196145,-0.020968603503753735,0.7420470450324568,0.6573779211918842,0.08466912384057257,3.7,-4.7,8.4,1
Shallow,SCAN,SCAN:2049,5,6086,5230,-76.85,39.01667,0.6980343921166696,0.2870201805850129,0.41101421153165674,0.8773037746215765,0.6451110934873987,0.2321926811341778,27.5,42,-14.5,14.5
Shallow,SCAN,SCAN:2050,6,3943,3366,-96.26667,47.71667000000001,0.6359429474853125,0.5838250504624606,0.05211789702285197,0.7814930075659453,0.6761796639886419,0.10531334357730338,8.9,-23.4,32.3,14.499999999999998
Shallow,SCAN,SCAN:2051,7,6544,5677,-80.55,25.5,0.5773455205803082,0.43235217511494994,0.14499334546535825,0.7013076795979416,0.6146143474405179,0.0866933321574237,27.6,36,-8.399999999999999,8.399999999999999
Shallow,SCAN,SCAN:2053,2,6892,5861,-86.53333,34.9,0.8455889854642386,0.5540075773799903,0.29158140808424826,0.861138159406198,0.7091695249154527,0.15196863449074527,-4.6,-5.5,0.9000000000000004,0.9000000000000004
Shallow,SCAN,SCAN:2055,7,5074,4184,-86.16557,34.4448,0.73419637846854,0.38657511626052277,0.34762126220801726,0.8676470136774037,0.7305841995754133,0.1370628141019904,20.8,32,-11.2,11.2
Shallow,SCAN,SCAN:2056,5,6574,5624,-86.68333,34.43333,0.7063462591178663,0.3066636175082572,0.3996826416096091,0.8554683719124012,0.6973901518065508,0.15807822010585038,-10.8,-15.4,4.6,4.6
Shallow,SCAN,SCAN:2057,10,6706,5725,-86.55,34.78333000000001,0.7846484171213408,0.6778301872894786,0.10681822983186218,0.7970050799990915,0.7252608785633196,0.07174420143577198,5.4,-6,11.4,0.5999999999999996
Shallow,SCAN,SCAN:2060,4,6212,5204,-93.88333,37.06667,0.7698891343971453,0.5836522101214473,0.18623692427569805,0.855824574312498,0.7611733651360038,0.09465120917649428,2.3,5.2,-2.9000000000000004,2.9000000000000004
Shallow,SCAN,SCAN:2061,4,6221,5412,-94.03333,38.86667,0.6529699724703174,0.37145058252318897,0.28151938994712844,0.787942816154479,0.7054930570142669,0.08244975914021213,-3.5,-28.5,25,25
Shallow,SCAN,SCAN:2064,1,6127,5195,-88.78051,33.47094,0.7356995636269047,0.6560393997143037,0.079660163912601,0.8141202317295919,0.7365182995154516,0.07760193221414036,-9.8,-21.9,12.099999999999998,12.099999999999998
Shallow,SCAN,SCAN:2068,5,5037,4534,-95.76667,42.43333,0.7392591011090699,0.5344276385881912,0.2048314625208787,0.7834881405954797,0.6863021119700425,0.09718602862543713,-10.6,-26.7,16.1,16.1
Shallow,SCAN,SCAN:2069,3,6154,5400,-71.72644,43.94843,0.4895443205361668,0.13570120829911803,0.3538431122370488,0.6072971236311534,0.34476215567877894,0.26253496795237447,17.1,21.2,-4.099999999999998,4.099999999999998
Shallow,SCAN,SCAN:2070,3,6185,5497,-91.10184,33.61962,0.6149472615715751,0.3441351256290631,0.27081213594251197,0.647745591562176,0.5181979010382789,0.12954769052389714,-15.5,-41,25.5,25.5
Shallow,SCAN,SCAN:2072,3,4339,3960,-96.61455,43.73835,0.7607777385928413,0.49212300049130364,0.2686547381015376,0.7732902021247827,0.5698680986699117,0.203422103454871,0.2,-24,24.2,23.8
Shallow,SCAN,SCAN:2075,6,6500,5925,-86.59137000000001,35.06445000000001,0.789614427560279,0.5851589181650744,0.20445550939520463,0.8991545291368522,0.7858284310243483,0.11332609811250394,0.5,-0.2,0.7,-0.3
Shallow,SCAN,SCAN:2076,5,6452,5863,-86.8938,35.0747,0.7300156171589118,0.5120145740115849,0.21800104314732693,0.8709599822193548,0.7554274741544024,0.11553250806495241,-1.9,-7.3,5.4,5.4
Shallow,SCAN,SCAN:2077,8,6340,5798,-86.19113,35.13905,0.7055795311121009,0.716869627401574,-0.011290096289473084,0.8420229078740722,0.7567204537968495,0.0853024540772227,-5.9,-13.6,7.699999999999999,7.699999999999999
Shallow,SCAN,SCAN:2078,6,6189,5681,-86.60236,34.89375,0.6503163390605446,0.6634005186925557,-0.013084179632011028,0.7431117856490526,0.6663335879826857,0.07677819766636684,-0.4,-4.4,4,4
Shallow,SCAN,SCAN:2079,2,6723,6259,-86.04093,37.1864,0.7634241348413897,0.3190633948753965,0.44436073996599323,0.883372378155943,0.6836345392199997,0.19973783893594332,14.3,27,-12.7,12.7
Shallow,SCAN,SCAN:2082,8,6187,5857,-88.74162,30.4712,0.4411288057684376,0.23663903538327635,0.20448977038516125,0.6894991903230258,0.5325214752244206,0.15697771509860514,-11.9,-27.6,15.700000000000001,15.700000000000001
Shallow,SCAN,SCAN:2083,3,6113,5807,-92.02632,34.25188,0.7017351311170543,0.04335952459915782,0.6583756065178965,0.9142935445323659,0.48401748778485904,0.43027605674750685,15.3,17.8,-2.5,2.5
Shallow,SCAN,SCAN:2084,10,5390,5138,-90.81769,34.7849,0.8120988100795369,0.6545116794550326,0.15758713062450425,0.8526777919636609,0.8116724026383378,0.04100538932532305,-11.2,-20.2,9,9
Shallow,SCAN,SCAN:2085,5,6362,6064,-90.45031,35.27732,0.7733665126198648,0.5921750870800786,0.18119142553978618,0.7861390055587824,0.6890947425674484,0.09704426299133395,2,-23.3,25.3,21.3
Shallow,SCAN,SCAN:2086,9,6360,6049,-90.51151,33.0875,0.5929864503257962,0.6582064255271316,-0.06521997520133538,0.7583094911128407,0.6677266790030036,0.0905828121098371,25.6,-8,33.6,-17.6
Shallow,SCAN,SCAN:2087,5,6262,5934,-91.05993,32.9972,0.291009877572878,0.2979845781288841,-0.00697470055600613,0.5183788922996101,0.42192049231229745,0.09645839998731265,-10.5,-23.7,13.2,13.2
Shallow,SCAN,SCAN:2088,10,6416,6120,-79.2,37.91667,0.6352988796900869,0.5159310505282809,0.119367829161806,0.8617549437335962,0.6940284682641035,0.1677264754694927,-2.1,6.4,-8.5,4.300000000000001
Shallow,SCAN,SCAN:2089,8,5118,4827,-80.13333,36.63333000000001,0.6316111194122939,0.3456478985852989,0.285963220826995,0.75885377172139,0.6500189058437698,0.10883486587762026,-17,-8.4,-8.6,-8.6
Shallow,SCAN,SCAN:2090,4,5550,5344,-92.92462,35.20842,0.818492145693982,0.7962324680363331,0.022259677657648913,0.8415581103239153,0.7985498141691203,0.043008296154794956,5.3,1.2,4.1,-4.1
Shallow,SCAN,SCAN:2091,1,6609,6423,-91.35017,34.27788,0.7529917046032353,0.5953497234784333,0.157641981124802,0.9040220966817806,0.7746275821783707,0.12939451450340989,-0.6,-19.7,19.099999999999998,19.099999999999998
Shallow,SCAN,SCAN:2092,1,6095,5945,-97.0859,37.1313,0.4714988180446539,0.38609892012488445,0.08539989791976943,0.6169968899826419,0.4798359677471991,0.1371609222354428,32.6,31.9,0.7000000000000028,-0.7000000000000028
Shallow,SCAN,SCAN:2093,3,5905,5730,-99.32953,39.78638000000001,0.6558776312192123,0.574651532782432,0.0812260984367803,0.7695118274165305,0.6868998784714574,0.08261194894507307,15.8,0.1,15.700000000000001,-15.700000000000001
Shallow,SCAN,SCAN:2094,1,6058,5915,-96.1629,39.70045,0.6121248218766435,0.4395840923276385,0.172540729549005,0.6389165341937281,0.5047385965679871,0.13417793762574093,7.2,-5.2,12.4,-2
Shallow,SCAN,SCAN:2104,9,4384,4384,-102.03869,33.615359999999995,0.646247193605612,0.504012707945753,0.14223448565985897,0.7853612808918992,0.7031444175162183,0.0822168633756809,20.5,34.2,-13.700000000000003,13.700000000000003
Shallow,SCAN,SCAN:2105,7,5321,5321,-102.37392,33.55125000000001,0.7162502745260453,0.5542626843294025,0.16198759019664277,0.8311850210409373,0.8054932246125875,0.025691796428349734,-6,39.7,-45.7,33.7
Shallow,SCAN,SCAN:2106,8,5539,5512,-102.7453,33.62647,0.7707161791738897,0.49458866855110295,0.27612751062278673,0.819192151952405,0.772463722986515,0.04672842896589002,1.1,45,-43.9,43.9
Shallow,SCAN,SCAN:2107,9,5681,5657,-103.242,33.53513,0.6415771334294669,0.16461446334625662,0.47696267008321025,0.7763935062954495,0.7662502880949666,0.010143218200482806,26.7,78.5,-51.8,51.8
Shallow,SCAN,SCAN:2108,6,5369,5369,-103.63097,33.53382,-0.17524089520189245,-2.162750169834203,1.9875092746323106,0.6776303855895054,0.654519564660487,0.023110820929018394,111.7,308.9,-197.2,197.2
Shallow,SCAN,SCAN:2109,9,5433,5406,-90.57297,33.65910999999999,-0.5981059849614758,0.03286370190229537,-0.6309696868637712,0.7489054070708067,0.6259960291432946,0.12290937792751211,151.1,88.6,62.5,-62.5
Shallow,SCAN,SCAN:2110,2,6118,6091,-90.51989,32.86153,0.46098429256858386,0.3194855175174659,0.14149877505111796,0.6163230431928327,0.605675456874124,0.010647586318708657,-13.6,-33.3,19.699999999999996,19.699999999999996
Shallow,SCAN,SCAN:2111,2,3061,3034,-101.72010000000002,40.37042,0.3317316104811632,0.41247032541915807,-0.0807387149379949,0.584951507937621,0.5961960104955238,-0.01124450255790288,-23,-32.2,9.200000000000003,9.200000000000003
Shallow,SCAN,SCAN:2113,5,5452,5425,-86.79897,34.19492,0.736936839193422,0.5304739537739582,0.20646288541946378,0.9257656262870154,0.8080323569882784,0.11773326929873706,0.9,-0.8,1.7000000000000002,-0.09999999999999998
Shallow,SCAN,SCAN:2114,9,5203,5176,-88.19743,32.608,0.7805437776067052,0.5326584853146479,0.24788529229205736,0.8084435018179248,0.7370040455068034,0.07143945631112136,-8.7,-37.8,29.099999999999998,29.099999999999998
Shallow,SCAN,SCAN:2115,3,5583,5556,-85.74802,32.43455,0.5730732473839613,-0.4844907763749058,1.057564023758867,0.6997896795358133,0.6252300772796212,0.07455960225619207,23.5,135.3,-111.80000000000001,111.80000000000001
Shallow,SCAN,SCAN:2116,7,4778,4751,-118.49344999999998,40.09247,0.3550888356470242,0.5060352950936993,-0.15094645944667506,0.4710362174319032,0.5192406531073702,-0.048204435675467006,-32,11,-43,-21
Shallow,SCAN,SCAN:2117,5,3641,3614,-111.92363,48.30453,0.5665103456808102,0.550985891780926,0.015524453899884105,0.7363936742429262,0.6684912439440126,0.06790243029891363,-18.4,-18.3,-0.09999999999999787,-0.09999999999999787
Shallow,SCAN,SCAN:2118,5,3700,3673,-111.18423,48.43578000000001,0.6031468077560002,0.5366583698963162,0.06648843785968395,0.7905943433252126,0.7316095057420816,0.058984837583131,6.9,-8,14.9,1.0999999999999996
Shallow,SCAN,SCAN:2119,2,4283,4256,-109.95082,47.05818,0.6463538967500283,0.5786134728460022,0.06774042390402613,0.8394916866567077,0.7814185879323396,0.058073098724368055,-4.3,10.9,-15.2,6.6000000000000005
Shallow,SCAN,SCAN:2120,6,2453,2434,-104.247,47.77102,0.6912013051238622,0.5139939690091883,0.17720733611467399,0.8005009259170349,0.6670374362318462,0.13346348968518873,-6,-13.3,7.300000000000001,7.300000000000001
Shallow,SCAN,SCAN:2121,7,3780,3753,-107.12731,47.522,0.6668631931693657,0.4560605803202107,0.21080261284915502,0.8674434632079947,0.7662982292717467,0.10114523393624797,-10.2,-11.6,1.4000000000000004,1.4000000000000004
Shallow,SCAN,SCAN:2125,1,4316,4289,-112.25122,38.15133,0.47190938511515657,0.6372088186730823,-0.16529943355792576,0.7526203351121257,0.69762512217686,0.05499521293526566,-19.1,9.7,-28.8,-9.400000000000002
Shallow,SCAN,SCAN:2126,1,4088,4061,-111.57803,39.36798,0.6335331075133523,0.3362797275403896,0.29725337997296275,0.6825184011427236,0.532004000155449,0.15051440098727453,-5.4,35.4,-40.8,30
Shallow,SCAN,SCAN:2127,2,4626,4599,-112.40155,39.192159999999994,0.41019491423980525,-0.5046649290199343,0.9148598432597396,0.781059410786905,0.7157163003149815,0.06534311047192354,53.1,137.8,-84.70000000000002,84.70000000000002
Shallow,SCAN,SCAN:2128,1,4721,4694,-113.64324,37.63343,0.3920737147655369,0.5940960731471522,-0.2020223583816153,0.7818738096388858,0.7824588688497529,-5.85059210867156e-4,-41.2,-23.1,-18.1,-18.1
Shallow,SCAN,SCAN:2129,3,4552,4525,-113.01053,38.34196,0.4699080853303773,0.47492634006095946,-0.00501825473058215,0.7232177466629981,0.6263129450964237,0.09690480156657444,-28,-27.5,-0.5,-0.5
Shallow,SCAN,SCAN:2130,10,4325,4298,-109.17193,37.77853,0.6526383108138314,0.5865696608022429,0.06606865001158846,0.8086476557879407,0.6585047523545204,0.1501429034334203,-13.6,8.8,-22.4,-4.799999999999999
Shallow,SCAN,SCAN:2131,8,4314,4287,-110.16264,39.01825,0.5464494620410357,0.21643350302953202,0.3300159590115037,0.6744359829660732,0.6659267043516439,0.008509278614429294,13.6,66.6,-52.99999999999999,52.99999999999999
Shallow,SCAN,SCAN:2132,3,4318,4291,-110.80604,39.53288,0.5611539722587282,0.16652632822103175,0.39462764403769646,0.8011432864475506,0.7505704250503761,0.05057286139717454,38.8,79.5,-40.7,40.7
Shallow,SCAN,SCAN:2133,10,3981,3954,-111.68555,40.9999,0.5748908557006263,0.5136630080994438,0.061227847601182495,0.6515134002545842,0.5341707711222015,0.11734262913238269,-16.6,0.9,-17.5,-15.700000000000001
Shallow,SCAN,SCAN:2134,4,3895,3868,-110.40602,40.37263,0.5926949645118855,0.47670828767181805,0.11598667684006747,0.687083670871228,0.5934604029511862,0.09362326792004183,-0.8,31.6,-32.4,30.8
Shallow,SCAN,SCAN:2135,9,4080,4053,-112.4336,41.93531,0.7950596415973727,0.6936421679815155,0.10141747361585729,0.8562510698858423,0.7487076281169862,0.10754344176885611,-13.7,10.8,-24.5,-2.8999999999999986
Shallow,SCAN,SCAN:2136,2,4372,4345,-111.98043,41.81568,0.7114478313746714,0.6238386511225401,0.08760918025213127,0.8253649511441723,0.6812634112057285,0.14410153993844377,-21.2,-18.4,-2.8000000000000007,-2.8000000000000007
Shallow,SCAN,SCAN:2137,6,4417,4390,-111.87044000000002,39.64554,0.5902692794972321,0.7236644059346518,-0.1333951264374197,0.8499344701440767,0.7674902005435831,0.08244426960049367,-23.7,2,-25.7,-21.7
Shallow,SCAN,SCAN:2138,5,4175,4148,-109.36429,37.67455,0.5790580846524216,0.570343987593691,0.008714097058730608,0.748948757634885,0.7545730591270778,-0.00562430149219284,0.2,29.1,-28.900000000000002,28.900000000000002
Shallow,SCAN,SCAN:2139,8,3762,3735,-109.12745,38.01394,0.6742089486828153,0.7102087908384455,-0.035999842155630124,0.8484146328125869,0.7576281024405078,0.09078653037207907,-23.1,-4.4,-18.700000000000003,-18.700000000000003
Shallow,SCAN,SCAN:2140,6,4850,4823,-109.33776,37.44671,0.5182457394939579,0.5755730657777121,-0.05732732628375414,0.8539297119017794,0.7422874671382826,0.11164224476349671,-28.5,32.5,-61,4
Shallow,SCAN,SCAN:2141,7,4430,4403,-115.60852,36.26527,0.7490070138085152,-0.022653636689088374,0.7716606504976036,0.782619291776033,0.8092652634710157,-0.02664597169498273,-12.5,96.1,-108.6,83.6
Shallow,SCAN,SCAN:2142,9,4108,4081,-115.78127,36.37355,0.7256211712107246,0.2513378566190271,0.4742833145916975,0.8267215139684416,0.6825255152256267,0.14419599874281497,-19.1,57.5,-76.6,38.4
Shallow,SCAN,SCAN:2144,2,4045,4018,-115.20422,36.57285,0.6631519698457631,-0.23781527979481254,0.9009672496405756,0.7446244606982855,0.7478793058948835,-0.003254845196598022,1.5,121,-119.5,119.5
Shallow,SCAN,SCAN:2145,3,3720,3693,-115.82047,36.36651,0.6393921365957145,0.11150572197947684,0.5278864146162376,0.7593439812466227,0.6279571358587857,0.13138684538783707,-20.9,80.2,-101.1,59.300000000000004
Shallow,SCAN,SCAN:2146,3,4989,4962,-115.61194999999998,36.16555000000001,0.3202335207435535,0.7432775105321736,-0.4230439897886201,0.8507999247191851,0.7698724670895118,0.08092745762967324,-48.2,6.5,-54.7,-41.7
Shallow,SCAN,SCAN:2147,1,4032,4008,-95.19128,39.05140999999999,0.5908444852258812,0.39695611317206914,0.19388837205381204,0.7548119881984773,0.6399617614218709,0.11485022677660639,9.3,-11.8,21.1,2.5
Shallow,SCAN,SCAN:2148,5,3856,3829,-117.0106,42.94863000000001,0.47010209729398045,0.5315239296865225,-0.061421832392542064,0.7463955861214806,0.697130451422959,0.04926513469852156,-32.6,-16.6,-16,-16
Shallow,SCAN,SCAN:2149,1,4288,4261,-118.4209,37.77767,0.48711142268793073,-1.808442467385353,2.2955538900732835,0.7006323222125235,0.6535982431707638,0.04703407904175971,-13,266,-279,253
Shallow,SCAN,SCAN:2150,5,2983,2956,-111.3036,41.33136,0.6144176820378886,0.34529320496663907,0.26912447707124953,0.915205752247221,0.7623490206825556,0.1528567315646654,31.7,60.4,-28.7,28.7
Shallow,SCAN,SCAN:2151,8,3196,3169,-111.18798,41.34363,0.8488999504658983,0.4116759846846191,0.4372239657812792,0.8707106751847614,0.7490425762045722,0.12166809898018927,7.7,51.2,-43.5,43.5
Shallow,SCAN,SCAN:2152,1,3913,3886,-112.39258,40.590889999999995,-0.04009695220518861,-0.9737865412950393,0.9336895890898507,0.8464404000726559,0.7710927597887322,0.07534764028392371,102.5,194.4,-91.9,91.9
Shallow,SCAN,SCAN:2153,8,3349,3323,-113.28596,41.77318000000001,-0.21099681567571715,-1.0436387886025718,0.8326419729268546,0.830094702821587,0.7723564547624694,0.05773824805911765,119.9,199.8,-79.9,79.9
Shallow,SCAN,SCAN:2154,3,3374,3347,-109.35326,40.391360000000006,0.6180602433475918,0.5040150299174266,0.11404521343016516,0.8446172778153944,0.8478204338943779,-0.003203156078983471,-11.9,41.5,-53.4,29.6
Shallow,SCAN,SCAN:2155,2,3196,3169,-110.30464,40.17957,0.48700780679787603,0.5090102161577583,-0.02200240935988229,0.7039860945732269,0.684816501079316,0.019169593493910897,-18.8,0.2,-19,-18.6
Shallow,SCAN,SCAN:2156,6,3713,3686,-112.64291,38.36649,0.4752683764138127,0.575022307402896,-0.09975393098908325,0.7314632820029988,0.7335359600870462,-0.00207267808404743,-23.4,10.3,-33.7,-13.099999999999998
Shallow,SCAN,SCAN:2157,4,3023,2996,-112.43437,37.86975000000001,0.46898066393520443,0.5856521857137598,-0.11667152177855533,0.7208638578023104,0.6566860734277029,0.06417778437460753,-27.9,9.8,-37.7,-18.099999999999998
Shallow,SCAN,SCAN:2158,10,3884,3857,-111.26189,37.51468,-0.3125890140110721,-2.693715092752729,2.381126078741657,0.8037260288508051,0.7788163510084257,0.024909677842379407,129.3,358.6,-229.3,229.3
Shallow,SCAN,SCAN:2159,2,4341,4314,-113.35615,37.10516,-0.42027608746724976,-2.0443594654626045,1.6240833779953547,0.7179021726269977,0.787321675900182,-0.06941950327318425,132.5,282.8,-150.3,150.3
Shallow,SCAN,SCAN:2160,2,3537,3510,-113.82048,41.77846,0.678853375109937,-0.18035856704180442,0.8592119421517415,0.8204915503012874,0.7244962715178425,0.09599527878344494,26.2,112.7,-86.5,86.5
Shallow,SCAN,SCAN:2161,6,3622,3595,-113.12341,37.35524000000001,-1.8634743387926873,-4.0301152110625225,2.166640872269835,0.7902835283265975,0.7862022205517062,0.004081307774891352,260.6,487.4,-226.79999999999995,226.79999999999995
Shallow,SCAN,SCAN:2162,10,3291,3264,-112.19252,37.19061000000001,-0.4009596702743181,-1.0748726614377895,0.6739129911634714,0.7640423727818986,0.7564089980861991,0.007633374695699469,134.8,196.5,-61.69999999999999,61.69999999999999
Shallow,SCAN,SCAN:2163,9,3692,3665,-113.45866,39.23724,0.5277997899497748,0.04161864025353379,0.48618114969624104,0.7574635612773795,0.6815490848544767,0.07591447642290272,-33.1,84.3,-117.4,51.199999999999996
Shallow,SCAN,SCAN:2164,5,3451,3424,-113.75102,38.59445,0.213060839425821,-1.4986488054548674,1.7117096448806883,0.6724686586577037,0.6688843445057356,0.0035843141519680266,69.3,244.6,-175.3,175.3
Shallow,SCAN,SCAN:2165,5,3183,3156,-114.00025,39.99003,0.45612998489456136,0.5187330236662635,-0.06260303877170215,0.6184680151167712,0.6317944922579495,-0.013326477141178295,-19.4,-5.9,-13.499999999999998,-13.499999999999998
Shallow,SCAN,SCAN:2166,4,3431,3404,-109.23998,38.31347,0.6453541499418372,0.5753849670570087,0.06996918288482845,0.7122238149591852,0.6830638924517138,0.029159922507471348,1.7,23.8,-22.1,22.1
Shallow,SCAN,SCAN:2168,7,4334,4307,-106.69997,32.55660000000001,-0.9875001144743296,-4.474276703310201,3.4867765888358715,0.7631366616161698,0.7105128207620789,0.052623840854090886,195.2,541.8,-346.59999999999997,346.59999999999997
Shallow,SCAN,SCAN:2169,1,4391,4364,-106.76288,34.771499999999996,0.47633847215194425,0.6365288400434408,-0.16019036789149654,0.7723834043882123,0.6789060161158572,0.09347738827235508,-26.4,-12.1,-14.299999999999999,-14.299999999999999
Shallow,SCAN,SCAN:2171,5,3332,3305,-106.69127,34.35813000000001,0.4739791200054402,0.40109640525918966,0.07288271474625052,0.7710212332236615,0.6891405089363791,0.08188072428728232,40.5,42.2,-1.7000000000000028,1.7000000000000028
Shallow,SCAN,SCAN:2172,4,3743,3716,-106.05668,36.0908,0.4823957726616096,0.3267485939697621,0.15564717869184752,0.6483063775527185,0.4505974152588717,0.19770896229384677,-22.3,37.9,-60.2,15.599999999999998
Shallow,SCAN,SCAN:2173,1,3591,3568,-87.98685,34.81982,0.6835752489547666,0.49898126382478303,0.1845939851299836,0.7143140902892936,0.6241839366988915,0.0901301535904021,5.9,-11.9,17.8,6
Shallow,SCAN,SCAN:2174,5,3778,3754,-88.31003,33.10768,0.5168804881738527,0.35094627020498936,0.16593421796886332,0.6541901875393598,0.6569136673048169,-0.0027234797654571707,0.4,-31.9,32.3,31.5
Shallow,SCAN,SCAN:2175,4,3865,3865,-85.51818,33.331680000000006,0.5649435857281444,0.21045295012460663,0.3544906356035378,0.6663598741519987,0.6189075966132359,0.0474522775387628,26.9,55.2,-28.300000000000004,28.300000000000004
Shallow,SCAN,SCAN:2176,7,3593,3577,-86.89137,32.40392,-0.6818186937339767,-0.9120711343923265,0.2302524406583497,0.7730111426590228,0.6671139009280168,0.10589724173100601,147.2,168.8,-21.600000000000023,21.600000000000023
Shallow,SCAN,SCAN:2177,9,3765,3738,-86.05253,32.28393,0.6160294187015007,0.3740618638248704,0.24196755487663035,0.73323498805549,0.6438915363677126,0.08934345168777746,-6,-33.6,27.6,27.6
Shallow,SCAN,SCAN:2178,5,3770,3746,-85.91028,32.41222,0.2359173003736903,-0.0030520499072090868,0.23896935028089938,0.5460697091171746,0.26952314710744957,0.276546562009725,-27.9,0.8,-28.7,-27.099999999999998
Shallow,SCAN,SCAN:2179,10,4018,3991,-87.45618,34.17973,0.7161212260269432,0.32017314136819297,0.3959480846587502,0.8824034863765066,0.6548792770559253,0.22752420932058126,3.3,14.6,-11.3,11.3
Shallow,SCAN,SCAN:2180,10,3369,3342,-87.69797,30.523800000000005,0.6147436744456525,0.27984360002359443,0.33490007442205805,0.812261727051879,0.6260354913805785,0.1862262356713006,31.8,61.4,-29.599999999999998,29.599999999999998
Shallow,SCAN,SCAN:2181,6,3572,3545,-87.55277,31.10923,0.5377681865828381,0.5443391007217202,-0.006570914138882111,0.7992288161255438,0.6758649783970176,0.1233638377285261,-22.4,1.7,-24.099999999999998,-20.7
Shallow,SCAN,SCAN:2182,2,2795,2768,-85.03693,31.019120000000004,0.5450625828442641,0.08862011662515534,0.4564424662191088,0.8118616136583907,0.7014952703705741,0.11036634328781658,39.8,86,-46.2,46.2
Shallow,SCAN,SCAN:2183,7,2513,2486,-115.30505,33.80208,-0.07068934927435011,-2.071828146259817,2.001138796985467,0.31086990910965734,0.3575976902682373,-0.04672778115857995,-40.8,288.5,-329.3,247.7
Shallow,SCAN,SCAN:2184,8,2813,2786,-115.09763,33.654700000000005,0.24360535316841236,-0.10367670787634697,0.34728206104475934,0.5979758295328836,0.5718614477508126,0.02611438178207104,-38.4,82.2,-120.6,43.800000000000004
Shallow,SCAN,SCAN:2185,1,3070,3043,-115.16692999999998,34.67235,0.505280211923508,-1.0144811726451315,1.5197613845686395,0.6946000452907644,0.6628447307308312,0.03175531455993319,-7.2,182.4,-189.6,175.20000000000002
Shallow,SCAN,SCAN:2186,6,2353,2326,-115.71510000000002,35.466069999999995,0.43992586159494473,-0.6649702003344289,1.1048960619293737,0.6230057101320785,0.6713456948464309,-0.04833998471435241,-35.1,113.2,-148.3,78.1
Shallow,SCAN,SCAN:2187,8,3398,3371,-117.97383000000002,37.37222,0.3871407823663987,0.135490744796127,0.2516500375702717,0.6948142199910632,0.6547811871050624,0.0400330328860008,-43.5,63.8,-107.3,20.299999999999997
Shallow,SCAN,SCAN:2189,1,3366,3339,-119.59608,35.11807,0.8240270241450465,0.03750649850474075,0.7865205256403057,0.9096325022333981,0.9172243659041788,-0.007591863670780685,-7,92.7,-99.7,85.7
Shallow,SCAN,SCAN:2190,10,1660,1635,-116.35132,36.32502,-0.185831080939588,-3.1227199916959627,2.936888910756375,0.27041231541567406,0.23843507807733727,0.031977237338336795,80.9,396,-315.1,315.1
Shallow,SCAN,SCAN:2191,9,3316,3289,-118.82643,37.63423,-0.97442304093284,-6.765773208682747,5.791350167749907,0.7992563458386205,0.6132779056908139,0.18597844014780662,185.9,748.4,-562.5,562.5
Shallow,SCAN,SCAN:2192,6,3081,3054,-120.72472,40.6175,-1.1319515652102106,-1.8164772079563822,0.6845256427461717,0.7717771361540887,0.7263082028261715,0.04546893332791724,167.5,252.5,-85,85
Shallow,SCAN,SCAN:2193,4,2231,2204,-94.0364,37.9872,0.6095436882527215,0.511571864226112,0.09797182402660953,0.8280503954843984,0.7486119180128835,0.07943847747151489,-13,-14.1,1.0999999999999996,1.0999999999999996
Shallow,SCAN,SCAN:2194,10,3307,3280,-92.2594,36.9973,-0.07708328920413754,-0.13903197074319396,0.061948681539056416,0.6549892299098001,0.6016746504406209,0.05331457946917928,100.8,105.4,-4.6000000000000085,4.6000000000000085
Shallow,SCAN,SCAN:2195,4,2767,2740,-92.11942,39.2285,0.710472515297456,0.511145173592223,0.19932734170523303,0.8929674229682674,0.7695880222162467,0.1233794007520207,3.1,-21.7,24.8,18.599999999999998
Shallow,SCAN,SCAN:2196,10,2432,2405,-90.3899,42.70785,0.7724427183229593,0.545265555065483,0.22717716325747628,0.7895156036847218,0.6232652184760209,0.16625038520870095,1.7,-17.1,18.8,15.400000000000002
Shallow,SCAN,SCAN:2197,1,2385,2358,-104.71068,40.822799999999994,0.7438428301517058,0.5195028391814418,0.22433999097026402,0.8807579911299829,0.7211347636721386,0.1596232274578443,3.1,24.8,-21.7,21.7
Shallow,SCAN,SCAN:2198,3,2374,2347,-117.08008,46.78372999999999,0.6961733313065928,0.6567998489790925,0.039373482327500264,0.9145819810130579,0.8775806836282518,0.037001297384806064,-15.4,-7.7,-7.7,-7.7
Shallow,SCAN,SCAN:2199,8,2262,2235,-96.88162,31.47907,0.5685779710538756,0.3821124977588144,0.18646547329506125,0.8276565752273203,0.8508794458043915,-0.023222870577071175,4.5,-30.4,34.9,25.9
Shallow,SCAN,SCAN:2200,7,2972,2945,-100.50748,31.5496,0.7337141072107642,0.4730118881781056,0.26070221903265867,0.7506854040954464,0.6987409376081868,0.05194446648725959,-6.7,-15.6,8.899999999999999,8.899999999999999
Shallow,SCAN,SCAN:2201,4,2717,2690,-99.86657,33.44635,0.27924560239203144,0.3671443713668133,-0.08789876897478188,0.65422875019632,0.6226719848905898,0.03155676530573015,-36.8,-20.4,-16.4,-16.4
Shallow,SCAN,SCAN:2202,9,2376,2349,-99.2464,34.01635,0.7232082953244218,0.5607968070301956,0.16241148829422614,0.8582373165514671,0.7669527468695853,0.09128456968188181,17.6,-5.5,23.1,-12.100000000000001
Shallow,SCAN,SCAN:2203,9,2766,2739,-98.19563,32.24535,0.7730277054419536,0.5815970323590116,0.19143067308294204,0.9000013370897135,0.8040820529909348,0.0959192840987787,-0.8,-20.3,19.5,19.5
Shallow,SCAN,SCAN:2204,9,2707,2680,-99.75517000000002,29.21578,0.7297090739579859,0.5301887057199632,0.19952036823802266,0.7628130033798015,0.6605172581769388,0.10229574520286266,-3.5,-15.5,12,12
Shallow,SCAN,SCAN:2205,5,2250,2223,-97.95927,26.15553,0.7792678139291489,0.47164386237442824,0.30762395155472066,0.82707634023422,0.7720645173549554,0.05501182287926465,-11.8,-44.5,32.7,32.7
Shallow,SCAN,SCAN:2206,4,1334,1307,-97.88223,27.54945,0.5402312077492837,0.5187194560633436,0.021511751685940106,0.8441098279931348,0.8108059689332012,0.033303859059933605,-16.2,34,-50.2,17.8
Shallow,SCAN,SCAN:2207,7,2175,2148,-94.29283,30.06844999999999,0.5218165264790475,0.3912451791886302,0.1305713472904173,0.7675531049515292,0.7052916318136746,0.06226147313785457,4.5,-26.1,30.6,21.6
Shallow,SCAN,SCAN:2214,2,1707,1680,-120.6872,41.05204,0.7282661724273234,0.5091470363989998,0.21911913602832356,0.8818419468131198,0.8666695716873544,0.015172375125765414,-14.6,45.1,-59.7,30.5
Shallow,SCAN,SCAN:2215,10,1947,1920,-119.12645,38.26477,0.21242668428648503,-0.3975763348677426,0.6100030191542276,0.8861352933998423,0.6939718133707216,0.19216348002912076,72.7,136.3,-63.60000000000001,63.60000000000001
Shallow,SCAN,SCAN:2216,5,1070,1043,-119.9534,40.87959,0.5647231830906758,0.29264085465331613,0.2720823284373597,0.904403569212011,0.7087549511480523,0.19564861806395872,-39.4,-40,0.6000000000000014,0.6000000000000014
Shallow,SCAN,SCAN:2217,1,2909,2882,-120.55463,36.54417,0.19460447943870007,0.5415249544477417,-0.34692047500904166,0.7033389914144668,0.6676978364147134,0.0356411549997534,-57.2,-26.1,-31.1,-31.1
Shallow,SCAN,SCAN:2218,5,2425,2398,-122.55083,40.79361000000001,0.5395333563163485,-0.1512530946418278,0.6907864509581763,0.848323124843823,0.8260763907263925,0.0222467341174305,34.6,110.1,-75.5,75.5
Shallow,SCAN,SCAN:2219,10,1975,1948,-119.47831,34.97018,0.42193925057315307,0.7915589223704304,-0.3696196717972773,0.8813022080496027,0.8237283877981639,0.057573820251438756,-43.8,8.3,-52.099999999999994,-35.5
Shallow,SCAN,SCAN:2220,5,2504,2477,-90.78278,39.15306,0.8245605401749825,0.5192647517112499,0.3052957884637326,0.8531323689433483,0.6644291882643615,0.18870318067898684,3.7,-27,30.7,23.3
Shallow,SCAN,SCAN:2223,3,1617,1617,-92.13475,38.52557000000001,0.8432157506766618,0.735669980455946,0.10754577022071576,0.8874446640462952,0.8297185939000161,0.05772607014627906,8,-9,17,1
Shallow,SCAN,SCAN:2227,10,1179,1179,-90.80639,38.47889,0.8111607690459626,0.6649638728815094,0.1461968961644532,0.901637316360695,0.7983173561921607,0.10331996016853429,0.6,-10.8,11.4,10.200000000000001
Shallow,SCAN,SCAN:2229,6,742,742,-115.2212,40.636970000000005,0.722312859528727,0.4033585905204532,0.31895426900827384,0.7373044836651917,0.7299406778008849,0.007363805864306849,-8.2,28.7,-36.9,20.5
Shallow,SCAN,SCAN:581,9,2436,2409,-105.18702,47.21415,0.24207597360854805,0.17061572290699267,0.07146025070155537,0.6798752997268491,0.49621956851123583,0.1836557312156133,68.5,65.7,2.799999999999997,-2.799999999999997
Shallow,SCAN,SCAN:674,9,5195,4931,-115.99643000000002,43.32268,0.5150282087531477,-0.24986024252436256,0.7648884512775103,0.7823548096147217,0.8286234098204568,-0.04626860020573509,30,117.6,-87.6,87.6
Shallow,SCAN,SCAN:808,8,4208,4181,-111.58655,45.80272,0.5719637079195876,0.5363956521337012,0.0355680557858864,0.7903491091499059,0.5840238912887482,0.20632521786115765,-16.8,9.2,-26,-7.600000000000001
Shallow,SNTL,SNTL:1006,10,3478,3451,-116.8647,40.35719999999999,0.7277962800475156,0.5027908765362539,0.22500540351126175,0.8542291587211318,0.7428151374271097,0.11141402129402211,-20.4,5.6,-26,-14.799999999999999
Shallow,SNTL,SNTL:1013,5,5234,4649,-111.54605,41.79299999999999,0.7670419357731975,0.5405537998524927,0.22648813592070471,0.8855820970435669,0.6284114447049111,0.2571706523386559,-8.1,26.3,-34.4,18.200000000000003
Shallow,SNTL,SNTL:1014,10,2937,2910,-106.02802,39.79565000000001,-0.17661405503087013,-1.4049885638207562,1.228374508789886,0.22036327383401663,0.15673291543241072,0.06363035840160591,82,225.2,-143.2,143.2
Shallow,SNTL,SNTL:1015,5,3486,3013,-107.2574,41.40107,0.633872314561251,0.5118984884314218,0.12197382612982921,0.8654215344442903,0.71105086289042,0.1543706715538703,-9.1,16.2,-25.299999999999997,7.1
Shallow,SNTL,SNTL:1016,3,5822,4874,-116.08878,44.78835000000001,0.6529344214581906,-0.3354366837024543,0.9883711051606449,0.6774785429976395,0.5361711799201324,0.14130736307750713,12.8,103,-90.2,90.2
Shallow,SNTL,SNTL:1017,5,2512,2485,-106.81361,36.02653,0.6908367004691257,0.4918947074394866,0.1989419930296391,0.8764549422425227,0.5970729605542554,0.27938198168826733,24.3,21.5,2.8000000000000007,-2.8000000000000007
Shallow,SNTL,SNTL:1030,10,2102,1917,-106.38141,40.35098,0.6778835728696309,0.20883685953098408,0.4690467133386468,0.8667729465384805,0.4395587846131865,0.427214161925294,-1.5,16.1,-17.6,14.600000000000001
Shallow,SNTL,SNTL:1033,6,3590,3232,-106.59544,40.79492,0.5602793478607817,0.3682699830538826,0.19200936480689912,0.7097410212024473,0.5423262282447693,0.16741479295767803,-21.9,11.5,-33.4,-10.399999999999999
Shallow,SNTL,SNTL:1034,6,4698,4244,-105.79467,33.40682,0.1786706353570101,0.055686496698169274,0.12298413865884084,0.3964761160214788,0.24378678681934005,0.15268932920213876,30.4,7.1,23.299999999999997,-23.299999999999997
Shallow,SNTL,SNTL:1039,6,4661,4186,-111.60992,40.283,0.4657380119466752,0.024401859979213403,0.4413361519674618,0.8086087306870702,0.6115772727787396,0.19703145790833054,49.6,86.4,-36.800000000000004,36.800000000000004
Shallow,SNTL,SNTL:1042,10,2278,2228,-105.6025,40.201,0.4611285559674153,0.12021849869039392,0.3409100572770214,0.6523893150846605,0.6268293389824654,0.02555997610219507,15.8,64.2,-48.400000000000006,48.400000000000006
Shallow,SNTL,SNTL:1045,3,5403,5009,-105.38571,41.22824,0.5120726022423274,0.18906667392048915,0.3230059283218383,0.6967889315584312,0.29506054272409443,0.4017283888343368,-14.1,0.8,-14.9,-13.299999999999999
Shallow,SNTL,SNTL:1046,3,2741,2621,-106.23101,41.23843,0.43372918779350833,-0.025015537530407084,0.4587447253239154,0.5843309207425167,0.197918711196629,0.38641220954588773,-6.4,36.7,-43.1,30.300000000000004
Shallow,SNTL,SNTL:1047,4,2261,2234,-106.94284,41.070510000000006,0.36933019085685437,0.08584636333594631,0.28348382752090806,0.3872836572271117,0.19119703423880136,0.19608662298831037,1.3,29.6,-28.3,28.3
Shallow,SNTL,SNTL:1049,5,3803,3560,-119.9597,38.68245,0.223452078407663,0.23759199390056362,-0.014139915492900612,0.8010770397375208,0.49390928707511517,0.3071677526624056,-62.3,-47.4,-14.899999999999999,-14.899999999999999
Shallow,SNTL,SNTL:1050,3,3738,3374,-119.88732000000002,38.83652,-0.4784845980612009,-2.9700663375610294,2.4915817394998285,0.3865073700712163,0.2220490196274763,0.16445835044374002,133.2,387.7,-254.5,254.5
Shallow,SNTL,SNTL:1051,9,3498,3241,-119.89419999999998,38.71943,0.5642438968200054,0.2004296531698917,0.3638142436501137,0.8157826291829664,0.47765528478589975,0.33812734439706665,8.4,25.6,-17.200000000000003,17.200000000000003
Shallow,SNTL,SNTL:1052,5,3083,2881,-119.53522,38.39747,0.46426026647034957,-0.46653544680790504,0.9307957132782546,0.7578727278446423,0.42343948672785003,0.3344332411167923,-16.5,127.1,-143.6,110.6
Shallow,SNTL,SNTL:1053,1,5223,4922,-116.46312,48.72263,0.6331795645706009,0.0780965995808508,0.5550829649897501,0.9204920746470472,0.7361030503213863,0.18438902432566084,19.9,82.5,-62.6,62.6
Shallow,SNTL,SNTL:1054,10,3424,3211,-111.81702,40.992,0.8398167018251206,0.6774535890297488,0.16236311279537174,0.8947108979734703,0.8231659185020092,0.0715449794714611,-7.6,-2.7,-4.8999999999999995,-4.8999999999999995
Shallow,SNTL,SNTL:1056,5,2772,2716,-111.48749,41.35891,0.8322640614195935,0.19315593481812188,0.6391081266014716,0.8604224827813769,0.5957742648281054,0.26464821795327154,5.6,65,-59.4,59.4
Shallow,SNTL,SNTL:1059,4,1930,1903,-106.5988,38.16273,0.22256558928954562,0.0752257610181406,0.14733982827140502,0.4500192931185116,0.5529667464143165,-0.10294745329580496,46.3,51.9,-5.600000000000001,5.600000000000001
Shallow,SNTL,SNTL:1060,9,2928,2866,-108.11405,37.50356,0.46283914542557725,0.28186260456036083,0.18097654086521642,0.6520163316521373,0.39127128761774704,0.2607450440343903,-31.5,-35.8,4.299999999999997,4.299999999999997
Shallow,SNTL,SNTL:1065,5,5142,5055,-113.94235,37.49616999999999,0.3309819589172386,0.3456515573548842,-0.014669598437645592,0.7540838521723313,0.573618017373449,0.18046583479888234,-40.8,-33.8,-7,-7
Shallow,SNTL,SNTL:1066,1,3979,3921,-113.45988,37.40083,0.5934540388550829,0.07429596305844388,0.519158075796639,0.8400101440703766,0.7072913736330901,0.13271877043728642,36.1,83.7,-47.6,47.6
Shallow,SNTL,SNTL:1067,5,3023,2968,-120.00220000000002,38.692699999999995,0.10439315648796943,5.996117084738906e-6,0.10438716037088469,0.5968563486969454,0.22658175049038337,0.370274598206562,-62.4,-34.5,-27.9,-27.9
Shallow,SNTL,SNTL:1080,6,184,184,-121.19713,48.92755,0.6074262754771915,-0.036012244460236875,0.6434385199374284,0.6159975101839955,0.4124024393044468,0.2035950708795487,5.7,81.2,-75.5,75.5
Shallow,SNTL,SNTL:1081,6,3304,3277,-117.03667000000002,47.855830000000005,0.7531832754973574,0.2219245430538499,0.5312587324435075,0.7774571878521084,0.7406985173675734,0.03675867048453496,-10.7,69.3,-80,58.599999999999994
Shallow,SNTL,SNTL:1082,9,1672,1645,-110.92783,43.77933,0.5779864995014887,0.22712837498659788,0.35085812451489085,0.8199045687248886,0.5466336734412597,0.2732708952836289,-27,-8.6,-18.4,-18.4
Shallow,SNTL,SNTL:1083,4,2865,2839,-105.52706,36.1279,0.6211683976611744,0.4624644358439213,0.1587039618172531,0.6663867307604451,0.49456437043653867,0.1718223603239064,14.8,11.1,3.700000000000001,-3.700000000000001
Shallow,SNTL,SNTL:1084,5,554,554,-123.27563,45.24755,0.252393632560157,0.8765702892684358,-0.6241766567082788,0.9206225773858959,0.9270511833554558,-0.006428605969559853,-36,-9.6,-26.4,-26.4
Shallow,SNTL,SNTL:1097,7,2998,2971,-110.43395,39.67712,0.6087554186916558,0.2787129142865914,0.33004250440506444,0.8199184111014349,0.7318970604647241,0.0880213506367108,-31,-37.7,6.700000000000003,6.700000000000003
Shallow,SNTL,SNTL:1098,3,2330,2303,-111.50603,41.86424999999999,0.8642172165595885,0.28479290606857244,0.5794243104910161,0.8678642151015625,0.7202330458260653,0.14763116927549724,2.3,45.6,-43.300000000000004,43.300000000000004
Shallow,SNTL,SNTL:1099,2,2431,2404,-112.16788,38.07125,0.7004042845878209,0.19438763365423706,0.5060166509335838,0.8562856374651998,0.4047729549625703,0.4515126825026295,-4.8,1,-5.8,-3.8
Shallow,SNTL,SNTL:1110,4,3732,3705,-115.62972000000002,36.2493,0.6500228410928139,0.1258793815970486,0.5241434594957654,0.7227689325629563,0.536029035748783,0.18673989681417325,-11.2,72.4,-83.60000000000001,61.2
Shallow,SNTL,SNTL:1111,3,3447,3420,-115.69543,36.31575,0.405699864442005,0.18609648472870222,0.2196033797133028,0.6498287043979625,0.25675153916284976,0.3930771652351127,-37.7,31.7,-69.4,-6.0000000000000036
Shallow,SNTL,SNTL:1112,3,3039,3012,-115.67508,36.30537000000001,0.3394651247379906,0.517644046131591,-0.17817892139360036,0.7286170168006186,0.6511027075945922,0.07751430920602642,-50.7,-1.6,-49.1,-49.1
Shallow,SNTL,SNTL:1114,4,2071,2044,-111.4693,41.9215,0.6810750030476105,-0.010171295189547847,0.6912462982371583,0.8876315654342846,0.79028295023475,0.09734861519953453,29.8,85.8,-56,56
Shallow,SNTL,SNTL:1115,9,2402,2375,-111.59713,41.96769,0.7302389159616076,0.47764700353342826,0.25259191242817935,0.8325061744880765,0.7056315154205925,0.12687465906748396,-0.3,-3.9,3.6,3.6
Shallow,SNTL,SNTL:1116,5,2524,2497,-110.3529,40.5502,-0.3654568356820216,-0.5604505093943082,0.1949936737122866,0.7577261856363589,0.515013699694375,0.2427124859419838,132.3,147.7,-15.399999999999977,15.399999999999977
Shallow,SNTL,SNTL:1117,10,1721,1694,-110.00527,40.83867999999999,0.4888562544685927,0.20547381555039335,0.28338243891819936,0.7914481720095864,0.3935356807884,0.3979124912211864,-28.9,-39.8,10.899999999999999,10.899999999999999
Shallow,SNTL,SNTL:1118,4,2758,2731,-111.35947,41.22155,0.6665857801332948,0.4875847125954247,0.17900106753787015,0.8601607837035803,0.7288775361018114,0.1312832476017689,-29.3,6.2,-35.5,-23.1
Shallow,SNTL,SNTL:1119,9,1392,1365,-106.714,41.05623,0.780662471949518,0.29670976329962784,0.48395270864989015,0.7828880466978367,0.4980829226265617,0.28480512407127506,-1.8,42.4,-44.199999999999996,40.6
Shallow,SNTL,SNTL:1121,8,3692,3665,-111.74479,35.26773,0.5858026523213319,0.5058638815624743,0.07993877075885758,0.7940408355182097,0.5953018966878809,0.19873893883032878,-15.1,-2,-13.1,-13.1
Shallow,SNTL,SNTL:1123,7,1639,1612,-105.7654,40.51154,0.5933676801622991,-0.11163401112796101,0.7050016912902601,0.6782059671967254,0.038657981295259596,0.6395479859014659,0.8,40.5,-39.7,39.7
Shallow,SNTL,SNTL:1125,5,3520,3493,-111.50868,34.96942,0.5040954637119193,0.4155244483567617,0.08857101535515755,0.754115389381894,0.4765664572004535,0.27754893218144056,-4.6,9.3,-13.9,4.700000000000001
Shallow,SNTL,SNTL:1130,7,845,845,-109.3774,43.6748,-0.2728912517854525,-0.6857459973722273,0.4128547455867748,0.2730235439410983,-0.02969761237029858,0.30272115631139684,100.7,124.1,-23.39999999999999,23.39999999999999
Shallow,SNTL,SNTL:1133,8,1671,1644,-109.4112,42.7121,0.29351391553361483,0.22415050799088032,0.06936340754273451,0.8218888811374192,0.6438701898474172,0.17801869129000203,-55.6,-31.5,-24.1,-24.1
Shallow,SNTL,SNTL:1134,7,2220,2193,-109.0883,42.5801,0.5372810592124078,0.03775307800257499,0.49952798120983277,0.8011450394277341,0.6823204162662168,0.11882462316151732,39.2,89.4,-50.2,50.2
Shallow,SNTL,SNTL:1135,7,3753,3726,-110.85075,40.98492,0.18731308573245442,0.3089921285985019,-0.12167904286604747,0.6107643027650419,0.5331980527068898,0.0775662500581521,-43.2,-29.5,-13.700000000000003,-13.700000000000003
Shallow,SNTL,SNTL:1136,9,2249,2222,-116.3408,41.3187,0.7476850389119013,0.3217948760685333,0.425890162843368,0.7929891165955381,0.6742165221303879,0.1187725944651502,13.8,47.1,-33.3,33.3
Shallow,SNTL,SNTL:1137,1,2544,2517,-115.9834,39.4495,0.2707411635126429,0.02151344270604516,0.24922772080659772,0.8826869720641973,0.7338342380763548,0.1488527339878425,71.9,86.2,-14.299999999999997,14.299999999999997
Shallow,SNTL,SNTL:1138,5,3278,3251,-108.94556,36.17716,0.3674364533683925,0.29497270008724574,0.07246375328114674,0.786293928050808,0.48658560620292174,0.29970832184788626,-53.5,-44.5,-9,-9
Shallow,SNTL,SNTL:1139,3,2525,2499,-112.06221,35.26238,0.6157877311109176,0.3790862765981228,0.23670145451279478,0.8844315508427972,0.8590195855217413,0.02541196532105594,2.5,48.9,-46.4,46.4
Shallow,SNTL,SNTL:1140,4,2373,2346,-111.38262,34.45551999999999,0.27223701688997337,0.25476461980491605,0.017472397085057323,0.7274016282817357,0.6616019186954185,0.0657997095863172,-37.9,-28.4,-9.5,-9.5
Shallow,SNTL,SNTL:1141,10,2332,2305,-106.74504,38.99070999999999,0.20747310337862968,0.016208198834836818,0.19126490454379286,0.4037977437245178,0.6708875306634118,-0.26708978693889396,45.1,88.8,-43.699999999999996,43.699999999999996
Shallow,SNTL,SNTL:1142,4,3077,3050,-115.7957,46.49597,0.8980938568970478,0.4275181654445528,0.470575691452495,0.9486496223124348,0.8622911532182574,0.08635846909417733,6.2,43.5,-37.3,37.3
Shallow,SNTL,SNTL:1145,1,1835,1808,-111.41249,41.24764,0.6175724994585163,0.5285511611709984,0.0890213382875179,0.8862454107084479,0.7956535003972887,0.09059191031115921,-20.6,19.6,-40.2,-1
Shallow,SNTL,SNTL:1146,4,2597,2570,-112.192,39.3485,0.31159105637858864,-0.050844597806481984,0.3624356541850706,0.412216474041232,0.20171458932354155,0.21050188471769046,9.1,45.3,-36.199999999999996,36.199999999999996
Shallow,SNTL,SNTL:1147,6,1644,1617,-114.31021,39.00995000000001,0.5554361242992154,-0.3594813998283133,0.9149175241275287,0.6784506046218367,0.5685359315787663,0.10991467304307045,9.9,125.9,-116,116
Shallow,SNTL,SNTL:1148,8,1865,1839,-112.65037,37.70463,0.6171971723704281,0.43586035906122156,0.1813368133092066,0.9158442180808325,0.7669572580877224,0.14888695999311008,-36.8,-29.3,-7.4999999999999964,-7.4999999999999964
Shallow,SNTL,SNTL:1149,1,2508,2481,-111.76693,38.50455,0.47751446013960364,0.13798906298575864,0.339525397153845,0.7634790678638629,0.5997650037072901,0.16371406415657275,46,67.7,-21.700000000000003,21.700000000000003
Shallow,SNTL,SNTL:1150,8,1827,1811,-114.62762,39.5579,0.5571262810153768,-0.04629470579504802,0.6034209868104248,0.7933520987655074,0.5970331671033725,0.19631893166213488,38.9,87.9,-49.00000000000001,49.00000000000001
Shallow,SNTL,SNTL:1151,8,1664,1637,-113.41154,41.91562,0.5348864616297406,0.012145405354729633,0.522741056275011,0.7025755564409478,0.27994857148215746,0.42262698495879036,-21.9,28.9,-50.8,7
Shallow,SNTL,SNTL:1153,6,1829,1802,-109.44717,37.86943,0.5946441327418965,0.36450093682994733,0.2301431959119492,0.8274325727695644,0.7422913869633344,0.08514118580622998,-24.2,-21.9,-2.3000000000000007,-2.3000000000000007
Shallow,SNTL,SNTL:1154,5,1903,1876,-112.85674,37.67994,0.05059498974016763,0.16732898781230754,-0.11673399807213991,0.8485860134162072,0.6236479288468414,0.22493808456936581,89.2,69.6,19.60000000000001,-19.60000000000001
Shallow,SNTL,SNTL:1155,8,3153,3126,-114.64863,39.46138,0.5838636482535149,0.1113771493417679,0.472486498911747,0.7340092462045562,0.7263947107845727,0.00761453541998347,25.9,83.4,-57.50000000000001,57.50000000000001
Shallow,SNTL,SNTL:1156,10,2360,2333,-112.00779,38.49746,-0.17252252667652446,-0.4967057949658622,0.32418326828933774,0.7937634284276307,0.45637545289348475,0.33738797553414596,115.4,133.5,-18.099999999999994,18.099999999999994
Shallow,SNTL,SNTL:1162,4,2072,2045,-110.5828,40.95813999999999,0.5140077593314674,0.3504711385010675,0.16353662083039988,0.8679737003538484,0.5843516974370419,0.2836220029168065,42.1,15.7,26.400000000000002,-26.400000000000002
Shallow,SNTL,SNTL:1163,10,2546,2519,-110.54056,40.88472,0.5477864425470395,0.18706319504909108,0.3607232474979484,0.7282543298410296,0.3652925758803865,0.36296175396064306,-33.3,-43.2,9.900000000000006,9.900000000000006
Shallow,SNTL,SNTL:1164,8,383,383,-111.04469,40.47733,0.6489952357251433,0.4860345641688496,0.16296067155629368,0.9221914467152946,0.7420706135060995,0.18012083320919514,21.9,31.3,-9.400000000000002,9.400000000000002
Shallow,SNTL,SNTL:1168,8,1760,1733,-105.45617,36.58195,0.5538388720317176,0.2375401478672674,0.31629872416445015,0.7062174930739201,0.46276094459155254,0.24345654848236759,-7.2,12.8,-20,5.6000000000000005
Shallow,SNTL,SNTL:1169,8,1691,1664,-105.2392,36.787650000000006,-0.22585565578928857,-0.21144677091229558,-0.014408884876992989,0.09638989091688653,0.07376846419749511,0.02262142671939142,-37.2,-7.4,-29.800000000000004,-29.800000000000004
Shallow,SNTL,SNTL:1170,3,3496,3469,-105.33038,36.40869,-0.28254644426714615,-0.6809771045355617,0.39843066026841556,0.7397810396934427,0.15464642226231734,0.5851346174311254,125.5,145.3,-19.80000000000001,19.80000000000001
Shallow,SNTL,SNTL:1173,3,1710,1710,-106.54805,36.00469,0.5706321175276797,0.3799981487438929,0.1906339687837868,0.8064270699370016,0.7422203075708276,0.06420676236617406,-13,-11.7,-1.3000000000000007,-1.3000000000000007
Shallow,SNTL,SNTL:1184,7,2281,2255,-111.68892,38.7882,0.6534057593027603,0.26901021047969575,0.3843955488230646,0.886078208864894,0.6871821468019026,0.19889606206299137,-20.9,-31.5,10.600000000000001,10.600000000000001
Shallow,SNTL,SNTL:1185,9,1084,1057,-108.18376,37.78968,0.6160847207633,0.21508211235135466,0.40100260841194535,0.6464955706286006,0.4073618268424263,0.23913374378617436,1.8,24.5,-22.7,22.7
Shallow,SNTL,SNTL:1187,10,1384,1378,-105.75472,40.03589999999999,0.39901067444233373,0.21572806773814746,0.18328260670418628,0.487849123776138,0.2602896177026868,0.22755950607345116,-27.3,25.8,-53.1,-1.5
Shallow,SNTL,SNTL:1192,5,1937,1910,-110.66068,40.84456,0.379106284486071,0.12168163337674676,0.2574246511093242,0.6111777811212521,0.4461432780646499,0.16503450305660222,-42.5,-51.5,9,9
Shallow,SNTL,SNTL:1194,4,2048,2021,-118.99663,41.48953,0.47896547595181915,-0.3220958391312061,0.8010613150830252,0.907933283593737,0.7829365840059908,0.12499669958774628,50.1,120.7,-70.6,70.6
Shallow,SNTL,SNTL:1195,4,2886,2859,-117.58812,40.88358,0.6141639006153694,0.5836557559624199,0.030508144652949487,0.7680026318601786,0.684457496070791,0.0835451357893876,-30.5,-12.8,-17.7,-17.7
Shallow,SNTL,SNTL:1196,3,2791,2764,-106.34697,41.378330000000005,0.3912060219296185,0.3006747125648078,0.09053130936481069,0.6029469771927937,0.3028609358691372,0.30008604132365646,-25.4,-0.3,-25.099999999999998,-25.099999999999998
Shallow,SNTL,SNTL:1197,3,1965,1938,-112.77495,37.74797,0.4169021365949612,0.4211013315003088,-0.004199194905347592,0.8318934165761396,0.816579691445776,0.015313725130363554,54.4,35.1,19.299999999999997,-19.299999999999997
Shallow,SNTL,SNTL:1212,1,3484,3457,-111.60497,34.86142,0.710180967038172,0.5644113898735135,0.14576957716465855,0.8984632948091292,0.804423433205525,0.09403986160360422,-26.4,-33.9,7.5,7.5
Shallow,SNTL,SNTL:1214,2,2071,2044,-112.25233,40.46182,0.5006398967977677,0.3125573083675377,0.18808258843022996,0.8740517840499817,0.7222646576486216,0.15178712640136016,37.9,58.1,-20.200000000000003,20.200000000000003
Shallow,SNTL,SNTL:1215,4,2294,2267,-109.29164,38.48167,0.569965121743581,0.29578113942107187,0.2741839823225092,0.7727565735129547,0.6165265569561206,0.1562300165568341,-8.2,-11.4,3.200000000000001,3.200000000000001
Shallow,SNTL,SNTL:1216,1,1785,1758,-111.30576,39.61774,0.7640383555170249,0.47332185890080725,0.2907164966162177,0.8711416670789082,0.7311823072080293,0.13995935987087882,11.5,-0.9,12.4,-10.6
Shallow,SNTL,SNTL:1217,5,1944,1917,-111.72508,39.49667000000001,0.7983739375205223,0.42497617558657563,0.3733977619339467,0.8890213954914951,0.8051608679907621,0.08386052750073292,-10.6,-19.7,9.1,9.1
Shallow,SNTL,SNTL:1221,4,1774,1747,-111.48827,39.32019,0.707597637080106,0.3070995916711592,0.40049804540894685,0.7827754737397951,0.8023772263319325,-0.019601752592137478,-9.7,-20.1,10.400000000000002,10.400000000000002
Shallow,SNTL,SNTL:1222,4,1494,1467,-111.45383,39.30229,0.6382885607704178,0.32166687264297944,0.3166216881274384,0.7672627419794175,0.5691204483085552,0.19814229367086222,-6.8,6,-12.8,-0.7999999999999998
Shallow,SNTL,SNTL:1223,6,2153,2126,-111.35971,40.18538000000001,-0.013684156833549732,-0.10771216323409272,0.09402800640054298,0.8896595419865464,0.8198772195249661,0.06978232246158034,100.8,107.2,-6.400000000000006,6.400000000000006
Shallow,SNTL,SNTL:1224,4,1802,1775,-111.50527,39.13648,0.6672617898216816,0.3344085335525947,0.3328532562690869,0.6881186424816591,0.5655058097076082,0.12261283277405088,7.1,-17.8,24.9,10.700000000000001
Shallow,SNTL,SNTL:1225,8,2158,2131,-111.21765,40.67505,0.5481563721442584,-0.2534466682274723,0.8016030403717307,0.9141135999188083,0.7022098684386445,0.21190373148016373,43.7,121.5,-77.8,77.8
Shallow,SNTL,SNTL:1226,9,2345,2318,-111.51998,39.23803000000001,0.42289910483360527,0.2642243273338254,0.15867477749977987,0.7423549140448628,0.7159789820500703,0.02637593199479249,-21,-33.9,12.899999999999999,12.899999999999999
Shallow,SNTL,SNTL:1227,9,1629,1602,-111.2491,39.4155,0.5952386664073934,0.4640060449823269,0.13123262142506653,0.8052014654214971,0.7593509065018558,0.04585055891964129,35.4,18.6,16.799999999999997,-16.799999999999997
Shallow,SNTL,SNTL:1228,1,1480,1453,-111.35685,39.13233,0.5225413541959567,0.2019622114506021,0.3205791427453546,0.8086669720788783,0.7388204987488942,0.06984647332998406,-41,-46.6,5.600000000000001,5.600000000000001
Shallow,SNTL,SNTL:1236,10,1805,1778,-110.37906,39.65795,0.5762484243020148,0.18921762849649704,0.3870307958055178,0.8270126071801394,0.6596464234080541,0.16736618377208523,-30.6,-36.7,6.100000000000001,6.100000000000001
Shallow,SNTL,SNTL:1242,8,2080,2053,-119.8771,39.25259,0.6480633214974163,0.2697079452423953,0.378355376255021,0.8124567937958159,0.5674714617481447,0.24498533204767126,7,48.6,-41.6,41.6
Shallow,SNTL,SNTL:1243,10,2232,2205,-115.22014,40.863800000000005,0.16666561474913255,-0.38267043178515037,0.5493360465342829,0.8774157296289373,0.8191072585384139,0.058308471090523395,81.1,136.8,-55.70000000000002,55.70000000000002
Shallow,SNTL,SNTL:1244,5,1898,1871,-115.12067000000002,40.86293,0.5914752376564993,0.6329378610819097,-0.041462623425410405,0.6743308899706235,0.6617729553758857,0.012557934594737863,-14,12.4,-26.4,-1.5999999999999996
Shallow,SNTL,SNTL:1247,7,1627,1600,-113.98262,39.74104,0.627318804470079,0.2319400667032494,0.39537873776682964,0.8477021016582943,0.6557907173255888,0.1919113843327055,-3,12.2,-15.2,9.2
Shallow,SNTL,SNTL:1249,4,1131,1105,-111.33981,38.048,0.504052574594515,0.15593309691685997,0.34811947767765505,0.7525454046508525,0.5035408992708951,0.24900450537995744,-20.8,-23.6,2.8000000000000007,2.8000000000000007
Shallow,SNTL,SNTL:1251,2,1590,1590,-105.58486,40.13632,0.20517860893595852,-1.1130511831943397,1.3182297921302983,0.7174843375236568,-0.028466081421410026,0.7459504189450669,62,180.2,-118.19999999999999,118.19999999999999
Shallow,SNTL,SNTL:1254,5,1930,1903,-105.62949,36.07196,0.3180736604019998,0.21275981792012044,0.10531384248187936,0.43584777208197983,0.3293250854890533,0.10652268659292652,-36,-30.4,-5.600000000000001,-5.600000000000001
Shallow,SNTL,SNTL:1258,6,516,516,-120.71574,41.98609,0.14159205769969063,-0.5589922730404067,0.7005843307400973,0.5023252503477428,0.31695465649902327,0.1853705938487195,32.3,98.4,-66.10000000000001,66.10000000000001
Shallow,SNTL,SNTL:1261,9,1739,1712,-110.77241,38.07,0.4941626357000606,0.1991067422096202,0.29505589349044037,0.8545685448924784,0.660296133178448,0.1942724117140303,-32.3,-24.2,-8.099999999999998,-8.099999999999998
Shallow,SNTL,SNTL:1262,10,1893,1866,-115.9364,41.58008,0.334137688115575,0.03736650644873274,0.29677118166684224,0.9037219127280395,0.8116126889676891,0.09210922376035036,59.6,93.2,-33.6,33.6
Shallow,SNTL,SNTL:1269,1,1494,1494,-110.7933,37.97793,0.36508706538444924,0.11287068466006278,0.25221638072438646,0.8259771531643034,0.7125122694422115,0.11346488372209196,60.2,63.9,-3.6999999999999957,3.6999999999999957
Shallow,SNTL,SNTL:1271,7,1716,1703,-109.76531,33.97121,0.7052887368488414,0.38004471379523397,0.32524402305360745,0.90169192681948,0.7067579603628619,0.1949339664566181,-24.5,-39.3,14.799999999999997,14.799999999999997
Shallow,SNTL,SNTL:1272,3,999,999,-115.08316000000002,41.8642,0.8482842917041612,0.6013964736576155,0.2468878180465457,0.9079255138924491,0.8184636935038471,0.08946182038860206,-11.6,23.6,-35.2,12.000000000000002
Shallow,SNTL,SNTL:1277,7,1148,1148,-120.60805,40.68799,0.5798956009528953,0.2645058632630425,0.3153897376898528,0.9200402614962966,0.817208675671449,0.10283158582484764,-14.8,35.1,-49.900000000000006,20.3
Shallow,SNTL,SNTL:1278,1,1013,1013,-112.15349,38.94569,0.4728110891458459,0.34236728108166403,0.13044380806418188,0.8152205632920106,0.7040902047207978,0.1111303585712129,-36.8,-11.7,-25.099999999999998,-25.099999999999998
Shallow,SNTL,SNTL:2029,5,5013,3980,-116.8431,43.28863,0.8144922009462667,0.682822853094575,0.1316693478516917,0.8701347198691677,0.7367733279863206,0.13336139188284712,-11.4,12.4,-23.8,1
Shallow,SNTL,SNTL:2170,4,2933,2906,-117.62069,39.46544,0.4512050718749284,-0.013894807400165465,0.4650998792750939,0.8784643091859834,0.8078197818905112,0.07064452729547221,50.6,94.2,-43.6,43.6
Shallow,SNTL,SNTL:306,4,2733,2648,-115.23907,43.7569,-0.8862556471072869,-2.8520975459729803,1.9658418988656934,0.7638612183871457,0.6383493476504133,0.12551187073673242,181.1,383.3,-202.20000000000002,202.20000000000002
Shallow,SNTL,SNTL:308,1,2779,2779,-111.40651,34.456540000000004,-0.35888057348274427,-0.3618246927464297,0.0029441192636854296,0.022522099899355125,0.19598133033392634,-0.1734592304345712,94.4,109.7,-15.299999999999997,15.299999999999997
Shallow,SNTL,SNTL:310,2,4763,4539,-109.50357,33.97845,0.574135482989657,0.5094435093192886,0.06469197367036839,0.7902327660417214,0.6658102222660076,0.12442254377571382,25,11.4,13.6,-13.6
Shallow,SNTL,SNTL:312,3,2109,2082,-115.23447,44.30342,0.6863309352833094,0.17699720740049418,0.5093337278828152,0.8868471475062523,0.7458795669165527,0.1409675805896996,-15.3,61.3,-76.6,46
Shallow,SNTL,SNTL:321,7,1717,1690,-115.45278,41.83384000000001,0.5640874902485224,0.05774751310765758,0.5063399771408649,0.8968884364109054,0.76465496515273,0.13223347125817542,42.3,79.9,-37.60000000000001,37.60000000000001
Shallow,SNTL,SNTL:329,4,4236,4122,-111.55813,39.13683,0.608205989486841,0.34409452635158533,0.2641114631352557,0.7564681551743649,0.499384889708224,0.25708326546614096,-26.4,-33.7,7.300000000000004,7.300000000000004
Shallow,SNTL,SNTL:330,7,3823,3619,-111.09782,40.61233,0.7554203099753838,0.3678508025661791,0.3875695074092047,0.9022279611624034,0.5753251579775465,0.326902803184857,3.1,40.7,-37.6,37.6
Shallow,SNTL,SNTL:332,1,4398,3607,-111.94405,41.37603,0.7219122515636032,0.6485045595752745,0.07340769198832864,0.9126523526548513,0.7763088214289021,0.13634353122594922,-4.9,21.2,-26.1,16.299999999999997
Shallow,SNTL,SNTL:333,10,3701,3502,-111.92103,41.38291,0.7698928324437883,0.43761466403940785,0.3322781684043804,0.8335146006886146,0.6705943335987026,0.16292026708991203,6.8,39.9,-33.1,33.1
Shallow,SNTL,SNTL:334,8,2394,2367,-114.62278000000002,39.31917,0.7656077358910833,0.4027429287053169,0.3628648071857664,0.8051226258923537,0.683236818409146,0.12188580748320776,-12.9,-6.9,-6,-6
Shallow,SNTL,SNTL:335,4,3277,2350,-105.77786,39.80364,0.44643416263738434,-0.3072039294023501,0.7536380920397344,0.6079930492862956,0.5565864885160183,0.051406560770277276,38.5,122.7,-84.2,84.2
Shallow,SNTL,SNTL:336,9,3665,3638,-115.6931,41.76168,0.6844214514543895,0.6857124235879559,-0.001290972133566437,0.927162095950561,0.8142613763986613,0.11290071955189973,-29.9,-9.4,-20.5,-20.5
Shallow,SNTL,SNTL:337,2,3278,3013,-117.11506,39.29148,0.6147100777970145,0.5062521380835865,0.10845793971342799,0.8225594540895808,0.6543956905215811,0.16816376356799967,-27.8,-8.2,-19.6,-19.6
Shallow,SNTL,SNTL:339,7,2874,2473,-112.35672,38.30183000000001,0.5827185947665952,0.31510646730263137,0.2676121274639638,0.7409179632650456,0.5074472957369663,0.2334706675280792,-20.5,-13.1,-7.4,-7.4
Shallow,SNTL,SNTL:340,9,3695,3668,-119.9422,39.455,0.8013681966577886,0.45481163314100714,0.34655656351678144,0.8656654678263873,0.6872522708270478,0.17841319699933955,10.8,29.5,-18.7,18.7
Shallow,SNTL,SNTL:342,1,3040,2441,-109.25965,42.6458,0.2816097870844745,-0.5341573189929085,0.815767106077383,0.834782429625609,0.367208904355874,0.467573525269735,69.9,135,-65.1,65.1
Shallow,SNTL,SNTL:348,6,3749,3533,-111.59765,38.6799,0.5692751352495348,0.4432730196203539,0.12600211562918084,0.7062884421811486,0.4823444241766222,0.2239440180045264,31.1,19.4,11.700000000000003,-11.700000000000003
Shallow,SNTL,SNTL:349,9,535,535,-113.43095,46.414,-0.9974683653869416,-2.4751904936420255,1.4777221282550839,0.782232674962268,0.5155140714303861,0.2667186035318819,197.9,343.6,-145.70000000000002,145.70000000000002
Shallow,SNTL,SNTL:356,4,4503,4476,-119.92455,38.60801,-1.8693133404517503,-7.06206346908589,5.19275012863414,0.46896009722727955,0.303333643417852,0.16562645380942753,280,790.7,-510.70000000000005,510.70000000000005
Shallow,SNTL,SNTL:358,8,623,623,-107.5811,44.67881,-0.3105156836398,-1.449721102212314,1.139205418572514,0.4687295806814861,-0.3241011761119732,0.7928307567934594,109.9,201.7,-91.79999999999998,91.79999999999998
Shallow,SNTL,SNTL:359,6,1429,1402,-114.19272,42.16442,0.755583766298294,0.6264778968498957,0.1291058694483983,0.8984187628813444,0.751439569157652,0.1469791937236924,-18.2,15.2,-33.4,-3
Shallow,SNTL,SNTL:364,3,3220,2564,-112.01856,38.50809,0.5076822093340322,0.4223912042767465,0.08529100505728571,0.7528657867287708,0.6438738843710667,0.10899190235770406,36,43.4,-7.399999999999999,7.399999999999999
Shallow,SNTL,SNTL:366,10,2739,2713,-111.58167,40.59936,0.7050301538711405,0.43108267854116045,0.2739474753299801,0.8709861889574164,0.6904359976536386,0.1805501913037778,4.8,27,-22.2,22.2
Shallow,SNTL,SNTL:367,3,621,621,-106.23038,41.36038,0.4835067074650512,0.07501192753327501,0.4084947799317762,0.8428879687305909,0.2805208963944386,0.5623670723361522,-41.9,-15.2,-26.7,-26.7
Shallow,SNTL,SNTL:368,9,2507,2249,-110.58587,40.58102,0.5337519193626606,0.016636776577645396,0.5171151427850152,0.7083010794967534,0.1512482303310181,0.5570528491657353,-7,11.9,-18.9,4.9
Shallow,SNTL,SNTL:369,2,3001,2974,-106.54231,39.08758,0.03256511464864298,-0.258107524011832,0.290672638660475,0.14360979215158748,0.22879592104023352,-0.08518612888864605,31.3,97.3,-66,66
Shallow,SNTL,SNTL:371,10,3270,2845,-111.43722,39.134,0.5708877556440247,0.35902436017910666,0.21186339546491806,0.7984027701455639,0.5741293948354239,0.22427337531014002,-37.9,-42.1,4.200000000000003,4.200000000000003
Shallow,SNTL,SNTL:373,3,3508,3402,-117.53181999999998,41.75067,0.6216645388675757,0.6294042209446354,-0.007739682077059773,0.9163394143297027,0.8425852956300324,0.0737541186996703,-32.2,-4.1,-28.1,-28.1
Shallow,SNTL,SNTL:374,9,2905,2546,-111.41987000000002,41.68541,0.6578052486056885,0.4678764407639351,0.18992880784175337,0.7903940732315876,0.7209083802200039,0.0694856930115837,-27,6.3,-33.3,-20.7
Shallow,SNTL,SNTL:378,2,4079,3222,-107.59902,39.87504,0.687969547935869,0.5312194337512306,0.15675011418463836,0.784963124815784,0.6512933318353586,0.13366979298042536,-21.1,-14.4,-6.700000000000001,-6.700000000000001
Shallow,SNTL,SNTL:380,6,3824,3421,-106.95327,38.89435,0.48307704107884986,0.3442090934407297,0.13886794763812016,0.6129787426428424,0.4892082579139535,0.12377048472888885,-0.3,29.8,-30.1,29.5
Shallow,SNTL,SNTL:383,4,5310,4485,-109.48723,37.81333000000001,0.60393021305508,0.49080822441699745,0.11312198863808254,0.7859472475319261,0.5850961682142859,0.20085107931764024,-21.8,-23,1.1999999999999993,1.1999999999999993
Shallow,SNTL,SNTL:387,3,2543,2516,-107.80287,37.657509999999995,0.7120100748040783,0.39264414974149,0.3193659250625883,0.7287535711177426,0.7143966286547117,0.014356942463030986,3.2,27.2,-24,24
Shallow,SNTL,SNTL:390,7,4912,4253,-112.74093,37.66098000000001,0.4323227522526437,0.1796567171342568,0.2526660351183869,0.7215521469505607,0.42473036562105604,0.29682178132950465,41,56.5,-15.5,15.5
Shallow,SNTL,SNTL:392,10,4394,3613,-111.04765,40.85464,0.7360047064931987,0.3757249457377878,0.3602797607554109,0.7920941298884839,0.40882282963333266,0.38327130025515127,-11.7,16.4,-28.099999999999998,4.699999999999999
Shallow,SNTL,SNTL:393,10,4312,3593,-111.06954,40.88529,-0.2945009358451274,-0.7650144201643074,0.47051348431918005,0.8186850363397402,0.5292765733300477,0.2894084630096925,127.1,166.6,-39.5,39.5
Shallow,SNTL,SNTL:395,7,409,409,-121.80662,43.22625,0.7101158287669684,-0.16530875848100446,0.8754245872479729,0.9478223358456203,0.7473859748153857,0.20043636103023454,28.4,113.6,-85.19999999999999,85.19999999999999
Shallow,SNTL,SNTL:396,8,1017,1017,-110.0105,40.77458,0.473527235697923,0.09348561096338737,0.3800416247345356,0.8217784639859034,0.308298683782603,0.5134797802033004,32.6,-1.1,33.7,-31.5
Shallow,SNTL,SNTL:399,7,2883,2651,-111.28363,39.86671,0.7616444268801885,0.5905519783462708,0.1710924485339177,0.8488998944945764,0.6646356516674928,0.18426424282708354,12.6,16.2,-3.5999999999999996,3.5999999999999996
Shallow,SNTL,SNTL:400,10,3297,3137,-111.25154,39.89275,0.53016115921887,0.2217398782490103,0.30842128096985966,0.8772412169231821,0.750220927799423,0.12702028912375918,44.3,57.7,-13.400000000000006,13.400000000000006
Shallow,SNTL,SNTL:415,4,1485,1458,-106.17154,39.48917,0.4519357277422702,0.07199897508978681,0.3799367526524834,0.5803521483832065,0.27846526925150916,0.3018868791316973,11.4,33.1,-21.700000000000003,21.700000000000003
Shallow,SNTL,SNTL:417,8,3013,2781,-115.54017,40.27551,0.08737409080497771,-0.48594238132998946,0.5733164721349672,0.845613493772333,0.7229579768417944,0.12265551693053856,89.9,140.8,-50.900000000000006,50.900000000000006
Shallow,SNTL,SNTL:424,1,2564,2537,-111.99384,44.437000000000005,0.7022403635208955,0.4742418787164241,0.22799848480447138,0.8411471091711994,0.7392005274953118,0.10194658167588755,-22.2,9.4,-31.6,-12.799999999999999
Shallow,SNTL,SNTL:425,8,1124,1098,-115.28903,46.56394,0.73010053601504,0.5991712261907799,0.1309293098242601,0.8335022471428155,0.6678602408632336,0.16564200627958192,-21.2,21.7,-42.9,0.5
Shallow,SNTL,SNTL:428,6,4450,4423,-120.36807,39.32565000000001,-0.14193669374524953,-1.8354398072608835,1.693503113515634,0.656612423819203,0.36219842087732457,0.29441400294187847,107.9,274.1,-166.20000000000002,166.20000000000002
Shallow,SNTL,SNTL:430,9,2281,2051,-105.19988,37.20939,0.4662262305831061,-0.003033357623404065,0.46925958820651015,0.5838157843262526,0.15188723552622585,0.43192854880002673,-4.9,40.9,-45.8,36
Shallow,SNTL,SNTL:432,6,4686,3962,-111.08993,40.35746999999999,0.7574239775689505,0.6667422314022687,0.09068174616668179,0.8878808870064528,0.7812843187544408,0.10659656825201203,15.4,25,-9.6,9.6
Shallow,SNTL,SNTL:435,8,3875,3732,-111.25677,40.2953,0.49043299404352314,-0.029654575141020434,0.5200875691845436,0.8144356375806026,0.5703357122798939,0.24409992530070868,45.4,88.3,-42.9,42.9
Shallow,SNTL,SNTL:443,5,4449,4136,-115.84421,39.56361,0.5503162891764671,0.38746236858084904,0.1628539205956181,0.8736181194553402,0.7956284318353856,0.07798968761995462,-22.2,-1.2,-21,-21
Shallow,SNTL,SNTL:444,9,3837,3436,-111.46875,39.04554,-0.4431427607967233,-0.378194164015065,-0.06494859678165832,0.6743334946820502,0.3348677599669119,0.33946573471513825,140.2,119.8,20.39999999999999,-20.39999999999999
Shallow,SNTL,SNTL:445,6,4911,4701,-118.18934000000002,41.96737,0.6853309348111808,0.6256871731851685,0.05964376162601226,0.8673025474218882,0.7594851041512877,0.1078174432706005,-15.9,18.7,-34.6,2.799999999999999
Shallow,SNTL,SNTL:450,5,373,346,-114.67417000000002,43.602500000000006,0.11414548619483755,-0.23580199302472948,0.34994747921956704,0.8044014696353394,0.7273760407487112,0.07702542888662822,71.5,105.4,-33.900000000000006,33.900000000000006
Shallow,SNTL,SNTL:452,7,3888,3521,-111.47412,38.2084,0.5433658786088904,0.3278424428948278,0.21552343571406263,0.6785190368150998,0.640063233642633,0.038455803172466885,-4,-11.5,7.5,7.5
Shallow,SNTL,SNTL:453,9,3284,3038,-115.21104,40.893429999999995,0.6345474693280018,0.2032452570706268,0.431302212257375,0.8363087531495617,0.7675423353200427,0.06876641782951898,29.1,66.8,-37.699999999999996,37.699999999999996
Shallow,SNTL,SNTL:454,10,4382,3583,-115.3234,41.661,0.5654807535459707,0.6618897376012753,-0.09640898405530463,0.7177926911752853,0.7084148053881416,0.009377885787143714,-25.7,-0.7,-25,-25
Shallow,SNTL,SNTL:455,6,4368,3725,-111.5377,41.41288999999999,0.75300907865202,0.2284470328082604,0.52456204584375965,0.8390599252130407,0.6360791344707423,0.20298079074229847,6.5,66.7,-60.2,60.2
Shallow,SNTL,SNTL:457,10,4254,3844,-106.7814,40.5337,0.655396159881803,0.148809761801051,0.506586398080752,0.7575194479817403,0.6669498226668118,0.09056962531492851,24.3,74.4,-50.10000000000001,50.10000000000001
Shallow,SNTL,SNTL:460,6,2222,2195,-110.2023,43.13097,0.39733420747884807,-0.1474664854239942,0.5448006929028423,0.7897341770392048,0.46877606972234553,0.32095810731685925,52.7,97.6,-44.89999999999999,44.89999999999999
Shallow,SNTL,SNTL:461,6,3935,3513,-109.53179,39.31213,0.5172902680339382,0.36843157144679806,0.14885869658714013,0.8233167443963643,0.6833316101301816,0.13998513426618264,-34.5,-20.9,-13.600000000000001,-13.600000000000001
Shallow,SNTL,SNTL:462,9,3719,3692,-119.80468,38.5497,-0.11306045070647852,-1.7273876339864476,1.614327183279969,0.5434686622764099,0.061586606912728645,0.4818820553636812,96,241.3,-145.3,145.3
Shallow,SNTL,SNTL:463,2,4622,3736,-120.0795,38.849,0.3694473337976759,-1.5817838158211774,1.9512311496188532,0.7469185514340831,0.5159262462108131,0.23099230522327008,56.8,249.9,-193.10000000000002,193.10000000000002
Shallow,SNTL,SNTL:473,6,6481,5746,-120.0545,38.93403,0.5088715609132487,0.4998676794411615,0.009003881472087194,0.7373431620871645,0.5452295492730318,0.19211361281413275,-16.3,-0.9,-15.4,-15.4
Shallow,SNTL,SNTL:474,7,3126,3099,-111.80975,40.97462,0.7181879113966438,0.015347372842621665,0.7028405385540222,0.8674026135053089,0.6632170649145966,0.20418554859071225,21.8,82,-60.2,60.2
Shallow,SNTL,SNTL:475,4,3660,3017,-111.67662,38.77246,0.4256847444674903,0.3049613559815616,0.12072338848592867,0.6674804562905363,0.6174618654546942,0.05001859083584215,-27.1,-40.6,13.5,13.5
Shallow,SNTL,SNTL:476,5,3295,3268,-116.10153,41.82097999999999,0.5992971374563965,0.6082140727988906,-0.008916935342494159,0.7911969710555566,0.6733831112139067,0.11781385984164994,-28.8,-9.1,-19.700000000000003,-19.700000000000003
Shallow,SNTL,SNTL:481,1,2694,2667,-110.46721,40.71785,0.4068205941168621,0.20577160431003905,0.20104898980682306,0.6569400403966037,0.31781873630716145,0.33912130408944224,-11,-4.4,-6.6,-6.6
Shallow,SNTL,SNTL:484,10,4516,4019,-111.6012,42.05050000000001,0.8277542457604976,0.4853710905984877,0.3423831551620099,0.8397460046765968,0.5264435005420529,0.31330250413454386,-2.5,18,-20.5,15.5
Shallow,SNTL,SNTL:485,10,1585,1558,-106.19784,39.38013999999999,0.3371717533055042,-0.027940766430919695,0.3651125197364239,0.7968249174430061,0.16488624391285583,0.6319386735301502,-34.1,-6.9,-27.200000000000003,-27.200000000000003
Shallow,SNTL,SNTL:490,6,1531,1504,-114.71363,43.87496999999999,0.7092584457824436,0.37783040497434106,0.3314280408081025,0.8873052504302135,0.5917146862731868,0.29559056415702667,-7.1,16.1,-23.200000000000003,9.000000000000002
Shallow,SNTL,SNTL:491,4,2354,2327,-105.55742,36.19418,0.3983308652458355,0.2751418626067681,0.1231890026390674,0.7324785681155054,0.4602464483989115,0.2722321197165939,5.5,16,-10.5,10.5
Shallow,SNTL,SNTL:493,10,2651,2487,-111.1663,42.4132,0.6577161510497308,0.3450298261371627,0.3126863249125681,0.7865279908327762,0.772046973503923,0.014481017328853207,6.9,25.7,-18.799999999999997,18.799999999999997
Shallow,SNTL,SNTL:495,6,4436,3925,-111.68333,38.80033999999999,0.7111337899952368,0.5879083788050277,0.12322541119020913,0.8844556939462187,0.6842927604546883,0.20016293349153036,11.4,5.9,5.5,-5.5
Shallow,SNTL,SNTL:497,5,1450,1442,-110.43495,43.34298,0.48302885886950486,0.4646554055446954,0.01837345332480944,0.81130559636663,0.7912562026363613,0.020049393730268705,-36,-30.5,-5.5,-5.5
Shallow,SNTL,SNTL:498,3,2446,2358,-117.56668000000002,41.67032,0.31271807760895765,0.49595485313539034,-0.1832367755264327,0.7918136990052392,0.803176095897657,-0.011362396892417803,-60.4,-17.9,-42.5,-42.5
Shallow,SNTL,SNTL:503,2,4511,4231,-115.52757,40.3848,0.7570786182046825,0.5332673216942462,0.2238112965104363,0.7906069041500052,0.6964625199767606,0.09414438417324467,3.4,32.4,-29,29
Shallow,SNTL,SNTL:505,1,1619,1592,-105.8694,39.64645999999999,-0.7667782444542386,-3.186504582216222,2.4197263377619835,0.5705473954513423,0.30216703087587204,0.2683803645754702,170.9,412.6,-241.70000000000002,241.70000000000002
Shallow,SNTL,SNTL:508,3,6579,5778,-119.9374,38.8519,-1.0745642973637475,-7.649396213503426,6.574831916139678,0.6355522901537984,0.4234549705666889,0.21209731958710953,203.5,849.8,-646.3,646.3
Shallow,SNTL,SNTL:514,9,4421,4394,-112.57602,37.48997,0.41758582949417544,0.30725566886249034,0.1103301606316851,0.6836682755234194,0.6366232929782683,0.047044982545151104,-30.1,-27.6,-2.5,-2.5
Shallow,SNTL,SNTL:517,10,3243,3216,-110.88472,40.79669,0.4969129445751814,0.26251315399789055,0.23439979057729088,0.6883533825104501,0.3865229653778992,0.3018304171325509,-30.3,-26.2,-4.100000000000001,-4.100000000000001
Shallow,SNTL,SNTL:518,3,1676,1649,-119.91641,38.92431,-0.2625063830800207,-0.19086955744209022,-0.0716368256379305,0.07311173493740002,0.0643173559699458,0.00879437896745422,-83.9,-73.7,-10.200000000000003,-10.200000000000003
Shallow,SNTL,SNTL:521,10,3920,3311,-110.48419,40.95009,0.5735455205410761,0.3799222796449623,0.19362324089611382,0.8463706526619164,0.51178645826586,0.33458419439605636,17.1,-2.6,19.700000000000003,-14.500000000000002
Shallow,SNTL,SNTL:522,4,2997,2970,-109.96287,40.90663,0.6749239310059387,0.2421641442909236,0.43275978671501514,0.8503405465302254,0.4797896921597708,0.3705508543704546,-20,-34.4,14.399999999999999,14.399999999999999
Shallow,SNTL,SNTL:524,3,2098,1940,-113.4723,44.01897,0.30883754945051667,0.2189630565912879,0.08987449285922877,0.7005901470508097,0.5824675322505813,0.11812261480022834,-58.6,-31.8,-26.8,-26.8
Shallow,SNTL,SNTL:527,9,3518,3255,-115.0954,40.94168,0.6832426371663136,0.4658770888128083,0.2173655483535053,0.855461577315039,0.7218560419714511,0.13360553534358788,14.7,37,-22.3,22.3
Shallow,SNTL,SNTL:528,6,3180,3153,-110.18623,40.92167,0.5684785790028242,0.15589569122516256,0.4125828877776616,0.8112831915306286,0.3491973258739481,0.4620858656566805,28.8,27.1,1.6999999999999993,-1.6999999999999993
Shallow,SNTL,SNTL:529,4,264,264,-122.56877,43.66917,0.8690770482895673,0.3694483573631584,0.49962869092640894,0.9500072557044742,0.8534585744449376,0.09654868125953664,11.1,55.9,-44.8,44.8
Shallow,SNTL,SNTL:531,9,2444,2417,-106.05999,39.36092,0.6997377266087977,0.511432775675041,0.18830495093375677,0.8038979950777335,0.516472166418551,0.28742582865918254,-22.5,-7,-15.5,-15.5
Shallow,SNTL,SNTL:532,2,2074,2047,-106.2637,36.71632,0.25234275815978624,0.14729619208595368,0.10504656607383256,0.3573641387777089,0.2028509631733086,0.15451317560440028,-7.2,7.1,-14.3,-0.10000000000000053
Shallow,SNTL,SNTL:533,4,3403,3051,-111.44624,41.313720000000004,0.7295852249771086,0.11628755823216663,0.613297666744942,0.929240535153326,0.7079317274691305,0.22130880768419559,25.9,78.9,-53.00000000000001,53.00000000000001
Shallow,SNTL,SNTL:537,5,2261,2196,-114.15894,43.71077,0.5405853038577575,0.004098287555495572,0.5364870163022619,0.8378557409860193,0.7809442339041268,0.05691150708189252,37.9,84.7,-46.800000000000004,46.800000000000004
Shallow,SNTL,SNTL:539,6,3266,3239,-120.29367,39.45269,-2.2432101938705524,-5.846542539099675,3.603332345229122,0.8459758095544632,0.523316494400808,0.3226593151536552,307.4,681.3,-373.9,373.9
Shallow,SNTL,SNTL:540,1,3761,3734,-120.28226,39.49001,0.805951105022937,-0.020626907133880046,0.826578012156817,0.9327156309722919,0.8301999411255248,0.10251568984676718,15.8,95.7,-79.9,79.9
Shallow,SNTL,SNTL:541,2,3639,3120,-120.31341999999998,39.42752,-0.16541238324075058,-2.5457465705156084,2.380334187274858,0.4728780111193229,0.25815383128322406,0.21472417983609887,103.3,344.6,-241.3,241.3
Shallow,SNTL,SNTL:543,4,3238,3103,-110.74604,39.89166,0.5727297690346718,0.2847930442465131,0.2879367247881587,0.8402073855614666,0.6545260901438582,0.18568129541760836,-16.5,-12.8,-3.6999999999999993,-3.6999999999999993
Shallow,SNTL,SNTL:546,8,1169,1169,-111.38512,44.4203,0.8701814587974592,0.35293503401372117,0.5172464247837381,0.9504407048549232,0.787520306433144,0.1629203984217792,11.9,47.4,-35.5,35.5
Shallow,SNTL,SNTL:548,9,3226,3196,-116.00517000000002,41.54675,0.8814789552833675,0.5079660777747732,0.3735128775085943,0.8821226392464321,0.7268421587474501,0.15528048049898202,-0.5,24,-24.5,23.5
Shallow,SNTL,SNTL:549,10,2879,2852,-116.01170000000002,41.5136,0.6220885193161081,0.2329714581230724,0.3891170611930357,0.9460111317887141,0.8006256183452061,0.14538551344350803,29.7,55.3,-25.599999999999998,25.599999999999998
Shallow,SNTL,SNTL:550,6,2790,2406,-115.44322,44.05092,0.3443981462107557,0.3955113191930023,-0.0511131729822466,0.879273034489735,0.8371023890156187,0.04217064547411631,-48.8,16.9,-65.69999999999999,-31.9
Shallow,SNTL,SNTL:554,3,1475,1449,-110.80177,42.26554000000001,0.8161351871959528,0.361894787708797,0.4542403994871558,0.9328578138891429,0.7269969015952678,0.20586091229387515,-4.8,23,-27.8,18.2
Shallow,SNTL,SNTL:557,2,3587,3237,-112.39273,38.48383,0.7193335817020003,0.35963083670255036,0.35970274499945,0.800640272111451,0.535739230280271,0.2649010418311799,-13.2,-7,-6.199999999999999,-6.199999999999999
Shallow,SNTL,SNTL:559,8,4539,3705,-109.54401,40.71632,0.7810025205896196,0.6127267432647863,0.16827577732483334,0.7847693126561813,0.651222450298523,0.13354686235765834,-4,-16,12,12
Shallow,SNTL,SNTL:561,8,4545,3866,-113.05386,37.52664,0.6464994523307195,0.26213546495030093,0.38436398738041855,0.8219470781874764,0.6051598064573034,0.21678727173017298,18.2,56.9,-38.7,38.7
Shallow,SNTL,SNTL:566,2,1576,1159,-110.43316,40.59709,0.425492156796085,0.40958103277219393,0.015911124023891055,0.8189108285289018,0.5298284786701806,0.2890823498587213,-45,-35.2,-9.799999999999997,-9.799999999999997
Shallow,SNTL,SNTL:569,4,4207,3745,-117.63197,41.51542,0.5740656981660563,0.3529414266559714,0.22112427151008496,0.8786055823704442,0.8247771597743038,0.0538284225961404,40.3,57.7,-17.400000000000006,17.400000000000006
Shallow,SNTL,SNTL:570,7,3726,3617,-115.3812,40.6448,0.7485080055816702,0.5753929022969926,0.1731151032846776,0.8704933336940432,0.7290309185925258,0.14146241510151747,-14.7,27,-41.7,12.3
Shallow,SNTL,SNTL:571,9,4058,3523,-105.86051,42.43566,0.6967337022862666,0.267886659079274,0.42884704320699263,0.8450509962174285,0.6209057938340101,0.2241452023834184,18,45,-27,27
Shallow,SNTL,SNTL:572,3,5648,4818,-109.27198,38.48225999999999,0.6502937490448604,0.4275548278988527,0.22273892114600768,0.7560128469561739,0.5953188800374856,0.1606939669186883,24.8,40.1,-15.3,15.3
Shallow,SNTL,SNTL:573,4,3959,3623,-116.02957,41.77636999999999,0.6896697785359233,0.641155129246574,0.04851464928934923,0.8827697614845126,0.856123992229832,0.02664576925468054,-28.7,-6.3,-22.4,-22.4
Shallow,SNTL,SNTL:574,8,2779,2549,-119.61281,38.27593999999999,0.19049823336934302,-2.0908075292797665,2.28130576264911,0.6757474413135399,0.3591996721380114,0.3165477691755285,72.8,302.3,-229.5,229.5
Shallow,SNTL,SNTL:575,6,4478,4451,-119.55111,38.30367,0.4702696289804771,-0.4362638980983149,0.906533527078792,0.8687099144089518,0.7431455083521636,0.1255644060567882,9.9,109.3,-99.39999999999999,99.39999999999999
Shallow,SNTL,SNTL:577,6,2657,2516,-110.66628,44.20862,0.6779127038332033,0.13855929468654338,0.53935340914666,0.7072820732541819,0.21299091503215792,0.49429115822202396,-10.7,17.5,-28.2,6.800000000000001
Shallow,SNTL,SNTL:579,6,3751,3113,-110.79813,40.864929999999994,0.1439036240628,-0.15152886527597653,0.2954324893387765,0.8070828301532383,0.4435149691326314,0.36356786102060695,83.1,100.6,-17.5,17.5
Shallow,SNTL,SNTL:580,6,3013,2438,-106.54823,37.38028,0.4040881307277132,0.16576266058706557,0.23832547014064764,0.5684005505326644,0.2792110128589037,0.28918953767376065,-40.6,-27.1,-13.5,-13.5
Shallow,SNTL,SNTL:582,1,3922,3509,-111.82607,41.40562,0.8088884105397012,0.4134648435975955,0.3954235669421057,0.8212373637067278,0.776036700801969,0.04520066290475888,5,50.2,-45.2,45.2
Shallow,SNTL,SNTL:583,8,5585,4789,-113.84582,37.48631,0.42097765128269105,0.23162323854221345,0.1893544127404776,0.8708459282531082,0.7810520140039902,0.08979391424911809,36.4,58.2,-21.800000000000004,21.800000000000004
Shallow,SNTL,SNTL:586,9,2370,2343,-107.92475,37.79895,0.6305591033855313,0.3091049995984263,0.32145410378710504,0.7757419682640314,0.48380755890365557,0.29193440936037585,-10.9,-18.2,7.299999999999999,7.299999999999999
Shallow,SNTL,SNTL:587,8,3417,3273,-119.36572,38.43745,0.8573418349378493,0.07974011704190098,0.7776017178959483,0.9359639412511187,0.697652282690445,0.2383116585606737,-3.1,78.1,-81.19999999999999,75
Shallow,SNTL,SNTL:589,6,3312,3285,-108.19636,37.89169,0.7496380888203519,0.37158230463057207,0.3780557841897798,0.8583519798986778,0.569823928351095,0.2885280515475829,-11,-0.2,-10.8,-10.8
Shallow,SNTL,SNTL:592,2,3829,3802,-113.39661,37.51255,0.5966866203859549,0.17717266400666332,0.41951395637929156,0.7955676152395268,0.7558567053764168,0.03971090986310999,27.2,70.6,-43.39999999999999,43.39999999999999
Shallow,SNTL,SNTL:593,8,3545,3414,-112.51458,37.48756000000001,0.1418455256934067,-0.1700346149514469,0.3118801406448536,0.6108033421985946,0.4668809461561392,0.14392239604245538,76,100,-24,24
Shallow,SNTL,SNTL:594,8,2744,2717,-115.70457,47.45749,0.742948750890889,0.28220295750491786,0.4607457933859711,0.8674501913482204,0.8103042090869705,0.057145982261249895,-3,45.7,-48.7,42.7
Shallow,SNTL,SNTL:596,10,2926,2781,-111.70965,40.83731,0.5267143577657865,0.20042219762243607,0.3262921601433504,0.7912045068797378,0.7462471386948081,0.04495736818492968,37.5,70.7,-33.2,33.2
Shallow,SNTL,SNTL:607,8,3060,3033,-106.67095,40.07832,0.3866478690904879,0.06578646703424351,0.32086140205624436,0.4045950113832701,0.15970101478066148,0.2448939966026086,-10.4,8.8,-19.200000000000003,-1.5999999999999996
Shallow,SNTL,SNTL:610,4,2445,2359,-114.28662,42.18072,0.7681997585665479,0.11894014753588011,0.6492596110306678,0.8839367188838954,0.7203001706256789,0.1636365482582165,-5.4,60.9,-66.3,55.5
Shallow,SNTL,SNTL:612,1,3553,3030,-111.31818,39.68338,0.5687547177065555,0.4128885853297849,0.1558661323767706,0.8062109113713363,0.529919326327198,0.2762915850441383,-21.2,-12.8,-8.399999999999999,-8.399999999999999
Shallow,SNTL,SNTL:615,7,4841,4294,-119.89672,39.16395,0.6760404870418752,0.2305306356639485,0.44550985137792676,0.7770877841810901,0.4990495764954777,0.27803820768561244,9.7,56.4,-46.7,46.7
Shallow,SNTL,SNTL:621,5,3265,2927,-112.43637,38.30285,0.26835968910524177,0.08977747044939721,0.17858221865584456,0.4951803516645252,0.31368175087747363,0.18149860078705154,-32,-27.6,-4.399999999999999,-4.399999999999999
Shallow,SNTL,SNTL:623,9,2793,2766,-116.26643,47.15044999999999,0.598112609351166,0.362750964330117,0.23536164502104895,0.8474285864843746,0.7518251721971559,0.09560341428721864,-27.3,39.6,-66.9,12.3
Shallow,SNTL,SNTL:626,1,3788,3038,-112.83849,37.569329999999994,0.7122979260126694,0.4563296283227607,0.2559682976899087,0.7871120955538016,0.4919067566825456,0.295205338871256,-1.1,12.4,-13.5,11.3
Shallow,SNTL,SNTL:628,6,3106,2955,-111.63683,40.658829999999995,0.7306066635273429,0.320019571693849,0.41058709183349396,0.8627199562156284,0.7335176579583785,0.12920229825724983,15.4,55.5,-40.1,40.1
Shallow,SNTL,SNTL:631,3,4013,3252,-112.61141,40.49384,0.6990663339504815,0.3287443026836463,0.37032203126683516,0.7604133046860257,0.4524633951473956,0.30794990953863016,16,30.7,-14.7,14.7
Shallow,SNTL,SNTL:633,2,3493,3467,-119.60869999999998,38.6683,0.3905025611631392,0.47118729201873866,-0.08068473085559946,0.8005578918636045,0.7879257304839143,0.012632161379690143,-38.9,25.1,-64,-13.799999999999997
Shallow,SNTL,SNTL:634,9,2920,2353,-111.49688,41.46547,0.7830780132386992,0.5026280761685548,0.28044993707014443,0.859211641484618,0.6981278890195796,0.16108375246503848,-6.7,38.3,-45,31.599999999999998
Shallow,SNTL,SNTL:640,3,2818,2791,-111.51864,34.94141,0.6427561990749509,0.5399417888827864,0.10281441019216442,0.9172836614804759,0.6745628593715354,0.24272080210894054,-18,-17.6,-0.3999999999999986,-0.3999999999999986
Shallow,SNTL,SNTL:643,1,3935,3290,-109.8881,40.60797999999999,0.4418535711919338,0.21132931542399103,0.23052425576794278,0.6371205467981329,0.3643769780110991,0.2727435687870338,40.7,42.8,-2.0999999999999943,2.0999999999999943
Shallow,SNTL,SNTL:644,2,448,448,-119.08158000000002,48.36166,0.764074372277644,-0.4897531516862912,1.2538275239639352,0.83183391542602,0.29868574128716335,0.5331481741388566,16.5,131.1,-114.6,114.6
Shallow,SNTL,SNTL:645,6,2222,2195,-116.23055,48.05726,0.6967457702063716,-0.007824010493771016,0.7045697807001426,0.7012405403441007,0.5645482816296024,0.1366922587144983,3.7,86.9,-83.2,83.2
Shallow,SNTL,SNTL:652,9,2416,2389,-119.89473,39.31573,-3.240117271890636,-5.16360186579037,1.923484593899734,0.2222982217698463,0.11117856407293153,0.11111965769691476,416.8,609.9,-193.09999999999997,193.09999999999997
Shallow,SNTL,SNTL:653,10,203,203,-117.17373,45.265220000000006,0.2124812582698542,0.12572577759871595,0.08675548067113825,0.2624063928302725,0.2978586198816759,-0.035452227051403384,-19.7,34.3,-54,14.599999999999998
Shallow,SNTL,SNTL:654,6,3409,3204,-116.55925000000002,42.6004,0.6894040472290532,0.5761719188068424,0.11323212842221086,0.8687553430039588,0.807890936587699,0.0608644064162599,-20.9,12.5,-33.4,-8.399999999999999
Shallow,SNTL,SNTL:679,1,195,195,-121.74765,46.78265,0.5063407829904483,-0.22019155515045297,0.7265323381409012,0.7014582326830056,0.5295405222366002,0.17191771044640536,36.6,111.4,-74.80000000000001,74.80000000000001
Shallow,SNTL,SNTL:680,6,1997,1970,-106.58962,38.81982,0.47464794940114763,0.4385941331076194,0.03605381629352822,0.6781649790149732,0.6669203328416432,0.011244646173329986,-41.3,-30.6,-10.699999999999996,-10.699999999999996
Shallow,SNTL,SNTL:682,2,1596,1569,-107.87951,39.04433000000001,0.4905810212813413,0.31661707290474406,0.17396394837659723,0.7122163484361873,0.4906898568052517,0.22152649163093563,-41.7,-41.8,0.09999999999999432,0.09999999999999432
Shallow,SNTL,SNTL:684,8,4199,3871,-111.62917,40.76184,0.5945707687897297,0.5351998023597775,0.05937096642995221,0.8890986808557241,0.7006182958373405,0.1884803850183836,-32.2,-6.1,-26.1,-26.1
Shallow,SNTL,SNTL:686,7,4539,3885,-111.63109,39.92976,0.6036604032025454,0.5385824829717172,0.06507792023082826,0.8074253237493798,0.6892835178717502,0.11814180587762957,-28.6,-16.5,-12.100000000000001,-12.100000000000001
Shallow,SNTL,SNTL:688,9,1616,1589,-105.84606,40.39803,0.5980036050122675,-0.09380149975485885,0.6918051047671263,0.7978397160583599,0.560936327526951,0.2369033885314089,29,83.8,-54.8,54.8
Shallow,SNTL,SNTL:691,2,3894,3597,-111.58259,39.01219,0.6359829300650012,0.4953495341486842,0.14063339591631696,0.7330228017094078,0.5830876886174386,0.14993511309196916,-20.5,-20.6,0.10000000000000142,0.10000000000000142
Shallow,SNTL,SNTL:694,2,3292,3265,-112.24915,38.88185,0.32040423815067287,-0.013826126166185171,0.33423036431685804,0.8356851962121695,0.5946370099181912,0.24104818629397828,65.1,90.1,-25,25
Shallow,SNTL,SNTL:697,1,4281,3870,-119.62624,38.50576,-0.10374141371243528,0.1316193603813598,-0.23536077409379508,0.5102781365774255,0.302355643888222,0.2079224926892035,-75.9,-33.4,-42.50000000000001,-42.50000000000001
Shallow,SNTL,SNTL:698,7,1832,1806,-115.24713,41.87255,0.5690161492563239,0.3996249369102204,0.16939121234610355,0.8449949141666043,0.7280199551260365,0.11697495904056787,-22.2,14.5,-36.7,-7.699999999999999
Shallow,SNTL,SNTL:701,9,1730,1703,-106.33967,38.48864,0.20297905742260203,-0.038555640632220056,0.24153469805482208,0.451665785617715,0.19664314174165182,0.25502264387606316,-47.7,-37,-10.700000000000003,-10.700000000000003
Shallow,SNTL,SNTL:706,3,585,400,-120.82533,42.31923,0.7629830066706769,0.16999719503723176,0.5929858116334451,0.9246230052567659,0.7498200242389975,0.17480298101776837,12.2,78.8,-66.6,66.6
Shallow,SNTL,SNTL:707,7,4207,3848,-117.08938,47.87927,0.5927731529729883,-0.22752999701337817,0.8203031499863664,0.7449675727113326,0.6246261050316914,0.12034146767964127,30,116.7,-86.7,86.7
Shallow,SNTL,SNTL:708,2,2095,2095,-106.39179,35.92195,-0.2562287047383647,-0.3291992545948885,0.07297054985652385,0.6255971340446098,0.43146037182583863,0.19413676221877119,119.5,115.7,3.799999999999997,-3.799999999999997
Shallow,SNTL,SNTL:714,1,3145,3049,-111.27221,39.45197,0.55175801352912,0.2649980592810406,0.28675995424807943,0.8047607036488956,0.4467653433811363,0.3579953602677593,-33.1,-20.2,-12.900000000000002,-12.900000000000002
Shallow,SNTL,SNTL:715,4,4409,4193,-105.34145,36.69935,-3.23343240845698,-5.014874610463829,1.7814422020068488,0.37781082021615614,-0.055536473122769034,0.4333472933389252,412.6,588.6,-176,176
Shallow,SNTL,SNTL:720,5,3202,3175,-110.69292,40.54875,0.7288506647268571,0.5218745071713677,0.20697615755548937,0.7471300247822814,0.5958888038611572,0.15124122092112424,1.8,19.9,-18.099999999999998,18.099999999999998
Shallow,SNTL,SNTL:723,2,2677,2471,-112.22377,40.44293,0.7164723670705859,0.3815964709773514,0.33487589609323454,0.8763854293337818,0.7133745983993234,0.16301083093445845,8.6,31,-22.4,22.4
Shallow,SNTL,SNTL:724,1,4864,4209,-120.13139,38.99927,0.5433877285571462,-0.2018453412832164,0.7452330698403626,0.6685418965850928,0.5481273308483533,0.12041456573673948,12.5,108.6,-96.1,96.1
Shallow,SNTL,SNTL:730,6,2623,2596,-110.9099,42.5075,0.8374692930683506,0.4300368751024811,0.4074324179658695,0.9080741750976625,0.6524413428408381,0.2556328322568244,8.2,39.5,-31.3,31.3
Shallow,SNTL,SNTL:732,2,1120,1120,-107.17043,41.11179,0.37351018388588875,0.31123366920266804,0.06227651468322071,0.8305022286409498,0.7269336070101524,0.10356862163079739,-48,-35.6,-12.399999999999999,-12.399999999999999
Shallow,SNTL,SNTL:735,1,2560,2533,-114.63333,46.46633,0.3821438786936474,-0.15946798552427954,0.541611864217927,0.4067568185960161,0.2517500974589812,0.1550067211370349,-5.2,54.3,-59.5,49.099999999999994
Shallow,SNTL,SNTL:736,3,426,426,-117.16522000000002,45.00107,0.7359153819208597,0.37933128312516695,0.35658409879569275,0.8604679934533104,0.8054822806763492,0.05498571277696118,0.7,53,-52.3,52.3
Shallow,SNTL,SNTL:737,8,1262,1235,-107.04933,39.01467000000001,0.5772340950249684,0.07033458135895954,0.5068995136660088,0.720443689638543,0.27254318157874174,0.44790050805980125,20.9,31.8,-10.900000000000002,10.900000000000002
Shallow,SNTL,SNTL:742,8,2717,2690,-111.43297,39.31042000000001,0.6343696125041925,0.29478502388041594,0.3395845886237766,0.752233057973639,0.5605242296985256,0.19170882827511349,13.5,28.1,-14.600000000000001,14.600000000000001
Shallow,SNTL,SNTL:744,9,1935,1908,-106.83408,36.001520000000006,0.6229241350581619,0.36652772896978547,0.25639640608837644,0.7377232909172183,0.6767959231531728,0.060927367764045504,-19.5,-23.3,3.8000000000000007,3.8000000000000007
Shallow,SNTL,SNTL:746,1,3667,3640,-115.47215,41.73732,0.4927382943843257,0.36717491873981367,0.12556337564451203,0.7379601630965905,0.5966729305912427,0.1412872325053478,-19,2.4,-21.4,-16.6
Shallow,SNTL,SNTL:747,5,3174,3054,-115.74216,46.56603,0.8340367465237879,-0.14080342748775254,0.9748401740115404,0.8719439408954048,0.8473779075717036,0.02456603332370122,9.2,107.7,-98.5,98.5
Shallow,SNTL,SNTL:749,4,2661,2634,-111.68792,43.2103,0.8717062653902349,0.5849849622874466,0.2867213031027883,0.8879524441360174,0.7877304279638371,0.1002220161721803,-4.1,17.2,-21.299999999999997,13.1
Shallow,SNTL,SNTL:750,7,7166,4844,-119.44464,41.90435,0.6252800513251698,0.4971421079357219,0.12813794338944795,0.8132286472781862,0.6099893467279873,0.2032393005501989,-19.6,26.1,-45.7,6.5
Shallow,SNTL,SNTL:752,4,1555,1528,-116.33972,46.95028,0.6647018626135719,0.42980108973885733,0.23490077287471456,0.9205799856335853,0.9247525771804359,-0.004172591546850568,-15.7,20.2,-35.9,4.5
Shallow,SNTL,SNTL:756,4,1126,863,-121.18123,42.95615,0.560540999129608,0.4197249275450896,0.14081607158451837,0.9150181320533167,0.6034253981110214,0.31159273394229536,-35.7,-34,-1.7000000000000028,-1.7000000000000028
Shallow,SNTL,SNTL:762,1,2502,2475,-107.20392,37.99076,0.3790330876973582,0.10530679231356643,0.2737262953837918,0.5283713081040088,0.3588530454991156,0.16951826260489317,-30.2,-25.9,-4.300000000000001,-4.300000000000001
Shallow,SNTL,SNTL:763,5,3677,3041,-111.09192,40.78931000000001,0.4684912517890153,0.17146725201360424,0.29702399977541105,0.5046366928426286,0.28406824856755286,0.22056844427507571,14.3,41.1,-26.8,26.8
Shallow,SNTL,SNTL:764,3,2023,1996,-110.66917,44.13361,-0.5478273718851008,-1.0528090899535698,0.504981718068469,0.932699299641606,0.6685106527043064,0.2641886469372996,151.9,201.7,-49.79999999999998,49.79999999999998
Shallow,SNTL,SNTL:766,10,2497,2470,-111.65852,40.56914,0.0828611255501297,-0.35643429229000856,0.43929541784013826,0.6259715551765772,0.6672927412975985,-0.041321186121021314,81.4,130.4,-49,49
Shallow,SNTL,SNTL:770,2,2917,2890,-111.35933,42.952749999999995,0.8245765810898424,0.636345895668579,0.18823068542126342,0.8992257197049244,0.8005118367128881,0.09871388299203632,-7.7,3.8,-11.5,-3.9000000000000004
Shallow,SNTL,SNTL:771,2,4401,3989,-119.6003,38.31021,0.4931159553641603,0.06527345001738494,0.42784250534677537,0.7759228700668165,0.7128662883591962,0.0630565817076203,-32.7,84.2,-116.9,51.5
Shallow,SNTL,SNTL:772,9,1129,1129,-106.5025,41.32950000000001,0.5231050297565685,-0.044237919438290696,0.5673429491948592,0.7026918389107085,0.21147981270655664,0.4912120262041519,0.5,44.9,-44.4,44.4
Shallow,SNTL,SNTL:774,9,2888,2861,-116.90037,42.76478,0.36790927210846647,-0.42108249743304893,0.7889917695415154,0.7990056653030012,0.7512517058004662,0.047753959502535026,59.9,136.9,-77,77
Shallow,SNTL,SNTL:778,7,4742,4715,-119.81741,38.66627,-3.938352402207352,-4.26416190974022,0.32580950753286775,0.8127103430415196,0.7182804155390807,0.09442992750243884,454.4,483.5,-29.100000000000023,29.100000000000023
Shallow,SNTL,SNTL:783,8,561,561,-114.33371,47.179019999999994,0.49409579018865146,-0.3023429441514729,0.7964387343401244,0.7696485615351395,0.683413245387902,0.08623531614723745,44.9,116.9,-72,72
Shallow,SNTL,SNTL:784,10,3705,3584,-120.26576,39.18986000000001,0.3744637103619085,0.2979399731708178,0.07652373719109073,0.5910455884331107,0.35016163783895093,0.2408839505941598,-43.1,-15.2,-27.900000000000002,-27.900000000000002
Shallow,SNTL,SNTL:790,7,2525,2148,-110.50462,40.90862,0.5685027211849526,0.2583316006711842,0.3101711205137684,0.7552460587995935,0.407080183649219,0.3481658751503745,-18,-21.6,3.6000000000000014,3.6000000000000014
Shallow,SNTL,SNTL:792,2,1907,1907,-114.20902,43.861169999999994,0.6725693218381377,-0.35661087948501935,1.029180201323157,0.8112421623307111,0.3087388108035371,0.502503351527174,26.7,110,-83.3,83.3
Shallow,SNTL,SNTL:793,6,587,587,-105.9198,40.22532,0.48900776526467093,0.13191144064193283,0.3570963246227381,0.7729821971555909,0.1521040839823134,0.6208781131732775,-45.6,-17,-28.6,-28.6
Shallow,SNTL,SNTL:795,8,3592,3187,-111.20665,40.16483,0.5447509814273319,0.2755516474752123,0.2691993339521196,0.8311796786730881,0.6754763724258044,0.15570330624728368,38.8,59.5,-20.700000000000003,20.700000000000003
Shallow,SNTL,SNTL:798,6,322,322,-107.40035,44.72279,0.671943956785161,-0.1755866401191697,0.8475305969043306,0.8441876010256946,0.24967809114649114,0.5945095098792035,14.6,69.3,-54.699999999999996,54.699999999999996
Shallow,SNTL,SNTL:802,5,3470,3366,-106.1577,39.71802999999999,0.17217425344076376,-0.1861699470676419,0.35834420050840565,0.21145532380492346,-0.02118389714512713,0.2326392209500506,24.8,60,-35.2,35.2
Shallow,SNTL,SNTL:803,1,812,812,-115.82422,47.55545000000001,0.6556001772093412,-0.1759065563393276,0.8315067335486688,0.928486324073423,0.8670742761227482,0.061412047950674786,26.9,101.8,-74.9,74.9
Shallow,SNTL,SNTL:805,5,1892,1865,-113.96887,43.626,0.7303971758190055,-0.15775930930504112,0.8881564851240467,0.9132596474377825,0.7101466316979504,0.2031130157398321,19.2,98.4,-79.2,79.2
Shallow,SNTL,SNTL:809,10,4966,4608,-120.15362,39.17162,0.5641739549782278,0.5302077144611258,0.03396624051710195,0.9273237442322009,0.7960414973931002,0.13128224683910072,-29.9,-0.4,-29.5,-29.5
Shallow,SNTL,SNTL:811,7,4145,3980,-116.02930000000002,41.22870000000001,0.51676287093393,0.4064280829837428,0.11033478795018725,0.8274765827603108,0.6756834728959027,0.15179310986440808,-39.3,-17,-22.299999999999997,-22.299999999999997
Shallow,SNTL,SNTL:814,7,3119,3078,-111.53322,40.6235,0.6170521489031193,0.17311089462129858,0.44394125428182074,0.7164532454363307,0.6342197980090277,0.08223344742730299,24,74.1,-50.099999999999994,50.099999999999994
Shallow,SNTL,SNTL:816,2,1338,1311,-110.57717,44.36916999999999,0.3836976016763085,-0.11910918054999065,0.5028067822262992,0.8892538971893239,0.651669060091419,0.2375848370979049,59.9,102.8,-42.9,42.9
Shallow,SNTL,SNTL:820,8,3758,3732,-111.61633,40.42817,0.4153152327748908,-0.064596868622254,0.4799121013971448,0.855921391644243,0.6473441243795756,0.2085772672646674,56.3,98.7,-42.400000000000006,42.400000000000006
Shallow,SNTL,SNTL:823,4,2538,2511,-111.62957,41.89833000000001,0.6232542746524392,0.2574402420178118,0.3658140326346274,0.7912755931870673,0.6361899560993254,0.15508563708774192,28.9,50.1,-21.200000000000003,21.200000000000003
Shallow,SNTL,SNTL:826,10,372,372,-108.89572,42.695249999999994,-0.34068828713858235,-0.861313753989386,0.5206254668508037,0.3687780885054868,-0.01945644824272275,0.38823453674820957,115.9,151.8,-35.900000000000006,35.900000000000006
Shallow,SNTL,SNTL:828,3,3343,2764,-110.94873,40.678,0.610204899922468,0.3580747426506258,0.2521301572718422,0.6888899079131001,0.4581714049164539,0.2307185029966462,-0.4,29.8,-30.2,29.400000000000002
Shallow,SNTL,SNTL:831,2,984,984,-110.5914,42.76393,0.7145247864210433,0.46503040351951597,0.24949438290152737,0.8251881921250268,0.7443606551073834,0.08082753701764345,-8.5,10.4,-18.9,1.9000000000000004
Shallow,SNTL,SNTL:832,7,876,688,-120.29412,47.23328,0.5471027909831565,0.7610444697374258,-0.21394167875426928,0.9521320281390346,0.7899347767640111,0.1621972513750235,-32,2.9,-34.9,-29.1
Shallow,SNTL,SNTL:833,9,2759,2663,-109.6728,40.739,0.4896719132659453,0.3293495457851814,0.1603223674807639,0.7272019098078523,0.5209769648429824,0.20622494496486987,38.3,30.7,7.599999999999998,-7.599999999999998
Shallow,SNTL,SNTL:834,4,3803,3382,-120.18407000000002,39.30087,-0.05456769447951193,-1.8500032812816927,1.7954355868021807,0.8425009882605349,0.7334533627815129,0.10904762547902203,104.3,283.6,-179.3,179.3
Shallow,SNTL,SNTL:835,5,1426,1426,-114.44755,46.14287,0.28186718630732766,0.2159951960511417,0.06587199025618595,0.6947902004853096,0.3937325130232695,0.3010576874620401,-17,22.5,-39.5,5.5
Shallow,SNTL,SNTL:837,1,200,200,-110.22122,44.15178,-0.17100326121087717,0.33769580644505626,-0.5086990676559334,-0.1298284893062745,0.3532136567781745,-0.483042146084449,-6,10.4,-16.4,4.4
Shallow,SNTL,SNTL:839,1,3116,2983,-107.25971,37.72172,0.5632194476616648,0.1841310184072914,0.37908842925437336,0.6196277919030947,0.3837305607180628,0.23589723118503192,14.7,43,-28.3,28.3
Shallow,SNTL,SNTL:840,5,2260,2049,-106.83528,37.48563,0.6339461459882552,0.3657623440861705,0.2681838019020847,0.7220534252107764,0.5345718706617003,0.1874815545490761,22.9,43.1,-20.200000000000003,20.200000000000003
Shallow,SNTL,SNTL:844,7,4502,4341,-112.41478,39.93667000000001,0.7149010663008843,0.27425598105518345,0.4406450852457009,0.8515632310519474,0.574260782357975,0.27730244869397247,17.3,57.8,-40.5,40.5
Shallow,SNTL,SNTL:846,8,4359,3905,-119.23433,38.07298000000001,0.29848647761001,-1.5072985458529056,1.8057850234629156,0.7404659439004387,0.43691056461355443,0.3035553792868843,63.2,243.9,-180.7,180.7
Shallow,SNTL,SNTL:848,10,4133,3739,-120.21865,39.13545,0.5992541591960738,0.5713058307657511,0.02794832843032269,0.780157826679718,0.6150498322532748,0.1651079944264432,-33.2,-16,-17.200000000000003,-17.200000000000003
Shallow,SNTL,SNTL:849,7,3164,3138,-114.95575,39.13242,0.5861542066900525,0.4479207359494898,0.1382334707405627,0.8556649423164698,0.7530843214927792,0.10258062082369068,-18.1,26.2,-44.3,8.099999999999998
Shallow,SNTL,SNTL:853,6,4781,4046,-112.90155,37.575,0.5893096618850173,0.378093725282001,0.2112159366030163,0.7835912691797252,0.5073593988023541,0.27623187037737107,-13.3,-8.9,-4.4,-4.4
Shallow,SNTL,SNTL:854,8,2667,2640,-105.54337,35.77584,0.14138667839836982,-0.15013640157482966,0.2915230799731995,0.5372376748651969,0.08125316581009177,0.4559845090551051,71,63,8,-8
Shallow,SNTL,SNTL:857,5,2566,2439,-105.12262,37.21423,0.15032784073485383,0.18459071805445648,-0.03426287731960265,0.32636039234566006,0.46638701936558535,-0.1400266270199253,42.5,47.3,-4.799999999999997,4.799999999999997
Shallow,SNTL,SNTL:861,4,4683,3776,-112.14966,35.141890000000004,0.20421404056615788,0.14554936718790856,0.05866467337824932,0.43319300894702073,0.3496503495516405,0.08354265939538025,-12.4,-5.7,-6.7,-6.7
Shallow,SNTL,SNTL:862,6,322,322,-109.90987,45.04575,0.005700679256885777,0.21217270769145613,-0.20647202843457035,0.3690318420557538,0.8441375185895322,-0.47510567653377844,-24.7,34.5,-59.2,9.8
Shallow,SNTL,SNTL:864,10,3617,3237,-110.98845,39.9645,0.6050088482388007,0.34532379596623386,0.2596850522725669,0.8360158814120072,0.5869039774965118,0.24911190391549543,35.9,26.4,9.5,-9.5
Shallow,SNTL,SNTL:865,4,3379,3093,-111.88163,37.83633,0.5110816886607561,0.23543799639471197,0.2756436922660441,0.8152266080073688,0.6146538001549131,0.20057280785245568,-23.9,-22.9,-1,-1
Shallow,SNTL,SNTL:867,10,1445,1418,-112.47783,42.75743,0.739878775050043,0.39265076888969963,0.34722800616034333,0.8930357225405527,0.7011040471572337,0.191931675383319,-5,7.4,-12.4,2.4000000000000004
Shallow,SNTL,SNTL:871,7,2888,2800,-115.00278,42.01257,0.49384728491396546,0.14855934412017513,0.3452879407937903,0.8208923773287753,0.7658306776827248,0.055061699646050455,47.2,74.9,-27.700000000000003,27.700000000000003
Shallow,SNTL,SNTL:872,8,3012,2708,-105.57782,42.27991,0.040200541471484885,-0.12015144199899952,0.1603519834704844,0.501845414531931,0.45355278474214045,0.04829262978979054,81.2,91.2,-10,10
Shallow,SNTL,SNTL:874,10,3465,3332,-106.80234,37.47903,0.22561352497733778,0.06003409938112492,0.16557942559621286,0.3335079287242775,0.06481300075027135,0.2686949279740061,-20.8,-3.8,-17,-17
Shallow,SNTL,SNTL:895,2,2832,2539,-114.41812,43.7685,0.45836314898128194,0.3914754646141152,0.06688768436716674,0.8068394731419727,0.7623679839429199,0.04447148919905275,-40.6,-5.8,-34.800000000000004,-34.800000000000004
Shallow,SNTL,SNTL:897,9,640,640,-121.47197,47.28312,-0.07345349934982459,-1.2147611128995428,1.1413076135497182,0.2562729009842914,0.011386921194345846,0.24488597978994556,70.9,197.9,-127,127
Shallow,SNTL,SNTL:907,7,3703,3676,-112.27118,37.52217,0.5433561210341625,0.3285715473891505,0.21478457364501202,0.8665943413776331,0.6947044372542158,0.17188990412341731,-6.5,1.2,-7.7,-5.3
Shallow,SNTL,SNTL:914,8,2543,2516,-105.43666,37.85191999999999,0.709648507114807,0.4807420070088112,0.22890650010599578,0.8268406409432528,0.757432377631401,0.06940826331185179,23.3,17.8,5.5,-5.5
Shallow,SNTL,SNTL:921,1,2166,2166,-105.80584,35.7073,-1.0932610633951438,-0.6317575814420966,-0.46150348195304725,0.678681311251905,0.7069504495479036,-0.02826913829599864,206.5,157,49.5,-49.5
Shallow,SNTL,SNTL:922,1,1376,1349,-105.78487,35.77154,-0.18537362267806579,0.07895184338971162,-0.2643254660677774,0.6642440578651232,0.4668986653835568,0.1973453924815664,113.7,66.7,47,-47
Shallow,SNTL,SNTL:926,9,1550,1227,-113.83402,43.72718,0.6007115173821674,0.04394169794915681,0.5567698194330106,0.802129473572692,0.33012457690943997,0.47200489666325207,2.5,28.2,-25.7,25.7
Shallow,SNTL,SNTL:935,9,2713,2686,-105.80355,39.57096,0.19778259943304688,-0.49827016739835805,0.6960527668314049,0.4515066778892142,0.31840189993954177,0.13310477794967246,42.4,130.6,-88.19999999999999,88.19999999999999
Shallow,SNTL,SNTL:937,8,2829,2802,-105.91072,39.43579,0.3836162772271037,-0.07304233398776083,0.4566586112148645,0.5726225515202688,0.29690472454122346,0.2757178269790453,38.3,81,-42.7,42.7
Shallow,SNTL,SNTL:938,9,1915,1888,-106.11316,39.30378,0.6529286742232774,0.4023183902202422,0.2506102840030352,0.6991182154073792,0.597521493568762,0.10159672183861712,4.8,25.2,-20.4,20.4
Shallow,SNTL,SNTL:939,10,3151,3124,-106.08063,39.02611,0.6735961738002905,0.40880714894730064,0.26478902485298983,0.7174834844993364,0.6964515046076633,0.021031979891673158,13.6,4.8,8.8,-8.8
Shallow,SNTL,SNTL:940,8,3747,3720,-106.74833,40.81557,0.7198415926070124,0.4583269183474933,0.26151467425951913,0.8726760581837751,0.8242112090974317,0.04846484908634341,-12.4,50.7,-63.1,38.300000000000004
Shallow,SNTL,SNTL:942,3,955,762,-121.94032,47.0444,-0.7990950592874149,-3.655895898068499,2.856800838781084,0.4437844323488605,0.4875402364998037,-0.04375580415094321,169.7,460.1,-290.40000000000003,290.40000000000003
Shallow,SNTL,SNTL:969,3,5695,4853,-111.41219,34.74594,0.54411356144074,0.43358970621224613,0.11052385522849384,0.8013932255769087,0.6711705434183401,0.13022268215856858,-4.4,-13,8.6,8.6
Shallow,SNTL,SNTL:970,9,732,732,-105.90655,39.7645,-3.4301176228363692,-9.754968678852808,6.324851056016439,0.37558553003557804,-0.022228147967289953,0.397813678002868,432.5,1066.6,-634.0999999999999,634.0999999999999
Shallow,SNTL,SNTL:971,8,7024,5306,-111.81372,40.93417,0.5676643347352909,0.43830275133082586,0.12936158340446502,0.7141002252028934,0.5035981980660607,0.21050202713683275,-2.2,25.9,-28.099999999999998,23.7
Shallow,SNTL,SNTL:972,4,5259,4033,-111.76457,40.83032999999999,0.8017591817132486,0.7012325315074179,0.10052665020583063,0.8987859062002848,0.7778978981635235,0.12088800803676125,-13.5,18.9,-32.4,5.399999999999999
Shallow,SNTL,SNTL:978,6,4905,4879,-116.09685000000002,43.76377,0.7557747272355082,0.2878729360107767,0.4679017912247315,0.8897101138942557,0.6746116669560444,0.21509844693821134,-12.7,58,-70.7,45.3
Shallow,SNTL,SNTL:979,1,895,NA,-116.3366,44.37665,0.6616180802045615,NA,NA,0.9202520901490312,NA,NA,3,NA,NA,NA
Shallow,SNTL,SNTL:983,5,3602,3247,-111.83355,37.9725,0.7308132276819141,0.6094499910813047,0.12136323660060944,0.8620574819591121,0.6525864740473184,0.20947100791179374,17.4,10.4,6.999999999999998,-6.999999999999998
Shallow,SNTL,SNTL:985,1,5386,4841,-117.39438,46.23718000000001,0.5081996317476536,0.546055953398636,-0.037856321650982405,0.8508580237088199,0.7996500351807947,0.05120798852802522,-34.2,7.1,-41.300000000000004,-27.1
Shallow,SNTL,SNTL:989,5,5314,4029,-116.8535,46.805,0.4745554408697221,0.5597350309915572,-0.08517959012183507,0.8381124423795371,0.7671468313260014,0.07096561105353572,-42.7,1.4,-44.1,-41.300000000000004
Shallow,SNTL,SNTL:992,9,2563,2536,-110.8277,40.8852,0.6204732084808808,0.30516209477280254,0.3153111137080783,0.9022798531250145,0.5467005251390953,0.3555793279859192,35.1,52.5,-17.4,17.4
Shallow,UMRB Mesonet,AIDN8,1,736,231,-103.31629,46.48844,0.35636260311495926,0.2318353722242985,0.12452723089066076,0.8496430094508606,0.8113477370909647,0.03829527235989583,-0,-27.8,27.8,27.8
Shallow,UMRB Mesonet,ATRS2,8,586,113,-103.2888,45.5193,0.42155638483176305,-0.27721562039027514,0.6987720052220382,0.770913458877181,-0.17511176129405887,0.9460252201712398,-5.1,49.5,-54.6,44.4
Shallow,UMRB Mesonet,BBMW4,7,619,56,-109.3083,44.4817,0.45434815766401415,0.21676830960808158,0.23757984805593257,0.7918978802453279,0.7789967063081672,0.012901173937160726,41,51.1,-10.100000000000001,10.100000000000001
Shallow,UMRB Mesonet,BCHN8,7,556,45,-103.96629,46.78941,0.21271526160033916,0.18847430199178838,0.02424095960855077,0.7462560360452749,0.5942271080445176,0.1520289280007573,73.5,59.3,14.200000000000003,-14.200000000000003
Shallow,UMRB Mesonet,BDVM8,8,777,264,-108.75544,46.12817,0.6778600029381633,0.5188813538885599,0.15897864904960335,0.8170548621875519,0.5998594600567433,0.21719540213080857,20.6,18.2,2.400000000000002,-2.400000000000002
Shallow,UMRB Mesonet,BFMS2,1,726,149,-96.9011,43.0404,0.7850580976371206,-0.023250299911264483,0.8083083975483851,0.8740450261482089,0.540094843668112,0.3339501824800969,6.1,89.7,-83.60000000000001,83.60000000000001
Shallow,UMRB Mesonet,BKMS2,2,750,238,-96.7685,44.325,0.7585429748442525,0.8041630165138451,-0.04562004166959266,0.8612673246099655,0.8436153622869574,0.01765196232300803,-4.6,-9.8,5.200000000000001,5.200000000000001
Shallow,UMRB Mesonet,BLWM8,1,643,18,-111.47361,47.69075,0.7151479142977918,-0.11822077981991197,0.8333686941177038,0.851110862687299,0.05361458264846476,0.7974962800388342,-4.6,-18.6,14.000000000000002,14.000000000000002
Shallow,UMRB Mesonet,BOMN8,7,744,242,-103.47303,46.19958,0.4008265020794728,0.49269439271194204,-0.09186789063246925,0.862750555573828,0.7670773565489176,0.09567319902491034,51.5,28,23.5,-23.5
Shallow,UMRB Mesonet,BWLS2,9,681,224,-99.6729,45.4388,0.9039602573252605,0.8547021058093199,0.049258151515940596,0.9123383097533873,0.8581183927203117,0.054219917033075604,3.8,-0.5,4.3,-3.3
Shallow,UMRB Mesonet,BYMW4,8,609,70,-108.1332,43.3238,0.4586761957524199,-1.7218799233903108,2.1805561191427305,0.6520016832943454,0.025635426797697404,0.626366256496648,-29.8,-34.1,4.300000000000001,4.300000000000001
Shallow,UMRB Mesonet,BZNM8,8,754,264,-111.07218,45.66341,0.5809989513073472,0.518388451028824,0.06261050027852322,0.8621771085898878,0.9073143592552206,-0.045137250665332806,-17,-23.6,6.600000000000001,6.600000000000001
Shallow,UMRB Mesonet,CFCM8,10,643,51,-110.10835,47.39345,0.7711650527882241,0.49114156801376707,0.28002348477445704,0.8382909665598473,0.8641958465467936,-0.02590487998694635,-15.1,-10.3,-4.799999999999999,-4.799999999999999
Shallow,UMRB Mesonet,COOM8,2,660,90,-109.2597,45.46583,0.8176474467368683,0.34493340965791264,0.47271403707895565,0.9057142499332239,0.5855815223003534,0.3201327276328705,6.9,47.2,-40.300000000000004,40.300000000000004
Shallow,UMRB Mesonet,CPTS2,10,828,251,-103.0008,44.0008,0.6475462036745869,0.11149317125278324,0.5360530324218037,0.7419168879804797,0.46088289669106997,0.28103399128940976,-16.6,-47.1,30.5,30.5
Shallow,UMRB Mesonet,CRGN8,3,685,234,-99.13215,47.50865,0.6695431217253776,0.7290634416409123,-0.05952031991553475,0.84133254782132,0.8523520636181864,-0.01101951579686633,12.2,17.5,-5.300000000000001,5.300000000000001
Shallow,UMRB Mesonet,CROM8,6,828,300,-107.43834,45.58605,0.7451695386379125,0.4294854379379477,0.3156841006999648,0.7903215973565365,0.7206998350521209,0.06962176230441564,2.5,42.3,-39.8,39.8
Shallow,UMRB Mesonet,CSRN8,3,749,258,-101.37384,46.44304,0.7306747675926331,0.7240680127505452,0.006606754842087836,0.9035320612937955,0.8580333778067442,0.04549868348705133,-6.3,-4.2,-2.0999999999999996,-2.0999999999999996
Shallow,UMRB Mesonet,CTWS2,6,842,250,-101.8541,43.9601,0.8115677832053911,0.4886749482787478,0.32289283492664334,0.8596255094048584,0.5478519047546186,0.31177360465023973,-11.7,-4.2,-7.499999999999999,-7.499999999999999
Shallow,UMRB Mesonet,CURN8,1,671,236,-98.67987,47.22119,0.6755571200984829,0.7423451696574156,-0.0667880495589327,0.8245825088874444,0.8351172131741245,-0.010534704286680019,17.6,19.3,-1.6999999999999993,1.6999999999999993
Shallow,UMRB Mesonet,CYMW4,10,581,17,-108.43242,44.92915,0.5250905594813091,-5.759969990577946,6.285060550059255,0.8015409859079202,0.5428893393844862,0.258651646523434,23.6,606.9,-583.3,583.3
Shallow,UMRB Mesonet,DDMW4,6,553,4,-108.95152,43.23143,0.7406087861797869,-0.16504963673091044,0.9056584229106973,0.8378347459753827,-0.15007649223514777,0.9879112382105304,11,18.6,-7.600000000000001,7.600000000000001
Shallow,UMRB Mesonet,DKSN8,1,554,41,-102.81284,46.89483,0.33287435136897603,-0.0266382230130644,0.35951257438204043,0.7639399935038462,0.3842234167087475,0.37971657679509874,53.9,29,24.9,-24.9
Shallow,UMRB Mesonet,EDGN8,1,524,56,-98.76608,46.31913,0.6991348677629008,0.41361307866619446,0.28552178909670634,0.86112833351548,0.8311466762554296,0.02998165726005042,-19.7,-35.3,15.599999999999998,15.599999999999998
Shallow,UMRB Mesonet,EDTS2,8,809,243,-103.972,43.4739,0.6246672539295273,0.42911629917990257,0.1955509547496247,0.8060732168616667,0.699044006146876,0.10702921071479066,-11.7,7.8,-19.5,-3.8999999999999995
Shallow,UMRB Mesonet,FLNS2,5,612,108,-96.5847,44.087,0.7491356286721746,0.512583542033664,0.23655208663851068,0.9214321592511181,0.6675002813591271,0.253931877891991,19.7,6.4,13.299999999999999,-13.299999999999999
Shallow,UMRB Mesonet,FTUN8,3,684,226,-103.80585,48.96375,0.6690720891477311,0.6422275913571218,0.026844497790609267,0.8812075549159972,0.7959030074802813,0.08530454743571592,4.3,-11.5,15.8,7.2
Shallow,UMRB Mesonet,GANN8,6,520,40,-101.67955,47.71023,0.5928973986700052,0.5649495059719791,0.02794789269802611,0.7697414374137092,0.8413961980474721,-0.07165476063376297,-1.4,-37.9,36.5,36.5
Shallow,UMRB Mesonet,GGMS2,7,543,NA,-99.4934,43.1373,0.6219195801776126,NA,NA,0.847618693340054,NA,NA,18.5,NA,NA,NA
Shallow,UMRB Mesonet,GOTS2,9,693,191,-98.0302,45.5735,0.8567565732466392,0.7351895187422983,0.12156705450434091,0.8684917768053642,0.9024210469496959,-0.03392927014433178,3.2,-4.4,7.6000000000000005,1.2000000000000002
Shallow,UMRB Mesonet,GREN8,6,713,235,-103.88123,48.73502,0.6622861273429732,0.7061708906378752,-0.043884763294901985,0.8361585053653015,0.7446313932137782,0.0915271121515232,4.5,-7.3,11.8,2.8
Shallow,UMRB Mesonet,GSBN8,7,541,40,-103.20628,47.38661,0.31892838366335086,0.4942183217181835,-0.17528993805483262,0.83959841402765,0.7830943856956395,0.056504028332010514,44.3,31.7,12.599999999999998,-12.599999999999998
Shallow,UMRB Mesonet,HAEM8,6,813,268,-109.79939,48.48906,0.7050508129274538,0.3954069420354853,0.30964387089196843,0.7596356829395905,0.5178310124236969,0.2418046705158936,0.7,36.4,-35.699999999999996,35.699999999999996
Shallow,UMRB Mesonet,HAMS2,10,616,30,-101.1291,44.3125,0.5669163647102833,0.11115387245442443,0.45576249225585885,0.7608352346248985,0.9083313852674948,-0.14749615064259625,27.6,64.1,-36.49999999999999,36.49999999999999
Shallow,UMRB Mesonet,HAZN8,4,733,236,-101.67933,47.30177,0.3589863515056517,0.23530451168664357,0.12368183981900815,0.8944231344663287,0.8318541319879463,0.06256900247838237,58.9,74.2,-15.300000000000004,15.300000000000004
Shallow,UMRB Mesonet,HIHS2,4,763,217,-99.4614,44.5258,0.7567335593552382,0.4541041117951722,0.30262944756006604,0.8889034214401994,0.8629516038490453,0.02595181759115406,6.7,-27.7,34.4,21
Shallow,UMRB Mesonet,HMLS2,4,748,133,-99.7121,43.5938,0.5968563419298313,-0.2433195846719003,0.8401759266017316,0.8801370510849227,0.11680377415375,0.7633332769311727,30.8,13.2,17.6,-17.6
Shallow,UMRB Mesonet,HNTM8,3,777,52,-108.23296,45.92637,0.6750662916719825,-0.09924136009671414,0.7743076517686966,0.7307860170564394,-0.09873875321601665,0.8295247702724561,14.1,-2.4,16.5,-11.7
Shallow,UMRB Mesonet,HTGN8,2,736,249,-102.64564,46.01255,0.5426624655217356,0.39422692488439537,0.1484355406373402,0.8417484083554263,0.7981726174588925,0.04357579089653385,-17.7,-43.7,26.000000000000004,26.000000000000004
Shallow,UMRB Mesonet,IGMM8,2,777,266,-107.22383,46.65685,0.20952249317218852,0.29969067435567287,-0.09016818118348435,0.8530015334388851,0.5936771700399892,0.25932436339889586,77.7,53.8,23.900000000000006,-23.900000000000006
Shallow,UMRB Mesonet,JSTN8,6,502,43,-98.92778,46.90669,0.6163085095224297,-0.6885385477170913,1.304847057239521,0.8737076462138816,0.4939053115604269,0.37980233465345475,0.6,47.2,-46.6,46.6
Shallow,UMRB Mesonet,KEEM8,3,857,274,-109.6112,45.55735,0.7120980273165213,0.19581317035796542,0.5162848569585559,0.7429024996076645,0.3679447603095398,0.3749577392981247,-8.2,33.5,-41.7,25.3
Shallow,UMRB Mesonet,KEEN8,4,527,41,-103.04803,47.89372,0.45470099147289367,0.2995340708429277,0.15516692062996595,0.856294118538998,0.6017888543359056,0.2545052642030924,32.1,50.9,-18.799999999999997,18.799999999999997
Shallow,UMRB Mesonet,LCMS2,5,612,26,-98.1096,43.9028,0.690664893794652,-0.4916883036066493,1.1823531974013013,0.8294595464801142,0.5396480591387176,0.2898114873413966,1.4,35.6,-34.2,34.2
Shallow,UMRB Mesonet,LLAS2,3,709,229,-98.9314,45.7167,0.685515504861715,0.5844684972281502,0.10104700763356478,0.871798994513844,0.9221847754777683,-0.05038578096392432,-2.8,-32.2,29.400000000000002,29.400000000000002
Shallow,UMRB Mesonet,MARN8,9,554,72,-98.32759,46.56453,0.5752060082189192,0.09393655237494392,0.4812694558439753,0.6778217038272083,0.25957954233199054,0.41824216149521776,-12.1,-31.8,19.700000000000003,19.700000000000003
Shallow,UMRB Mesonet,MATN8,1,737,246,-102.32195,46.37979,0.10492758007741487,0.25178780141820245,-0.14686022134078758,0.895114358807137,0.8274861142913168,0.06762824451582017,88.1,72.5,15.599999999999994,-15.599999999999994
Shallow,UMRB Mesonet,MCIM8,2,816,272,-109.95352,47.05849,0.785498463642994,0.5584623570003373,0.22703610664265672,0.808935689342242,0.6387764081705469,0.1701592811716951,-6.8,5.7,-12.5,-1.0999999999999996
Shallow,UMRB Mesonet,MCYM8,2,797,261,-105.95432,46.40541,0.7211161067335342,0.34752539964618956,0.37359070708734465,0.7865967497681036,0.5147815981670582,0.2718151516010454,-16,-39.3,23.299999999999997,23.299999999999997
Shallow,UMRB Mesonet,MLVM8,4,814,276,-109.84163,46.00145,0.7998814120707981,0.5007025335793386,0.2991788784914595,0.8349629889427467,0.7507575002531167,0.08420548868962996,-4.2,-16.3,12.100000000000001,12.100000000000001
Shallow,UMRB Mesonet,MMDN8,4,509,52,-100.91401,46.77356,0.5584145736076082,-0.472630936013561,1.031045509621169,0.8846994065615419,-0.10561838871306745,0.9903177952746094,34.1,41.1,-7,7
Shallow,UMRB Mesonet,MVMS2,3,627,33,-101.8991,44.4748,0.365380796498986,-0.6111420047553373,0.9765228012543233,0.8510355318104149,0.6270326938904406,0.22400283791997433,50.8,99.5,-48.7,48.7
Shallow,UMRB Mesonet,NISS2,8,712,122,-103.5603,44.6782,0.7632052115775679,-0.12328785475185478,0.8864930663294227,0.8428329325121902,0.031934701773374076,0.8108982307388161,1.1,30.8,-29.7,29.7
Shallow,UMRB Mesonet,NOMS2,8,644,32,-101.1014,43.5999,0.47642612880848056,0.8008596500849893,-0.3244335212765087,0.8074936994166888,0.8531821286197,-0.045688429203011194,-17.9,-5.5,-12.399999999999999,-12.399999999999999
Shallow,UMRB Mesonet,OCMS2,6,811,244,-99.4157,43.7982,0.5434886852467657,0.14047060053414417,0.40301808471262157,0.5827949094731403,0.22673360956797514,0.3560612999051651,1.1,-26.2,27.3,25.099999999999998
Shallow,UMRB Mesonet,OILM8,2,597,49,-111.60108,48.78158,0.35351105807809236,-2.6973462583851378,3.05085731646323,0.6331456509356179,0.14972325562846794,0.48342239530715,32.8,167.6,-134.8,134.8
Shallow,UMRB Mesonet,OKNN8,7,692,239,-98.10281,46.06672,0.37182594212081266,0.36103020261381846,0.010795739506994195,0.7906583848532742,0.9331387842976233,-0.1424803994443491,-42.8,-42.7,-0.09999999999999432,-0.09999999999999432
Shallow,UMRB Mesonet,ONMS2,6,540,10,-100.32,44.6465,0.5945603851871195,-0.39900487314137334,0.9935652583284929,0.7959889305585446,-0.15776949586124203,0.9537584264197866,1.4,78.4,-77,77
Shallow,UMRB Mesonet,PLMW4,7,778,236,-108.759,44.7764,0.521949527993806,0.4622800598639748,0.059669468129831205,0.5770514256430863,0.4629207938692795,0.11413063177380683,15.4,-2.3,17.7,-13.100000000000001
Shallow,UMRB Mesonet,PVMS2,7,620,32,-103.7986,43.0375,0.7606837041276955,-0.44237642422266754,1.203060128350363,0.8318896536471438,0.06177699327083471,0.7701126603763091,12,105.2,-93.2,93.2
Shallow,UMRB Mesonet,RAMS2,6,522,7,-102.9226,45.9059,0.6935546209265049,0.5806741524710247,0.11288046845548017,0.7652547713139036,0.6934960035807002,0.07175876773320344,-13.8,-7,-6.800000000000001,-6.800000000000001
Shallow,UMRB Mesonet,RAYN8,7,679,212,-103.16926,48.40095,0.6324565553436495,0.802760164539754,-0.17030360919610443,0.8695065411357404,0.8188196421215413,0.050686899014199094,9.9,-5.3,15.2,-4.6000000000000005
Shallow,UMRB Mesonet,RBMS2,9,686,113,-100.7205,43.2,0.8039898595285979,0.6211293708273352,0.1828604887012627,0.9233346176451501,0.766656003315831,0.15667861432931918,-12.1,7.9,-20,-4.199999999999999
Shallow,UMRB Mesonet,ROBN8,5,691,237,-99.79807,47.17305,0.547715637936716,0.568638756899009,-0.02092311896229304,0.8111950527163787,0.7122993250291715,0.09889572768720722,15.6,9.3,6.299999999999999,-6.299999999999999
Shallow,UMRB Mesonet,ROUM8,5,818,277,-108.42432,46.57848,0.8135724284343874,0.522091242624783,0.29148118580960436,0.8230977305872968,0.5411217241809367,0.2819760064063601,5.7,-2.8,8.5,-2.9000000000000004
Shallow,UMRB Mesonet,SEEN8,7,504,57,-99.99273,46.89402,0.7264172706206392,0.07371643695573027,0.6527008336649089,0.9044322687842697,0.5271556685898307,0.3772766001944391,17.2,11.5,5.699999999999999,-5.699999999999999
Shallow,UMRB Mesonet,SFSS2,2,696,127,-96.7623,43.5048,0.7781162087296185,0.644163999699684,0.13395220902993454,0.885726795587207,0.7587912962828994,0.1269354993043076,-11.2,-16.4,5.199999999999999,5.199999999999999
Shallow,UMRB Mesonet,SHMW4,7,1200,566,-106.839,44.8408,0.738989355508008,0.5727329809321207,0.16625637457588738,0.7840302038612975,0.7150949908798433,0.06893521298145422,-10.3,18.7,-29,8.399999999999999
Shallow,UMRB Mesonet,SHSS2,3,629,194,-97.1025,45.1054,0.7284705956521624,0.6375456904086659,0.0909249052434965,0.9050898748207281,0.8907874966682107,0.014302378152517448,-24.3,-34.5,10.2,10.2
Shallow,UMRB Mesonet,SIYM8,3,759,246,-104.24789,47.78229,0.713119560179938,0.6576343255231993,0.05548523465673871,0.7569373130466598,0.7830497863958396,-0.026112473349179766,-5.9,-21.3,15.4,15.4
Shallow,UMRB Mesonet,STMS2,10,895,255,-103.3792,44.4245,0.8251708536881291,0.6435425904667689,0.18162826322136028,0.844476015015571,0.726632752899519,0.117843262116052,-8,-4.6,-3.4000000000000004,-3.4000000000000004
Shallow,UMRB Mesonet,STRN8,2,689,231,-99.46081,46.71797,0.65526763021952,0.48166135148701694,0.173606278732503,0.8733204600986902,0.8712380890898005,0.0020823710088897496,-2.3,-42.9,40.6,40.6
Shallow,UMRB Mesonet,TIMS2,5,733,236,-101.085,45.4166,0.6776413942903037,0.6001786038656208,0.07746279042468285,0.8683834584116916,0.7859241461632993,0.08245931224839231,-25.4,-23.6,-1.7999999999999972,-1.7999999999999972
Shallow,UMRB Mesonet,TTNM8,1,586,47,-111.5432,46.13646,0.5499751427284605,0.1539161984036298,0.3960589443248307,0.7823603942815518,0.28290597587124583,0.49945441841030597,-28.3,-43.2,14.900000000000002,14.900000000000002
Shallow,UMRB Mesonet,TURN8,9,508,40,-100.91529,47.56793,0.33466378712576683,-0.1796388646342426,0.5143026517600094,0.8539772786701643,0.9206821328242992,-0.06670485415413496,64.5,100.1,-35.599999999999994,35.599999999999994
Shallow,UMRB Mesonet,UNIS2,2,779,239,-102.6709,44.5664,0.3278746165754175,0.3642617110754155,-0.036387094499997996,0.662988794423633,0.5110705607649896,0.15191823365864343,41.8,9.7,32.099999999999994,-32.099999999999994
Shallow,UMRB Mesonet,VGAS2,2,451,NA,-96.9188,44.304,0.5594544835853834,NA,NA,0.8604991439486434,NA,NA,-19.1,NA,NA,NA
Shallow,UMRB Mesonet,WISN8,9,532,49,-99.66585,46.26033,0.5768463327384676,-0.42464797343558214,1.0014943061740498,0.8472287485139458,0.0289908010936573,0.8182379474202885,0.8,94.9,-94.10000000000001,94.10000000000001
Shallow,UMRB Mesonet,WLLN8,1,726,237,-103.73859,48.13308,0.30420707442215733,0.3357864321243442,-0.031579357702186894,0.8424589153378123,0.8105957799530465,0.031863135384765706,67.7,63.4,4.300000000000004,-4.300000000000004
Shallow,UMRB Mesonet,WNMS2,5,584,NA,-99.6931,43.3142,0.7291779724409599,NA,NA,0.7726519409267607,NA,NA,3.7,NA,NA,NA
Shallow,UMRB Mesonet,WRIS2,1,910,264,-100.7423,43.5586,0.7624425821500433,0.46980213910835167,0.2926404430416917,0.8793774625277581,0.6691166566527794,0.21026080587497864,-11.6,7.2,-18.8,-4.3999999999999995
Shallow,UMRB Mesonet,WRMW4,8,600,47,-107.90498,44.00257,-1.6236843956771687,-6.391094859901752,4.767410464224584,0.7115611569631195,0.05400726395536448,0.657553893007755,247.8,425.3,-177.5,177.5
Shallow,UMRB Mesonet,WTES2,10,780,152,-98.6936,43.7373,0.6743889935317469,-0.5172866836464418,1.1916756771781887,0.7732778874413426,-0.3969714733704419,1.1702493608117845,-5.7,-4.5,-1.2000000000000002,-1.2000000000000002
Shallow,UMRB Mesonet,ZELN8,1,536,45,-99.68768,46.01351,0.5991512019561513,-0.16474289841650824,0.7638941003726596,0.777137734137366,0.30813949000808005,0.4689982441292859,20,83.4,-63.400000000000006,63.400000000000006
Shallow,USCRN,1001,3,2592,2565,-105.1,48.29999999999999,0.6056958138204369,0.39725299899394895,0.20844281482648797,0.7994063343791878,0.7027665887370964,0.09663974564209143,-20.3,-27.4,7.099999999999998,7.099999999999998
Shallow,USCRN,1002,7,2989,2962,-105.2,48.48,0.7677184993146305,0.5850910790899275,0.18262742022470302,0.8254167661202672,0.7247192515434049,0.10069751457686227,-2.8,-20.5,17.7,17.7
Shallow,USCRN,1003,7,3270,3243,-96.85,40.69,0.8343766281596466,0.6020782514494492,0.23229837671019749,0.844779069212739,0.7670414848570457,0.07773758435569333,2.5,-9.4,11.9,6.9
Shallow,USCRN,1004,5,3874,3848,-96.56,40.84000000000001,0.8017909976006453,0.4891947990576476,0.3125961985429977,0.8392841505135271,0.6767668038222341,0.16251734669129303,-10.9,-28.5,17.6,17.6
Shallow,USCRN,1005,1,4847,4820,-97.09,36.11,0.6420979799200568,0.4906685419124892,0.15142943800756758,0.8807855379428587,0.80752931000531,0.07325622793754871,-22.6,-18.9,-3.700000000000003,-3.700000000000003
Shallow,USCRN,1006,7,4874,4847,-97.1,36.13,0.7390439849856376,0.5960268967641729,0.14301708822146475,0.8627903304970389,0.8507905579764795,0.011999772520559393,22,13.5,8.5,-8.5
Shallow,USCRN,1009,9,2899,2872,-96.62,43.72999999999999,0.7170864126459369,0.49432411973550205,0.2227622929104348,0.882943749513077,0.8041612650575507,0.07878248445552627,-7.5,-28.6,21.1,21.1
Shallow,USCRN,1010,8,3943,3916,-110.5,31.59,0.7520674555437452,0.12930826842691157,0.6227591871168336,0.7833328472920355,0.764390689595841,0.01894215769619445,11.8,80.3,-68.5,68.5
Shallow,USCRN,1011,4,4637,4610,-111.16,32.23,0.587422083509947,-0.3475473324238849,0.9349694159338319,0.8189852380087738,0.8200301329384543,-0.0010448949296805177,35.1,123.3,-88.19999999999999,88.19999999999999
Shallow,USCRN,1012,10,4644,4619,-92.11,32.88,0.7999999505168977,0.5245335584808546,0.27546639203604306,0.8727925797782039,0.6910444358004469,0.18174814397775696,10.9,4.9,6,-6
Shallow,USCRN,1013,2,4725,4698,-91.87,30.090000000000003,0.42710460897403957,0.5437140644573474,-0.11660945548330781,0.8385472091304244,0.7546234399978728,0.0839237691325515,48.2,-13.7,61.900000000000006,-34.5
Shallow,USCRN,1014,9,3345,3318,-104.75,40.8,-0.9956789728408852,-1.8078277760343102,0.812148803193425,0.7275466856327379,0.5809866945210639,0.14655999111167406,188.3,273.6,-85.30000000000001,85.30000000000001
Shallow,USCRN,1015,6,3728,3728,-122.6,40.65,0.7995952897679501,0.42518391022222934,0.3744113795457208,0.8025015492797236,0.7022725763715792,0.10022897290814436,3.3,48.5,-45.2,45.2
Shallow,USCRN,1017,8,3733,3706,-121.44,48.540000000000006,0.5166340756683068,0.5251181490148417,-0.008484073346534893,0.9374636912965267,0.9305897584459337,0.006873932850593012,-34.7,15.2,-49.900000000000006,-19.500000000000004
Shallow,USCRN,1018,2,3687,3660,-95.72,31.769999999999996,0.4627692250276416,0.535969664108677,-0.07320043908103535,0.9188763690137195,0.82162143497958,0.09725493403413954,-31,-28.9,-2.1000000000000014,-2.1000000000000014
Shallow,USCRN,1019,4,4653,4626,-102.8,31.61999999999999,0.6613503437933765,-1.3878166170205044,2.049166960813881,0.663335141408385,0.6834368430670966,-0.020101701658711613,-1,199.8,-200.8,198.8
Shallow,USCRN,1020,7,4407,4380,-106.88,34.35,0.7072337980395784,-0.43930679695930697,1.1465405949988854,0.7916720043583053,0.7077001458852004,0.08397185847310495,-2.9,137.9,-140.8,135
Shallow,USCRN,1021,3,2671,2644,-113.55,43.46,0.6629324440337303,0.19018452201005265,0.47274792202367766,0.9273280568915995,0.8250995014719852,0.10222855541961429,32.4,75,-42.6,42.6
Shallow,USCRN,1022,9,3486,3459,-116.75,43.2,0.6395079475893133,0.6906331835521755,-0.051125235962862225,0.8114048678815985,0.7663192940795498,0.045085573802048695,-29.5,16.2,-45.7,-13.3
Shallow,USCRN,1023,4,3852,3825,-119.69,43.47,0.8264723621065823,-0.012451117884668905,0.8389234799912512,0.9037550873033456,0.7544234009141727,0.14933168638917294,13,96.2,-83.2,83.2
Shallow,USCRN,1024,2,3705,3678,-79.47,39.01,0.7428923872553379,0.47973269139915564,0.26315969585618226,0.8073468559726811,0.6135826461130919,0.1937642098595892,-6.4,-14.7,8.299999999999999,8.299999999999999
Shallow,USCRN,1025,2,2752,2725,-103.73,42.419999999999995,0.7524146090653743,0.6091994481595127,0.14321516090586162,0.8813424263881547,0.78506433122049335,0.09627809516766139,21.7,32.6,-10.900000000000002,10.900000000000002
Shallow,USCRN,1026,5,4214,4187,-82.61,35.49,0.7119532646019402,0.3135862873852955,0.3983669772166447,0.8393550310445691,0.697781731440711,0.14157329960385812,1.4,8.1,-6.699999999999999,6.699999999999999
Shallow,USCRN,1027,1,4692,4665,-82.55,35.41,0.807824181931853,0.49626187060482496,0.31156231132702805,0.898692466735418,0.8082960415872866,0.0903964251481314,2.8,24.9,-22.099999999999998,22.099999999999998
Shallow,USCRN,1028,2,4676,4649,-84.74,38.09000000000001,0.814278303429906,0.6680281686615326,0.14625013476837345,0.901324856036338,0.8256396306302095,0.07568522540612854,8.3,-8.2,16.5,-0.10000000000000142
Shallow,USCRN,1029,8,3721,3721,-81.32,33.35,0.7753198984397652,0.580564715278892,0.19475518316087326,0.830557647024578,0.7222179627389819,0.10833968428559615,-12.7,27.7,-40.4,15
Shallow,USCRN,1030,4,4927,4907,-79.36,33.15,0.31302888881944635,-0.12604867747045612,0.43907756628990247,0.7506654446353661,0.7276653756260514,0.023000069009314728,52.3,92.8,-40.5,40.5
Shallow,USCRN,1031,10,4835,4808,-86.23,37.25,0.8828310634319533,0.5220655433684775,0.36076552006347573,0.8941839563520313,0.7361233848221462,0.15806057152988506,-4.4,6,-10.4,1.5999999999999996
Shallow,USCRN,1032,9,3763,3736,-84.47,31.31,0.46919051900854114,0.26717606492657575,0.2020144540819654,0.8137689201355642,0.772339609475306,0.041429310660258234,34.6,61.3,-26.699999999999996,26.699999999999996
Shallow,USCRN,1033,2,4584,4557,-84.44,31.19,0.8253680867727575,0.6662333608256108,0.15913472594714673,0.8856149449071631,0.8082319460688885,0.0773829988382746,5.4,21.8,-16.4,16.4
Shallow,USCRN,1034,4,3046,3019,-68.7,44.92,0.4513572421666292,0.1541455445175679,0.2972116976490613,0.7846205150281496,0.5372995608754236,0.24732095415272592,-21.4,-16.7,-4.699999999999999,-4.699999999999999
Shallow,USCRN,1035,1,2683,2656,-67.88,46.96,0.19292166076530115,0.06048615562659221,0.13243550513870894,0.7384415961667492,0.5671481406305292,0.17129345553622,73.5,69.2,4.299999999999997,-4.299999999999997
Shallow,USCRN,1036,5,4753,4726,-89.07,32.330000000000005,0.7387652717167794,0.33296891478870894,0.4057963569280705,0.9042774587178554,0.7915610668534666,0.11271639186438875,-10.4,20.6,-31,10.200000000000001
Shallow,USCRN,1037,10,4204,4177,-88.37000000000002,40.05,0.7561472197881354,0.5199487815729247,0.2361984382152107,0.8328848870409615,0.731303202647321,0.10158168439364057,5,-15.5,20.5,10.5
Shallow,USCRN,1038,4,3406,3397,-88.85,41.84,0.7892440570121327,0.5046829509598231,0.28456110605230966,0.8799870571599958,0.6887117561039845,0.19127530105601132,-0.4,-15.8,15.4,15.4
Shallow,USCRN,1039,9,2638,2611,-95.87,48.3,0.27000717635519866,0.2218171312521543,0.048190045103044366,0.7145579695530933,0.733730117873335,-0.019172148320241722,-39.5,-49.5,10,10
Shallow,USCRN,1040,7,3208,3181,-70.94,43.10000000000001,0.708888315472416,0.2325239009847091,0.47636441448770694,0.888119034858746,0.7387023947598587,0.14941664009888733,26.8,50.5,-23.7,23.7
Shallow,USCRN,1041,6,3723,3696,-70.92,43.17000000000001,0.6845460066647115,0.26214803757637795,0.4223979690883336,0.9191514745900138,0.7008768309099187,0.21827464368009508,29.7,39.5,-9.8,9.8
Shallow,USCRN,1042,3,3818,3791,-71.54,41.489999999999995,0.7825506839638228,0.5255562668709484,0.2569944170928744,0.8213343908357221,0.7294053592785714,0.09192903155715071,-10.8,12.8,-23.6,2
Shallow,USCRN,1043,8,3833,3807,-71.54,41.470000000000006,0.7673283743054686,0.3635790296967083,0.40374934460876033,0.8815317043774353,0.7546849217473997,0.12684678263003568,18.5,48.2,-29.700000000000003,29.700000000000003
Shallow,USCRN,1045,7,2352,2325,-105.54,40.03,0.6359783000955836,0.43333420225938024,0.2026440978362034,0.7618184832187302,0.6787254709097365,0.0830930123089938,19.5,35.9,-16.4,16.4
Shallow,USCRN,1046,9,2739,2712,-113.43,48.74000000000001,0.812988758077638,0.34154345026416233,0.4714453078134757,0.9015803600997881,0.7669808444606935,0.13459951563909467,13.9,47.4,-33.5,33.5
Shallow,USCRN,1047,7,4658,4631,-96.6,39.10000000000001,0.6110973566485018,0.4052325092058281,0.20586484744267375,0.8945589620431258,0.7996682806621027,0.09489068138102308,-8.1,-15.6,7.5,7.5
Shallow,USCRN,1049,7,4537,4510,-116.02,36.62,0.7308897538538889,-1.6296299961598804,2.3605197500137693,0.8175666976859827,0.8179219099756311,-3.5521228964841e-4,14.1,200.7,-186.6,186.6
Shallow,USCRN,1050,7,3733,3706,-120.87999999999998,37.23,0.8027143134752344,-0.027952832218690604,0.830667145693925,0.8442426338689161,0.8047683082440671,0.03947432562484898,10.8,99,-88.2,88.2
Shallow,USCRN,1066,3,3853,3826,-98.06,26.52,0.8029243912896782,0.40634697528811214,0.39657741600156604,0.8515451445112131,0.8397839430695322,0.011761201441680913,-11.9,20.2,-32.1,8.299999999999999
Shallow,USCRN,1067,3,4253,4226,-102.77,33.95000000000001,0.6380754566778946,0.7002770185912465,-0.06220156191335191,0.7924818528748934,0.790437161298003,0.002044691576890356,-18.6,-2.9,-15.700000000000001,-15.700000000000001
Shallow,USCRN,1068,2,4134,4107,-101.59,36.59,0.5727718263062198,0.48223970488033563,0.09053212142588418,0.8260966310101187,0.7692507273543033,0.05684590365581532,-10.3,15.3,-25.6,5
Shallow,USCRN,1105,10,4607,4580,-117.14,36.6,0.4888387636364002,-2.1777505158284565,2.6665892794648567,0.5237373652809698,0.5397394670536978,-0.016002101772727984,18.3,185.8,-167.5,167.5
Shallow,USCRN,1106,6,3636,3609,-114.2,39.01,0.11212595815264659,-1.7510523692057123,1.8631783273583589,0.8397944104799107,0.8223736107864654,0.017420799693445232,84.7,259.8,-175.10000000000002,175.10000000000002
Shallow,USCRN,1107,10,2461,2434,-110.71,43.66,-0.1447272050743149,-0.5959515333129104,0.4512243282385955,0.8350696807517499,0.7811346145825435,0.0539350661692064,97,157,-60,60
Shallow,USCRN,1108,2,3203,3176,-108.96,40.24,0.41344970891490496,0.5140171851479014,-0.10056747623299644,0.8559616045319401,0.7308654611914117,0.12509614334052843,-38.3,-20.1,-18.199999999999996,-18.199999999999996
Shallow,USCRN,1109,10,3019,2992,-107.69,38.54,0.8216221551277598,0.43240566860620344,0.3892164865215564,0.9135519615160528,0.6730599573038627,0.24049200421219008,-13.9,13.1,-27,-0.8000000000000007
Shallow,USCRN,1110,2,4146,4119,-103.82,37.86,0.5847883723678404,0.4214507604667602,0.1633376119010802,0.7112064292278562,0.59823422677793,0.11297220244992612,-19.9,-8.8,-11.099999999999998,-11.099999999999998
Shallow,USCRN,1111,2,4807,4780,-83.38,33.78,0.5423625635446379,-0.22698829388784114,0.769350857432479,0.8954799461195726,0.7839286461237157,0.11155129999585689,41.4,113.2,-71.80000000000001,71.80000000000001
Shallow,USCRN,1113,2,3636,3609,-86.92,46.33,0.850380364384865,0.32245339351336844,0.5279269708714965,0.8618855995437935,0.4817432317526223,0.3801423677911712,5.5,41.3,-35.8,35.8
Shallow,USCRN,1114,3,3474,3447,-90.17,44.059999999999995,0.7158532965704165,-0.0671220623530504,0.7829753589234669,0.8103241392228243,0.6713584531218546,0.1389656861009697,19.9,101.2,-81.30000000000001,81.30000000000001
Shallow,USCRN,1115,7,3452,3425,-101.44,42.06000000000001,0.6048704051284367,-0.24316304819544632,0.848033453323883,0.7122419955222208,0.6304763255841953,0.08176566993802548,4.1,87.6,-83.5,83.5
Shallow,USCRN,1116,10,3584,3557,-93.28,41.55,0.837684870197343,0.7291676759527989,0.10851719424454409,0.8979838451786898,0.7997294314956883,0.09825441368300147,-1.3,-11.6,10.299999999999999,10.299999999999999
Shallow,USCRN,1117,3,3446,3419,-76.24,42.440000000000005,0.7340486162921008,0.33804250662416846,0.39600610966793237,0.9105729405592857,0.7237577821767494,0.18681515838253637,-7.2,7.4,-14.600000000000001,0.20000000000000018
Shallow,USCRN,1118,3,3417,3390,-73.74,41.78000000000001,0.7051225547333588,0.25530998865182,0.44981256608153886,0.8944894911149741,0.6057663465453739,0.28872314456960024,26.4,33.2,-6.800000000000004,6.800000000000004
Shallow,USCRN,1119,3,4921,4894,-85.96,34.28000000000001,0.8638126131268353,0.757393445964395,0.10641916716244038,0.9155007628949793,0.8425446434581246,0.07295611943685465,10.3,8.8,1.5,-1.5
Shallow,USCRN,1121,6,4441,4414,-85.13,36.01,0.6037058536651865,0.4721268498276011,0.13157900383758536,0.913559127906143,0.8420750972598552,0.07148403064628783,-14,-18.3,4.300000000000001,4.300000000000001
Shallow,USCRN,1122,7,4922,4895,-87.24,32.45,0.6354450723220019,0.4166908023643442,0.21875426995765768,0.8091762446426798,0.8025526918684156,0.006623552774264185,-10.8,-37.6,26.8,26.8
Shallow,USCRN,1123,6,3794,3793,-75.78,39.85000000000001,0.7582125102325339,0.5604903118795618,0.1977221983529721,0.8782652436160756,0.7326360996379971,0.14562914397807847,-8.6,1.3,-9.9,-7.3
Shallow,USCRN,1124,4,4523,4496,-87.87,30.54000000000001,0.6491350338734105,0.42968078217791283,0.2194542516954977,0.8429536901872178,0.6442622286982876,0.19869146148893013,31.2,42.6,-11.400000000000002,11.400000000000002
Shallow,USCRN,1125,1,2304,2277,-81.78,40.36,0.6704650090068855,0.5394390283824618,0.13102598062442372,0.8943847641345571,0.8219938576209769,0.07239090651358027,-15.6,-12,-3.5999999999999996,-3.5999999999999996
Shallow,USCRN,1129,5,4367,4340,-91.78,35.81999999999999,0.8219497364462028,0.640564457193884,0.18138527925231884,0.8606164974439174,0.64383356767575906,0.21678292976815838,-5,-4.8,-0.20000000000000018,-0.20000000000000018
Shallow,USCRN,1130,5,4518,4491,-100.24,32.04,0.29211571578965034,-0.19453131826377268,0.486647034053423,0.892854943791627,0.7738174275245319,0.11903751626709513,58.9,115,-56.1,56.1
Shallow,USCRN,1138,7,3586,3559,-106.52,35.85,0.635717977593271,0.41527605155026137,0.2204419260430096,0.8318029853540232,0.575177595194501,0.25662539015952224,-13.5,23.2,-36.7,9.7
Shallow,USCRN,1139,1,3073,3046,-103.37,46.89,0.5611860521953214,0.425793155947621,0.13539289624770035,0.7681656565384902,0.6218424694141321,0.1463231871243581,26,22.4,3.6000000000000014,-3.6000000000000014
Shallow,USCRN,1140,2,3051,3024,-103.3,45.51,0.60853969890666,0.47552714468475155,0.1330125542219085,0.7983689413137443,0.6547832063336555,0.14358573498008875,-20,-24.2,4.199999999999999,4.199999999999999
Shallow,USCRN,1141,5,4194,4167,-80.69,28.61,0.11853738677806025,0.16431630077589188,-0.04577891399783163,0.6781054157250253,0.4409624589619953,0.23714295676302993,-45.3,-31.5,-13.799999999999997,-13.799999999999997
Shallow,USCRN,1142,1,4403,4376,-93.14,39.86000000000001,0.6781027608066506,0.41811040424774526,0.2599923565589053,0.8820461665140077,0.8111026503289331,0.07094351618507455,-8.6,-33.8,25.199999999999996,25.199999999999996
Shallow,USCRN,1144,4,2922,2895,-108.66,42.67,0.8563848150031776,0.6641680370448502,0.19221677795832748,0.9203262598257639,0.7964376006206135,0.12388865920515035,-11,25.6,-36.6,14.600000000000001
Shallow,USCRN,1145,4,3962,3935,-119.64,44.55,0.629223033103665,-0.6629348954560363,1.2921579285597014,0.8273878640072567,0.7449761298150078,0.0824117341922489,31.2,155.4,-124.2,124.2
Shallow,USCRN,1231,6,3444,3417,-100.96,38.87,0.4710269307579833,0.3904051907829482,0.08062173997503508,0.7425796205911714,0.7036520946869589,0.03892752590421256,-31.7,-32.7,1.0000000000000036,1.0000000000000036
Shallow,USCRN,1232,8,3560,3533,-108.5,37.25,0.7773479667793719,0.636914203950705,0.14043376282866693,0.8440326942838495,0.6813621311845892,0.1626705630992603,-6.2,8.2,-14.399999999999999,1.9999999999999991
Shallow,USCRN,1233,6,4024,3997,-123.81,47.51,0.8221140493307671,-0.07904821068852486,0.901162260019292,0.8785875411712267,0.8673174542222689,0.011270086948957814,-7.5,106.9,-114.4,99.4
Shallow,USCRN,1234,10,4807,4780,-123.32,44.41,0.9111861509874106,0.7785740350705712,0.1326121159168394,0.9294625017329878,0.9087352511035713,0.020727250629416494,-4.3,-2.8,-1.5,-1.5
Shallow,USCRN,1235,1,2826,2799,-102.17,48.96,0.71255943545184,0.6790404424852003,0.03351899296663963,0.8131864025038681,0.7557506893071818,0.05743571319668628,9.2,-9.6,18.799999999999997,0.40000000000000036
Shallow,USCRN,1236,9,3418,3391,-100.35,44.01,0.6505882953614173,0.4424998794134357,0.20808841594798155,0.7340449751275854,0.6830314614476295,0.05101351367995588,-1.4,-18.8,17.400000000000002,17.400000000000002
Shallow,USCRN,1306,9,4659,4632,-103.2,29.34,0.7464447292164662,0.16139172536481405,0.5850530038516522,0.8299713916696876,0.7683286331868873,0.06164275848280032,-3.9,61.1,-65,57.2
Shallow,USCRN,1307,7,4651,4624,-106.74,32.61,0.8142130701676616,-0.1316821415711782,0.9458952117388398,0.8349522496980258,0.7125646143457375,0.12238763535228836,-5.4,102.8,-108.2,97.39999999999999
Shallow,USCRN,1346,10,4185,4158,-78.46,37.99,0.6414832118994738,0.4021697424981058,0.239313469401368,0.8442443752445117,0.7949851770684535,0.04925919817605817,-10.6,-5.3,-5.3,-5.3
Shallow,USCRN,1347,8,4588,4561,-79.09,35.97,0.8053072165169453,0.43960077942915465,0.3657064370877906,0.9050685404130497,0.7446048268550786,0.16046371355797118,1.5,15.8,-14.3,14.3
Shallow,USCRN,1386,8,4652,4625,-98.08,30.620000000000005,0.6916654820264998,0.5037604432091372,0.18790503881736265,0.8846219212677902,0.8945194629746736,-0.009897541706883395,-14,-22.7,8.7,8.7
Shallow,USCRN,1387,9,3420,3393,-96.82,28.299999999999997,0.23170882748565436,0.2624390764410004,-0.03073024895534604,0.5983139792506484,0.4940816659992687,0.10423231325137972,17.3,12.9,4.4,-4.4
Shallow,USCRN,1406,8,4763,4737,-91.72,37.63000000000001,0.8819196896975604,0.5577805915633071,0.32413909813425335,0.9034128065547566,0.7397258527711192,0.1636869537836374,5,12.3,-7.300000000000001,7.300000000000001
Shallow,USCRN,1407,5,4720,4693,-94.58,37.42,0.736324986273539,0.45846348443714724,0.2778615018363918,0.9049277433534965,0.8346368474418686,0.07029089591162785,-5.6,-20.2,14.6,14.6
Shallow,USCRN,1426,8,3093,3066,-84.72,44.9,0.8513878956633895,0.6167683431803672,0.23461955248302224,0.8896827267093413,0.754950418982358,0.1347323077269833,9.7,17.7,-8,8
Shallow,USCRN,1446,8,3239,3212,-99.12,45.71,0.6720013753595857,0.5662304955055226,0.10577087985406308,0.8610868219645679,0.7266916326284699,0.13439518933609795,17.7,-10.2,27.9,-7.5
Shallow,USCRN,1447,2,2797,2770,-92.99,46.11,0.7428296508961096,0.651195767093611,0.0916338838024986,0.8655565570584497,0.7157274838005634,0.1498290732578863,-5.7,13.3,-19,7.6000000000000005
Shallow,USCRN,1467,7,3320,3293,-117.52,47.41,0.7010193684508388,0.556519570887126,0.14449979756371278,0.9492940133016814,0.9295565307048355,0.019737482596845934,-15.8,22.5,-38.3,6.699999999999999
Shallow,USCRN,1468,2,2654,2627,-113,45.15,0.6310691292551132,0.6150596036519146,0.01600952560319857,0.8787804424333292,0.7388875954725683,0.13989284696076087,-28.1,-7.7,-20.400000000000002,-20.400000000000002
Shallow,USCRN,1487,3,2676,2649,-104.43,44.51,0.8182110702549634,0.5022277840416016,0.3159832862133618,0.8706624374354032,0.808165220651536,0.062497216783867215,-5.1,-6.5,1.4000000000000004,1.4000000000000004
Shallow,USCRN,1507,3,3107,3080,-112.54,41.60999999999999,0.4660166757586074,0.29466084239561263,0.17135583336299476,0.855398340584091,0.7518126845708288,0.1035856560132622,-16.8,36.3,-53.099999999999994,19.499999999999996
Shallow,USCRN,1508,3,3798,3771,-119.82,37.75,0.8925689084706998,0.04550375357391412,0.8470651548967857,0.9389787118636327,0.889289666956217,0.04968904490741566,8.5,92.1,-83.6,83.6
Shallow,USCRN,1510,9,4583,4556,-86.57,38.88000000000001,0.9120571786738888,0.5904796703295097,0.32157750834437915,0.9123703486990125,0.8203606440427409,0.09200970465627156,-0.6,-13.3,12.700000000000001,12.700000000000001
Shallow,USCRN,1528,10,4638,4611,-117.18999999999998,33.43,0.6887038721871952,0.6196754048758505,0.06902846731134471,0.9354964177392132,0.9168612920565434,0.018635125682669784,-30.4,-23.1,-7.299999999999997,-7.299999999999997
Shallow,USCRN,1530,5,3082,3060,-81.36,27.15,0.2829244408165067,-0.45144111708207624,0.7343655578985829,0.6138507629810367,0.5407785113877792,0.07307225159325748,-3,137.2,-140.2,134.2
Shallow,USCRN,1531,3,4079,4052,-123.07,38.31999999999999,0.763888693804405,0.35415864642253925,0.4097300473818658,0.9304430935374488,0.7926115454179664,0.1378315481194824,22,48.8,-26.799999999999997,26.799999999999997
Shallow,USCRN,1532,8,2718,2691,-119.63,41.84,0.619868543646955,0.6121791030305974,0.007689440616357568,0.8984930970133747,0.7830189226720955,0.11547417434127916,11.3,32.1,-20.8,20.8
Shallow,USCRN,1570,10,4782,4755,-89.43,34.82,0.6826383396647915,0.29070535013342025,0.39193298953137123,0.9214689952994701,0.7639553401723992,0.15751365512707094,-16.4,-27,10.600000000000001,10.600000000000001
Shallow,USCRN,1590,4,4259,4232,-114.18,32.83,0.43692955041452564,0.26058564571288745,0.1763439047016382,0.7022854538449532,0.6986196019573093,0.0036658518876439006,-23.9,57.4,-81.3,33.5
Shallow,USCRN,1611,1,2897,2870,-99.47,46.77,0.5527013073173697,0.655776874663422,-0.10307556734605239,0.8700717974346583,0.7805733038334232,0.08949849360123519,40.7,18.6,22.1,-22.1
Shallow,USCRN,1612,1,2977,2950,-110.28,46.88000000000001,0.84898553475124094,0.6563040785154827,0.19268145623575827,0.8707278446769376,0.690968456952084,0.17975938772485367,-4.7,14.7,-19.4,10
Shallow,USCRN,1613,2,4410,4383,-112.33,35.75,0.646975061962219,0.5749901285427848,0.07198493341943424,0.8529225407696459,0.7482169929032051,0.10470554786644082,-10.4,34.2,-44.6,23.800000000000004
Shallow,USCRN,1772,4,4108,4081,-101.6,36.56,0.3522096163494284,0.276626810098913,0.07558280625051539,0.7620023088453073,0.6215255638725219,0.1404767449727854,-35.9,-34.1,-1.7999999999999972,-1.7999999999999972
Shallow,USCRN,1797,2,2067,2067,-81.91,40.76,0.7233607295763241,0.57498649736813,0.14837423220819412,0.9459634602449025,0.8540568998667083,0.09190656037819422,-17.9,-25.6,7.700000000000003,7.700000000000003
